[Info] device: cuda
[Info] cfg saved: /mnt/synology/wen.zhou/2026.05/Coordinate_Attention/output/run_config.json
[Info] coord_attn: ON | coord_reduction: 32
[Info] agent_attn: ON | agent_bias: ON | agent_tokens: 16 | heads: 8
[Info] attn_order: coord_then_agent
[Train][Epoch 1/100][Iter 0/178] lr=0.025000, loss=1.62967, top1=0.25000, top2=0.56250, top4=1.00000
[Train][Epoch 1/100][Iter 1/178] lr=0.025000, loss=4.09986, top1=0.37500, top2=0.56250, top4=1.00000
[Train][Epoch 1/100][Iter 2/178] lr=0.025000, loss=2.55564, top1=0.12500, top2=0.25000, top4=1.00000
[Train][Epoch 1/100][Iter 3/178] lr=0.025000, loss=2.80740, top1=0.50000, top2=0.75000, top4=1.00000
[Train][Epoch 1/100][Iter 4/178] lr=0.025000, loss=4.17345, top1=0.50000, top2=0.56250, top4=1.00000
[Train][Epoch 1/100][Iter 5/178] lr=0.025000, loss=0.35998, top1=0.93750, top2=1.00000, top4=1.00000
[Train][Epoch 1/100][Iter 6/178] lr=0.025000, loss=0.74584, top1=0.87500, top2=1.00000, top4=1.00000
[Train][Epoch 1/100][Iter 7/178] lr=0.025000, loss=0.51804, top1=0.87500, top2=1.00000, top4=1.00000
[Train][Epoch 1/100][Iter 8/178] lr=0.025000, loss=1.43471, top1=0.75000, top2=0.87500, top4=1.00000
[Train][Epoch 1/100][Iter 9/178] lr=0.025000, loss=0.79190, top1=0.68750, top2=1.00000, top4=1.00000
[Train][Epoch 1/100][Iter 10/178] lr=0.025000, loss=0.02630, top1=1.00000, top2=1.00000, top4=1.00000
[Train][Epoch 1/100][Iter 11/178] lr=0.025000, loss=1.12150, top1=0.75000, top2=0.81250, top4=1.00000
[Train][Epoch 1/100][Iter 12/178] lr=0.025000, loss=3.66666, top1=0.62500, top2=0.75000, top4=1.00000
[Train][Epoch 1/100][Iter 13/178] lr=0.025000, loss=1.14176, top1=0.56250, top2=0.93750, top4=1.00000
[Train][Epoch 1/100][Iter 14/178] lr=0.025000, loss=2.80666, top1=0.62500, top2=0.75000, top4=1.00000
[Train][Epoch 1/100][Iter 15/178] lr=0.025000, loss=7.85004, top1=0.37500, top2=0.56250, top4=1.00000
[Train][Epoch 1/100][Iter 16/178] lr=0.025000, loss=2.16437, top1=0.62500, top2=0.81250, top4=1.00000
[Train][Epoch 1/100][Iter 17/178] lr=0.025000, loss=1.82691, top1=0.56250, top2=1.00000, top4=1.00000
[Train][Epoch 1/100][Iter 18/178] lr=0.025000, loss=2.34463, top1=0.37500, top2=0.62500, top4=1.00000
[Train][Epoch 1/100][Iter 19/178] lr=0.025000, loss=3.69036, top1=0.56250, top2=0.68750, top4=1.00000
[Train][Epoch 1/100][Iter 20/178] lr=0.025000, loss=0.88483, top1=0.81250, top2=0.93750, top4=1.00000
[Train][Epoch 1/100][Iter 21/178] lr=0.025000, loss=6.52128, top1=0.37500, top2=0.68750, top4=1.00000
[Train][Epoch 1/100][Iter 22/178] lr=0.025000, loss=5.92831, top1=0.37500, top2=0.43750, top4=1.00000
[Train][Epoch 1/100][Iter 23/178] lr=0.025000, loss=2.74559, top1=0.37500, top2=0.75000, top4=1.00000
[Train][Epoch 1/100][Iter 24/178] lr=0.025000, loss=2.80025, top1=0.25000, top2=0.87500, top4=1.00000
[Train][Epoch 1/100][Iter 25/178] lr=0.025000, loss=6.04438, top1=0.37500, top2=0.75000, top4=1.00000
[Train][Epoch 1/100][Iter 26/178] lr=0.025000, loss=4.86280, top1=0.56250, top2=0.68750, top4=1.00000
[Train][Epoch 1/100][Iter 27/178] lr=0.025000, loss=3.00260, top1=0.50000, top2=0.75000, top4=1.00000
[Train][Epoch 1/100][Iter 28/178] lr=0.025000, loss=4.72815, top1=0.18750, top2=0.31250, top4=1.00000
[Train][Epoch 1/100][Iter 29/178] lr=0.025000, loss=6.07415, top1=0.12500, top2=0.37500, top4=1.00000
[Train][Epoch 1/100][Iter 30/178] lr=0.025000, loss=2.88328, top1=0.43750, top2=0.81250, top4=1.00000
[Train][Epoch 1/100][Iter 31/178] lr=0.025000, loss=5.34346, top1=0.37500, top2=0.62500, top4=1.00000
[Train][Epoch 1/100][Iter 32/178] lr=0.025000, loss=3.74894, top1=0.37500, top2=0.62500, top4=1.00000
[Train][Epoch 1/100][Iter 33/178] lr=0.025000, loss=1.84288, top1=0.50000, top2=0.75000, top4=1.00000
[Train][Epoch 1/100][Iter 34/178] lr=0.025000, loss=2.25836, top1=0.56250, top2=0.68750, top4=1.00000
[Train][Epoch 1/100][Iter 35/178] lr=0.025000, loss=2.87685, top1=0.37500, top2=0.81250, top4=1.00000
[Train][Epoch 1/100][Iter 36/178] lr=0.025000, loss=3.37069, top1=0.31250, top2=0.68750, top4=1.00000
[Train][Epoch 1/100][Iter 37/178] lr=0.025000, loss=2.58140, top1=0.56250, top2=0.68750, top4=1.00000
[Train][Epoch 1/100][Iter 38/178] lr=0.025000, loss=1.92042, top1=0.62500, top2=0.81250, top4=1.00000
[Train][Epoch 1/100][Iter 39/178] lr=0.025000, loss=2.84374, top1=0.43750, top2=0.68750, top4=1.00000
[Train][Epoch 1/100][Iter 40/178] lr=0.025000, loss=0.66062, top1=0.75000, top2=0.87500, top4=1.00000
[Train][Epoch 1/100][Iter 41/178] lr=0.025000, loss=2.96578, top1=0.68750, top2=0.75000, top4=1.00000
[Train][Epoch 1/100][Iter 42/178] lr=0.025000, loss=3.14207, top1=0.56250, top2=0.81250, top4=1.00000
[Train][Epoch 1/100][Iter 43/178] lr=0.025000, loss=2.38342, top1=0.62500, top2=0.68750, top4=1.00000
[Train][Epoch 1/100][Iter 44/178] lr=0.025000, loss=1.48998, top1=0.56250, top2=0.93750, top4=1.00000
[Train][Epoch 1/100][Iter 45/178] lr=0.025000, loss=1.12264, top1=0.56250, top2=0.93750, top4=1.00000
[Train][Epoch 1/100][Iter 46/178] lr=0.025000, loss=4.08084, top1=0.37500, top2=0.62500, top4=1.00000
[Train][Epoch 1/100][Iter 47/178] lr=0.025000, loss=1.64201, top1=0.62500, top2=0.81250, top4=1.00000
[Train][Epoch 1/100][Iter 48/178] lr=0.025000, loss=1.57235, top1=0.62500, top2=0.87500, top4=1.00000
[Train][Epoch 1/100][Iter 49/178] lr=0.025000, loss=0.94191, top1=0.87500, top2=0.87500, top4=1.00000
[Train][Epoch 1/100][Iter 50/178] lr=0.025000, loss=1.64353, top1=0.68750, top2=0.87500, top4=1.00000
[Train][Epoch 1/100][Iter 51/178] lr=0.025000, loss=2.23181, top1=0.62500, top2=0.62500, top4=1.00000
[Train][Epoch 1/100][Iter 52/178] lr=0.025000, loss=0.86996, top1=0.75000, top2=1.00000, top4=1.00000
[Train][Epoch 1/100][Iter 53/178] lr=0.025000, loss=1.11998, top1=0.62500, top2=0.87500, top4=1.00000
[Train][Epoch 1/100][Iter 54/178] lr=0.025000, loss=1.66021, top1=0.50000, top2=0.93750, top4=1.00000
[Train][Epoch 1/100][Iter 55/178] lr=0.025000, loss=0.85911, top1=0.68750, top2=0.81250, top4=1.00000
[Train][Epoch 1/100][Iter 56/178] lr=0.025000, loss=2.44493, top1=0.62500, top2=0.75000, top4=1.00000
[Train][Epoch 1/100][Iter 57/178] lr=0.025000, loss=1.92723, top1=0.68750, top2=0.81250, top4=1.00000
[Train][Epoch 1/100][Iter 58/178] lr=0.025000, loss=1.65022, top1=0.43750, top2=0.81250, top4=1.00000
[Train][Epoch 1/100][Iter 59/178] lr=0.025000, loss=0.53840, top1=0.81250, top2=0.93750, top4=1.00000
[Train][Epoch 1/100][Iter 60/178] lr=0.025000, loss=1.73476, top1=0.75000, top2=0.81250, top4=1.00000
[Train][Epoch 1/100][Iter 61/178] lr=0.025000, loss=1.53908, top1=0.68750, top2=0.87500, top4=1.00000
[Train][Epoch 1/100][Iter 62/178] lr=0.025000, loss=1.09256, top1=0.81250, top2=0.87500, top4=1.00000
[Train][Epoch 1/100][Iter 63/178] lr=0.025000, loss=0.80703, top1=0.81250, top2=0.93750, top4=1.00000
[Train][Epoch 1/100][Iter 64/178] lr=0.025000, loss=0.30730, top1=0.81250, top2=0.93750, top4=1.00000
[Train][Epoch 1/100][Iter 65/178] lr=0.025000, loss=2.71731, top1=0.25000, top2=0.75000, top4=1.00000
[Train][Epoch 1/100][Iter 66/178] lr=0.025000, loss=0.91528, top1=0.68750, top2=0.87500, top4=1.00000
[Train][Epoch 1/100][Iter 67/178] lr=0.025000, loss=1.88865, top1=0.50000, top2=0.87500, top4=1.00000
[Train][Epoch 1/100][Iter 68/178] lr=0.025000, loss=1.35404, top1=0.68750, top2=0.81250, top4=1.00000
[Train][Epoch 1/100][Iter 69/178] lr=0.025000, loss=2.69234, top1=0.68750, top2=0.81250, top4=1.00000
[Train][Epoch 1/100][Iter 70/178] lr=0.025000, loss=0.82244, top1=0.81250, top2=0.93750, top4=1.00000
[Train][Epoch 1/100][Iter 71/178] lr=0.025000, loss=1.61958, top1=0.68750, top2=0.75000, top4=1.00000
[Train][Epoch 1/100][Iter 72/178] lr=0.025000, loss=1.28997, top1=0.68750, top2=0.81250, top4=1.00000
[Train][Epoch 1/100][Iter 73/178] lr=0.025000, loss=1.26526, top1=0.50000, top2=0.62500, top4=1.00000
[Train][Epoch 1/100][Iter 74/178] lr=0.025000, loss=1.90777, top1=0.62500, top2=0.75000, top4=1.00000
[Train][Epoch 1/100][Iter 75/178] lr=0.025000, loss=1.12411, top1=0.68750, top2=0.87500, top4=1.00000
[Train][Epoch 1/100][Iter 76/178] lr=0.025000, loss=1.54416, top1=0.50000, top2=0.87500, top4=1.00000
[Train][Epoch 1/100][Iter 77/178] lr=0.025000, loss=0.38245, top1=0.81250, top2=1.00000, top4=1.00000
[Train][Epoch 1/100][Iter 78/178] lr=0.025000, loss=1.29233, top1=0.68750, top2=0.75000, top4=1.00000
[Train][Epoch 1/100][Iter 79/178] lr=0.025000, loss=1.83228, top1=0.62500, top2=0.75000, top4=1.00000
[Train][Epoch 1/100][Iter 80/178] lr=0.025000, loss=0.84238, top1=0.81250, top2=0.81250, top4=1.00000
[Train][Epoch 1/100][Iter 81/178] lr=0.025000, loss=0.99594, top1=0.62500, top2=0.62500, top4=1.00000
[Train][Epoch 1/100][Iter 82/178] lr=0.025000, loss=0.89939, top1=0.62500, top2=0.93750, top4=1.00000
[Train][Epoch 1/100][Iter 83/178] lr=0.025000, loss=1.45019, top1=0.68750, top2=0.87500, top4=1.00000
[Train][Epoch 1/100][Iter 84/178] lr=0.025000, loss=2.59352, top1=0.50000, top2=0.68750, top4=1.00000
[Train][Epoch 1/100][Iter 85/178] lr=0.025000, loss=1.72003, top1=0.50000, top2=0.75000, top4=1.00000
[Train][Epoch 1/100][Iter 86/178] lr=0.025000, loss=2.81357, top1=0.37500, top2=0.75000, top4=1.00000
[Train][Epoch 1/100][Iter 87/178] lr=0.025000, loss=2.01441, top1=0.50000, top2=0.93750, top4=1.00000
[Train][Epoch 1/100][Iter 88/178] lr=0.025000, loss=2.47793, top1=0.31250, top2=0.87500, top4=1.00000
[Train][Epoch 1/100][Iter 89/178] lr=0.025000, loss=2.61424, top1=0.25000, top2=0.68750, top4=1.00000
[Train][Epoch 1/100][Iter 90/178] lr=0.025000, loss=1.71602, top1=0.43750, top2=0.87500, top4=1.00000
[Train][Epoch 1/100][Iter 91/178] lr=0.025000, loss=1.41417, top1=0.62500, top2=0.81250, top4=1.00000
[Train][Epoch 1/100][Iter 92/178] lr=0.025000, loss=0.56110, top1=0.87500, top2=0.87500, top4=1.00000
[Train][Epoch 1/100][Iter 93/178] lr=0.025000, loss=2.47817, top1=0.43750, top2=0.81250, top4=1.00000
[Train][Epoch 1/100][Iter 94/178] lr=0.025000, loss=5.16374, top1=0.37500, top2=0.62500, top4=1.00000
[Train][Epoch 1/100][Iter 95/178] lr=0.025000, loss=1.07808, top1=0.75000, top2=0.87500, top4=1.00000
[Train][Epoch 1/100][Iter 96/178] lr=0.025000, loss=1.40297, top1=0.68750, top2=0.81250, top4=1.00000
[Train][Epoch 1/100][Iter 97/178] lr=0.025000, loss=1.45669, top1=0.68750, top2=0.93750, top4=1.00000
[Train][Epoch 1/100][Iter 98/178] lr=0.025000, loss=1.01905, top1=0.75000, top2=0.93750, top4=1.00000
[Train][Epoch 1/100][Iter 99/178] lr=0.025000, loss=1.62643, top1=0.75000, top2=0.75000, top4=1.00000
[Train][Epoch 1/100][Iter 100/178] lr=0.025000, loss=3.59855, top1=0.37500, top2=0.68750, top4=1.00000
[Train][Epoch 1/100][Iter 101/178] lr=0.025000, loss=1.72246, top1=0.68750, top2=0.81250, top4=1.00000
[Train][Epoch 1/100][Iter 102/178] lr=0.025000, loss=1.32082, top1=0.62500, top2=0.75000, top4=1.00000
[Train][Epoch 1/100][Iter 103/178] lr=0.025000, loss=1.16932, top1=0.62500, top2=0.87500, top4=1.00000
[Train][Epoch 1/100][Iter 104/178] lr=0.025000, loss=1.56000, top1=0.68750, top2=0.75000, top4=1.00000
[Train][Epoch 1/100][Iter 105/178] lr=0.025000, loss=1.83767, top1=0.68750, top2=0.75000, top4=1.00000
[Train][Epoch 1/100][Iter 106/178] lr=0.025000, loss=1.60117, top1=0.56250, top2=0.62500, top4=1.00000
[Train][Epoch 1/100][Iter 107/178] lr=0.025000, loss=1.00928, top1=0.68750, top2=0.75000, top4=1.00000
[Train][Epoch 1/100][Iter 108/178] lr=0.025000, loss=0.66084, top1=0.81250, top2=1.00000, top4=1.00000
[Train][Epoch 1/100][Iter 109/178] lr=0.025000, loss=0.92833, top1=0.75000, top2=0.87500, top4=1.00000
[Train][Epoch 1/100][Iter 110/178] lr=0.025000, loss=0.34601, top1=0.93750, top2=0.93750, top4=1.00000
[Train][Epoch 1/100][Iter 111/178] lr=0.025000, loss=1.38523, top1=0.62500, top2=0.81250, top4=1.00000
[Train][Epoch 1/100][Iter 112/178] lr=0.025000, loss=0.83224, top1=0.68750, top2=0.93750, top4=1.00000
[Train][Epoch 1/100][Iter 113/178] lr=0.025000, loss=3.68926, top1=0.50000, top2=0.56250, top4=1.00000
[Train][Epoch 1/100][Iter 114/178] lr=0.025000, loss=1.49111, top1=0.62500, top2=0.68750, top4=1.00000
[Train][Epoch 1/100][Iter 115/178] lr=0.025000, loss=0.86460, top1=0.68750, top2=0.81250, top4=1.00000
[Train][Epoch 1/100][Iter 116/178] lr=0.025000, loss=1.62570, top1=0.56250, top2=0.87500, top4=1.00000
[Train][Epoch 1/100][Iter 117/178] lr=0.025000, loss=0.37459, top1=0.75000, top2=0.93750, top4=1.00000
[Train][Epoch 1/100][Iter 118/178] lr=0.025000, loss=0.91423, top1=0.68750, top2=0.93750, top4=1.00000
[Train][Epoch 1/100][Iter 119/178] lr=0.025000, loss=0.89704, top1=0.56250, top2=0.93750, top4=1.00000
[Train][Epoch 1/100][Iter 120/178] lr=0.025000, loss=1.49183, top1=0.50000, top2=0.75000, top4=1.00000
[Train][Epoch 1/100][Iter 121/178] lr=0.025000, loss=1.71724, top1=0.62500, top2=0.75000, top4=1.00000
[Train][Epoch 1/100][Iter 122/178] lr=0.025000, loss=1.12440, top1=0.68750, top2=0.81250, top4=1.00000
[Train][Epoch 1/100][Iter 123/178] lr=0.025000, loss=1.52399, top1=0.75000, top2=0.81250, top4=1.00000
[Train][Epoch 1/100][Iter 124/178] lr=0.025000, loss=0.54329, top1=0.56250, top2=1.00000, top4=1.00000
[Train][Epoch 1/100][Iter 125/178] lr=0.025000, loss=0.28070, top1=0.87500, top2=1.00000, top4=1.00000
[Train][Epoch 1/100][Iter 126/178] lr=0.025000, loss=0.58244, top1=0.75000, top2=0.93750, top4=1.00000
[Train][Epoch 1/100][Iter 127/178] lr=0.025000, loss=1.18883, top1=0.62500, top2=0.81250, top4=1.00000
[Train][Epoch 1/100][Iter 128/178] lr=0.025000, loss=0.72590, top1=0.68750, top2=0.93750, top4=1.00000
[Train][Epoch 1/100][Iter 129/178] lr=0.025000, loss=0.85240, top1=0.62500, top2=1.00000, top4=1.00000
[Train][Epoch 1/100][Iter 130/178] lr=0.025000, loss=0.65224, top1=0.75000, top2=1.00000, top4=1.00000
[Train][Epoch 1/100][Iter 131/178] lr=0.025000, loss=0.56664, top1=0.81250, top2=0.87500, top4=1.00000
[Train][Epoch 1/100][Iter 132/178] lr=0.025000, loss=0.40635, top1=0.81250, top2=1.00000, top4=1.00000
[Train][Epoch 1/100][Iter 133/178] lr=0.025000, loss=0.31586, top1=0.87500, top2=0.93750, top4=1.00000
[Train][Epoch 1/100][Iter 134/178] lr=0.025000, loss=0.37289, top1=0.75000, top2=1.00000, top4=1.00000
[Train][Epoch 1/100][Iter 135/178] lr=0.025000, loss=0.37035, top1=0.81250, top2=1.00000, top4=1.00000
[Train][Epoch 1/100][Iter 136/178] lr=0.025000, loss=1.48812, top1=0.62500, top2=0.87500, top4=1.00000
[Train][Epoch 1/100][Iter 137/178] lr=0.025000, loss=0.85539, top1=0.75000, top2=0.87500, top4=1.00000
[Train][Epoch 1/100][Iter 138/178] lr=0.025000, loss=0.29454, top1=0.81250, top2=1.00000, top4=1.00000
[Train][Epoch 1/100][Iter 139/178] lr=0.025000, loss=0.52978, top1=0.81250, top2=0.87500, top4=1.00000
[Train][Epoch 1/100][Iter 140/178] lr=0.025000, loss=0.99839, top1=0.62500, top2=0.87500, top4=1.00000
[Train][Epoch 1/100][Iter 141/178] lr=0.025000, loss=0.80842, top1=0.62500, top2=0.87500, top4=1.00000
[Train][Epoch 1/100][Iter 142/178] lr=0.025000, loss=1.32676, top1=0.68750, top2=0.93750, top4=1.00000
[Train][Epoch 1/100][Iter 143/178] lr=0.025000, loss=0.45138, top1=0.68750, top2=1.00000, top4=1.00000
[Train][Epoch 1/100][Iter 144/178] lr=0.025000, loss=0.52024, top1=0.75000, top2=1.00000, top4=1.00000
[Train][Epoch 1/100][Iter 145/178] lr=0.025000, loss=0.49335, top1=0.75000, top2=0.93750, top4=1.00000
[Train][Epoch 1/100][Iter 146/178] lr=0.025000, loss=0.15284, top1=0.93750, top2=1.00000, top4=1.00000
[Train][Epoch 1/100][Iter 147/178] lr=0.025000, loss=0.48775, top1=0.87500, top2=0.87500, top4=1.00000
[Train][Epoch 1/100][Iter 148/178] lr=0.025000, loss=1.20630, top1=0.43750, top2=0.75000, top4=1.00000
[Train][Epoch 1/100][Iter 149/178] lr=0.025000, loss=1.28687, top1=0.68750, top2=0.87500, top4=1.00000
[Train][Epoch 1/100][Iter 150/178] lr=0.025000, loss=0.30390, top1=0.93750, top2=0.93750, top4=1.00000
[Train][Epoch 1/100][Iter 151/178] lr=0.025000, loss=0.34403, top1=0.87500, top2=0.93750, top4=1.00000
[Train][Epoch 1/100][Iter 152/178] lr=0.025000, loss=1.16662, top1=0.75000, top2=0.87500, top4=1.00000
[Train][Epoch 1/100][Iter 153/178] lr=0.025000, loss=0.40067, top1=0.75000, top2=0.93750, top4=1.00000
[Train][Epoch 1/100][Iter 154/178] lr=0.025000, loss=1.50390, top1=0.68750, top2=0.87500, top4=1.00000
[Train][Epoch 1/100][Iter 155/178] lr=0.025000, loss=0.60085, top1=0.62500, top2=0.93750, top4=1.00000
[Train][Epoch 1/100][Iter 156/178] lr=0.025000, loss=0.41499, top1=0.93750, top2=1.00000, top4=1.00000
[Train][Epoch 1/100][Iter 157/178] lr=0.025000, loss=0.81397, top1=0.81250, top2=0.93750, top4=1.00000
[Train][Epoch 1/100][Iter 158/178] lr=0.025000, loss=0.91115, top1=0.75000, top2=0.93750, top4=1.00000
[Train][Epoch 1/100][Iter 159/178] lr=0.025000, loss=0.93102, top1=0.68750, top2=0.93750, top4=1.00000
[Train][Epoch 1/100][Iter 160/178] lr=0.025000, loss=0.44033, top1=0.87500, top2=0.87500, top4=1.00000
[Train][Epoch 1/100][Iter 161/178] lr=0.025000, loss=0.54750, top1=0.81250, top2=0.93750, top4=1.00000
[Train][Epoch 1/100][Iter 162/178] lr=0.025000, loss=0.91860, top1=0.68750, top2=0.81250, top4=1.00000
[Train][Epoch 1/100][Iter 163/178] lr=0.025000, loss=0.72310, top1=0.68750, top2=1.00000, top4=1.00000
[Train][Epoch 1/100][Iter 164/178] lr=0.025000, loss=1.22927, top1=0.56250, top2=0.87500, top4=1.00000
[Train][Epoch 1/100][Iter 165/178] lr=0.025000, loss=0.48381, top1=0.87500, top2=0.93750, top4=1.00000
[Train][Epoch 1/100][Iter 166/178] lr=0.025000, loss=0.07640, top1=1.00000, top2=1.00000, top4=1.00000
[Train][Epoch 1/100][Iter 167/178] lr=0.025000, loss=0.34565, top1=0.87500, top2=0.93750, top4=1.00000
[Train][Epoch 1/100][Iter 168/178] lr=0.025000, loss=0.62529, top1=0.68750, top2=0.93750, top4=1.00000
[Train][Epoch 1/100][Iter 169/178] lr=0.025000, loss=0.34010, top1=0.93750, top2=0.93750, top4=1.00000
[Train][Epoch 1/100][Iter 170/178] lr=0.025000, loss=0.48293, top1=0.87500, top2=0.87500, top4=1.00000
[Train][Epoch 1/100][Iter 171/178] lr=0.025000, loss=0.87638, top1=0.75000, top2=0.81250, top4=1.00000
[Train][Epoch 1/100][Iter 172/178] lr=0.025000, loss=0.65685, top1=0.75000, top2=0.93750, top4=1.00000
[Train][Epoch 1/100][Iter 173/178] lr=0.025000, loss=0.29505, top1=0.81250, top2=1.00000, top4=1.00000
[Train][Epoch 1/100][Iter 174/178] lr=0.025000, loss=0.69794, top1=0.75000, top2=0.87500, top4=1.00000
[Train][Epoch 1/100][Iter 175/178] lr=0.025000, loss=0.18891, top1=0.93750, top2=1.00000, top4=1.00000
[Train][Epoch 1/100][Iter 176/178] lr=0.025000, loss=0.33115, top1=0.87500, top2=0.93750, top4=1.00000
[Train][Epoch 1/100][Iter 177/178] lr=0.025000, loss=0.58252, top1=0.72727, top2=1.00000, top4=1.00000
[Info] epoch_time=4820.2s
[Eval][Epoch 1] loss=0.95629, top1=0.72191, top2=0.86938, top4=1.00000, time=1263.1s
[Info] saved /mnt/synology/wen.zhou/2026.05/Coordinate_Attention/output/best.pt (top1=0.72191)
[Train][Epoch 2/100][Iter 0/178] lr=0.025000, loss=0.94106, top1=0.68750, top2=0.81250, top4=1.00000
[Train][Epoch 2/100][Iter 1/178] lr=0.025000, loss=0.54683, top1=0.87500, top2=0.93750, top4=1.00000
[Train][Epoch 2/100][Iter 2/178] lr=0.025000, loss=0.27021, top1=0.93750, top2=1.00000, top4=1.00000
[Train][Epoch 2/100][Iter 3/178] lr=0.025000, loss=0.41961, top1=0.87500, top2=1.00000, top4=1.00000
[Train][Epoch 2/100][Iter 4/178] lr=0.025000, loss=0.42245, top1=0.75000, top2=0.93750, top4=1.00000
[Train][Epoch 2/100][Iter 5/178] lr=0.025000, loss=0.25031, top1=0.93750, top2=1.00000, top4=1.00000
[Train][Epoch 2/100][Iter 6/178] lr=0.025000, loss=0.15999, top1=1.00000, top2=1.00000, top4=1.00000
[Train][Epoch 2/100][Iter 7/178] lr=0.025000, loss=0.45837, top1=0.81250, top2=0.93750, top4=1.00000
[Train][Epoch 2/100][Iter 8/178] lr=0.025000, loss=0.25449, top1=0.87500, top2=0.93750, top4=1.00000
[Train][Epoch 2/100][Iter 9/178] lr=0.025000, loss=0.13980, top1=0.93750, top2=1.00000, top4=1.00000
[Train][Epoch 2/100][Iter 10/178] lr=0.025000, loss=0.61427, top1=0.75000, top2=0.93750, top4=1.00000
[Train][Epoch 2/100][Iter 11/178] lr=0.025000, loss=0.36689, top1=0.87500, top2=1.00000, top4=1.00000
[Train][Epoch 2/100][Iter 12/178] lr=0.025000, loss=0.59292, top1=0.75000, top2=1.00000, top4=1.00000
[Train][Epoch 2/100][Iter 13/178] lr=0.025000, loss=0.78462, top1=0.68750, top2=0.87500, top4=1.00000
[Train][Epoch 2/100][Iter 14/178] lr=0.025000, loss=0.42905, top1=0.87500, top2=1.00000, top4=1.00000
[Train][Epoch 2/100][Iter 15/178] lr=0.025000, loss=0.44789, top1=0.75000, top2=1.00000, top4=1.00000
[Train][Epoch 2/100][Iter 16/178] lr=0.025000, loss=0.55469, top1=0.75000, top2=0.93750, top4=1.00000
[Train][Epoch 2/100][Iter 17/178] lr=0.025000, loss=0.16448, top1=0.93750, top2=1.00000, top4=1.00000
[Train][Epoch 2/100][Iter 18/178] lr=0.025000, loss=0.20847, top1=0.93750, top2=1.00000, top4=1.00000
[Train][Epoch 2/100][Iter 19/178] lr=0.025000, loss=0.38889, top1=0.87500, top2=1.00000, top4=1.00000
[Train][Epoch 2/100][Iter 20/178] lr=0.025000, loss=0.54636, top1=0.75000, top2=0.87500, top4=1.00000
[Train][Epoch 2/100][Iter 21/178] lr=0.025000, loss=0.45966, top1=0.81250, top2=0.93750, top4=1.00000
[Train][Epoch 2/100][Iter 22/178] lr=0.025000, loss=0.59075, top1=0.81250, top2=0.93750, top4=1.00000
[Train][Epoch 2/100][Iter 23/178] lr=0.025000, loss=0.27133, top1=0.81250, top2=1.00000, top4=1.00000
[Train][Epoch 2/100][Iter 24/178] lr=0.025000, loss=0.19582, top1=0.87500, top2=1.00000, top4=1.00000
[Train][Epoch 2/100][Iter 25/178] lr=0.025000, loss=0.31625, top1=0.87500, top2=1.00000, top4=1.00000
[Train][Epoch 2/100][Iter 26/178] lr=0.025000, loss=0.17424, top1=1.00000, top2=1.00000, top4=1.00000
[Train][Epoch 2/100][Iter 27/178] lr=0.025000, loss=0.73919, top1=0.75000, top2=0.87500, top4=1.00000
[Train][Epoch 2/100][Iter 28/178] lr=0.025000, loss=0.88741, top1=0.68750, top2=0.87500, top4=1.00000
[Train][Epoch 2/100][Iter 29/178] lr=0.025000, loss=0.23860, top1=0.81250, top2=1.00000, top4=1.00000
[Train][Epoch 2/100][Iter 30/178] lr=0.025000, loss=0.33254, top1=0.93750, top2=0.93750, top4=1.00000
[Train][Epoch 2/100][Iter 31/178] lr=0.025000, loss=0.30787, top1=0.87500, top2=1.00000, top4=1.00000
[Train][Epoch 2/100][Iter 32/178] lr=0.025000, loss=0.34180, top1=0.93750, top2=0.93750, top4=1.00000
[Train][Epoch 2/100][Iter 33/178] lr=0.025000, loss=0.63035, top1=0.81250, top2=1.00000, top4=1.00000
[Train][Epoch 2/100][Iter 34/178] lr=0.025000, loss=0.42475, top1=0.81250, top2=1.00000, top4=1.00000
[Train][Epoch 2/100][Iter 35/178] lr=0.025000, loss=0.65212, top1=0.75000, top2=0.87500, top4=1.00000
[Train][Epoch 2/100][Iter 36/178] lr=0.025000, loss=0.23575, top1=0.87500, top2=1.00000, top4=1.00000
[Train][Epoch 2/100][Iter 37/178] lr=0.025000, loss=0.32626, top1=0.81250, top2=1.00000, top4=1.00000
[Train][Epoch 2/100][Iter 38/178] lr=0.025000, loss=0.24069, top1=0.87500, top2=1.00000, top4=1.00000
[Train][Epoch 2/100][Iter 39/178] lr=0.025000, loss=0.36181, top1=0.87500, top2=0.93750, top4=1.00000
[Train][Epoch 2/100][Iter 40/178] lr=0.025000, loss=1.03410, top1=0.68750, top2=0.81250, top4=1.00000
[Train][Epoch 2/100][Iter 41/178] lr=0.025000, loss=0.60353, top1=0.75000, top2=0.81250, top4=1.00000
[Train][Epoch 2/100][Iter 42/178] lr=0.025000, loss=0.57556, top1=0.87500, top2=1.00000, top4=1.00000
[Train][Epoch 2/100][Iter 43/178] lr=0.025000, loss=0.39098, top1=0.87500, top2=1.00000, top4=1.00000
[Train][Epoch 2/100][Iter 44/178] lr=0.025000, loss=0.48563, top1=0.81250, top2=0.93750, top4=1.00000
[Train][Epoch 2/100][Iter 45/178] lr=0.025000, loss=0.49812, top1=0.81250, top2=0.93750, top4=1.00000
[Train][Epoch 2/100][Iter 46/178] lr=0.025000, loss=0.39445, top1=0.93750, top2=0.93750, top4=1.00000
[Train][Epoch 2/100][Iter 47/178] lr=0.025000, loss=0.51831, top1=0.87500, top2=0.87500, top4=1.00000
[Train][Epoch 2/100][Iter 48/178] lr=0.025000, loss=0.45551, top1=0.87500, top2=0.93750, top4=1.00000
[Train][Epoch 2/100][Iter 49/178] lr=0.025000, loss=0.37281, top1=0.87500, top2=0.93750, top4=1.00000
[Train][Epoch 2/100][Iter 50/178] lr=0.025000, loss=0.45626, top1=0.81250, top2=0.93750, top4=1.00000
[Train][Epoch 2/100][Iter 51/178] lr=0.025000, loss=0.38423, top1=0.75000, top2=1.00000, top4=1.00000
[Train][Epoch 2/100][Iter 52/178] lr=0.025000, loss=0.57888, top1=0.81250, top2=1.00000, top4=1.00000
[Train][Epoch 2/100][Iter 53/178] lr=0.025000, loss=0.46422, top1=0.87500, top2=0.87500, top4=1.00000
[Train][Epoch 2/100][Iter 54/178] lr=0.025000, loss=0.28975, top1=0.93750, top2=1.00000, top4=1.00000
[Train][Epoch 2/100][Iter 55/178] lr=0.025000, loss=0.39321, top1=0.93750, top2=0.93750, top4=1.00000
[Train][Epoch 2/100][Iter 56/178] lr=0.025000, loss=0.67663, top1=0.75000, top2=0.87500, top4=1.00000
[Train][Epoch 2/100][Iter 57/178] lr=0.025000, loss=0.24542, top1=0.93750, top2=0.93750, top4=1.00000
[Train][Epoch 2/100][Iter 58/178] lr=0.025000, loss=0.37139, top1=0.81250, top2=0.93750, top4=1.00000
[Train][Epoch 2/100][Iter 59/178] lr=0.025000, loss=0.19070, top1=0.87500, top2=1.00000, top4=1.00000
[Train][Epoch 2/100][Iter 60/178] lr=0.025000, loss=0.19709, top1=0.93750, top2=1.00000, top4=1.00000
[Train][Epoch 2/100][Iter 61/178] lr=0.025000, loss=0.37124, top1=0.81250, top2=0.93750, top4=1.00000
[Train][Epoch 2/100][Iter 62/178] lr=0.025000, loss=0.33781, top1=0.81250, top2=1.00000, top4=1.00000
[Train][Epoch 2/100][Iter 63/178] lr=0.025000, loss=0.60459, top1=0.75000, top2=0.87500, top4=1.00000
[Train][Epoch 2/100][Iter 64/178] lr=0.025000, loss=0.29044, top1=0.93750, top2=1.00000, top4=1.00000
[Train][Epoch 2/100][Iter 65/178] lr=0.025000, loss=0.28107, top1=0.93750, top2=1.00000, top4=1.00000
[Train][Epoch 2/100][Iter 66/178] lr=0.025000, loss=0.68650, top1=0.56250, top2=1.00000, top4=1.00000
[Train][Epoch 2/100][Iter 67/178] lr=0.025000, loss=0.32231, top1=0.93750, top2=0.93750, top4=1.00000
[Train][Epoch 2/100][Iter 68/178] lr=0.025000, loss=0.69565, top1=0.68750, top2=0.93750, top4=1.00000
[Train][Epoch 2/100][Iter 69/178] lr=0.025000, loss=0.36550, top1=0.87500, top2=1.00000, top4=1.00000
[Train][Epoch 2/100][Iter 70/178] lr=0.025000, loss=0.34059, top1=0.81250, top2=1.00000, top4=1.00000
[Train][Epoch 2/100][Iter 71/178] lr=0.025000, loss=0.47736, top1=0.68750, top2=0.93750, top4=1.00000
[Train][Epoch 2/100][Iter 72/178] lr=0.025000, loss=0.40427, top1=0.75000, top2=0.93750, top4=1.00000
[Train][Epoch 2/100][Iter 73/178] lr=0.025000, loss=0.16969, top1=0.93750, top2=1.00000, top4=1.00000
[Train][Epoch 2/100][Iter 74/178] lr=0.025000, loss=0.61837, top1=0.81250, top2=1.00000, top4=1.00000
[Train][Epoch 2/100][Iter 75/178] lr=0.025000, loss=0.19310, top1=0.93750, top2=1.00000, top4=1.00000
[Train][Epoch 2/100][Iter 76/178] lr=0.025000, loss=0.48653, top1=0.81250, top2=0.87500, top4=1.00000
[Train][Epoch 2/100][Iter 77/178] lr=0.025000, loss=0.93941, top1=0.68750, top2=0.75000, top4=1.00000
[Train][Epoch 2/100][Iter 78/178] lr=0.025000, loss=0.32545, top1=0.93750, top2=0.93750, top4=1.00000
[Train][Epoch 2/100][Iter 79/178] lr=0.025000, loss=0.37255, top1=0.93750, top2=1.00000, top4=1.00000
[Train][Epoch 2/100][Iter 80/178] lr=0.025000, loss=0.26343, top1=0.87500, top2=1.00000, top4=1.00000
[Train][Epoch 2/100][Iter 81/178] lr=0.025000, loss=0.18194, top1=0.93750, top2=1.00000, top4=1.00000
[Train][Epoch 2/100][Iter 82/178] lr=0.025000, loss=0.58914, top1=0.75000, top2=0.93750, top4=1.00000
[Train][Epoch 2/100][Iter 83/178] lr=0.025000, loss=0.29925, top1=0.87500, top2=0.93750, top4=1.00000
[Train][Epoch 2/100][Iter 84/178] lr=0.025000, loss=0.96225, top1=0.62500, top2=0.75000, top4=1.00000
[Train][Epoch 2/100][Iter 85/178] lr=0.025000, loss=0.21749, top1=0.93750, top2=0.93750, top4=1.00000
[Train][Epoch 2/100][Iter 86/178] lr=0.025000, loss=0.50132, top1=0.75000, top2=0.93750, top4=1.00000
[Train][Epoch 2/100][Iter 87/178] lr=0.025000, loss=0.46150, top1=0.68750, top2=1.00000, top4=1.00000
[Train][Epoch 2/100][Iter 88/178] lr=0.025000, loss=2.80815, top1=0.43750, top2=0.81250, top4=1.00000
[Train][Epoch 2/100][Iter 89/178] lr=0.025000, loss=0.48402, top1=0.75000, top2=1.00000, top4=1.00000
[Train][Epoch 2/100][Iter 90/178] lr=0.025000, loss=0.37822, top1=0.81250, top2=0.93750, top4=1.00000
[Train][Epoch 2/100][Iter 91/178] lr=0.025000, loss=0.82026, top1=0.81250, top2=0.93750, top4=1.00000
[Train][Epoch 2/100][Iter 92/178] lr=0.025000, loss=0.55969, top1=0.87500, top2=0.93750, top4=1.00000
[Train][Epoch 2/100][Iter 93/178] lr=0.025000, loss=0.26010, top1=0.93750, top2=1.00000, top4=1.00000
[Train][Epoch 2/100][Iter 94/178] lr=0.025000, loss=0.24366, top1=0.87500, top2=1.00000, top4=1.00000
[Train][Epoch 2/100][Iter 95/178] lr=0.025000, loss=0.41640, top1=0.81250, top2=0.93750, top4=1.00000
[Train][Epoch 2/100][Iter 96/178] lr=0.025000, loss=0.29586, top1=0.87500, top2=1.00000, top4=1.00000
[Train][Epoch 2/100][Iter 97/178] lr=0.025000, loss=0.24260, top1=0.93750, top2=1.00000, top4=1.00000
[Train][Epoch 2/100][Iter 98/178] lr=0.025000, loss=0.65188, top1=0.75000, top2=0.87500, top4=1.00000
[Train][Epoch 2/100][Iter 99/178] lr=0.025000, loss=0.54186, top1=0.75000, top2=1.00000, top4=1.00000
[Train][Epoch 2/100][Iter 100/178] lr=0.025000, loss=0.20235, top1=0.87500, top2=1.00000, top4=1.00000
[Train][Epoch 2/100][Iter 101/178] lr=0.025000, loss=0.46695, top1=0.75000, top2=0.93750, top4=1.00000
[Train][Epoch 2/100][Iter 102/178] lr=0.025000, loss=0.39334, top1=0.75000, top2=1.00000, top4=1.00000
[Train][Epoch 2/100][Iter 103/178] lr=0.025000, loss=0.45472, top1=0.87500, top2=1.00000, top4=1.00000
[Train][Epoch 2/100][Iter 104/178] lr=0.025000, loss=0.22661, top1=0.93750, top2=1.00000, top4=1.00000
[Train][Epoch 2/100][Iter 105/178] lr=0.025000, loss=0.21976, top1=1.00000, top2=1.00000, top4=1.00000
[Train][Epoch 2/100][Iter 106/178] lr=0.025000, loss=0.81555, top1=0.75000, top2=0.87500, top4=1.00000
[Train][Epoch 2/100][Iter 107/178] lr=0.025000, loss=0.42082, top1=0.87500, top2=0.93750, top4=1.00000
[Train][Epoch 2/100][Iter 108/178] lr=0.025000, loss=0.19600, top1=0.87500, top2=1.00000, top4=1.00000
[Train][Epoch 2/100][Iter 109/178] lr=0.025000, loss=0.31417, top1=0.81250, top2=1.00000, top4=1.00000
[Train][Epoch 2/100][Iter 110/178] lr=0.025000, loss=0.35937, top1=0.81250, top2=1.00000, top4=1.00000
[Train][Epoch 2/100][Iter 111/178] lr=0.025000, loss=0.51731, top1=0.75000, top2=1.00000, top4=1.00000
[Train][Epoch 2/100][Iter 112/178] lr=0.025000, loss=0.27685, top1=0.93750, top2=0.93750, top4=1.00000
[Train][Epoch 2/100][Iter 113/178] lr=0.025000, loss=0.11222, top1=1.00000, top2=1.00000, top4=1.00000
[Train][Epoch 2/100][Iter 114/178] lr=0.025000, loss=0.08758, top1=1.00000, top2=1.00000, top4=1.00000
[Train][Epoch 2/100][Iter 115/178] lr=0.025000, loss=0.16913, top1=0.87500, top2=1.00000, top4=1.00000
[Train][Epoch 2/100][Iter 116/178] lr=0.025000, loss=0.30563, top1=0.93750, top2=0.93750, top4=1.00000
[Train][Epoch 2/100][Iter 117/178] lr=0.025000, loss=0.24219, top1=0.93750, top2=0.93750, top4=1.00000
[Train][Epoch 2/100][Iter 118/178] lr=0.025000, loss=0.93385, top1=0.56250, top2=0.87500, top4=1.00000
[Train][Epoch 2/100][Iter 119/178] lr=0.025000, loss=0.77011, top1=0.75000, top2=0.93750, top4=1.00000
[Train][Epoch 2/100][Iter 120/178] lr=0.025000, loss=0.13841, top1=1.00000, top2=1.00000, top4=1.00000
[Train][Epoch 2/100][Iter 121/178] lr=0.025000, loss=0.40056, top1=0.75000, top2=1.00000, top4=1.00000
[Train][Epoch 2/100][Iter 122/178] lr=0.025000, loss=0.41544, top1=0.81250, top2=1.00000, top4=1.00000
[Train][Epoch 2/100][Iter 123/178] lr=0.025000, loss=0.48111, top1=0.81250, top2=1.00000, top4=1.00000
[Train][Epoch 2/100][Iter 124/178] lr=0.025000, loss=0.22433, top1=0.87500, top2=1.00000, top4=1.00000
[Train][Epoch 2/100][Iter 125/178] lr=0.025000, loss=0.26054, top1=0.87500, top2=1.00000, top4=1.00000
[Train][Epoch 2/100][Iter 126/178] lr=0.025000, loss=0.21098, top1=0.93750, top2=1.00000, top4=1.00000
[Train][Epoch 2/100][Iter 127/178] lr=0.025000, loss=0.56217, top1=0.81250, top2=1.00000, top4=1.00000
[Train][Epoch 2/100][Iter 128/178] lr=0.025000, loss=0.46997, top1=0.81250, top2=0.93750, top4=1.00000
[Train][Epoch 2/100][Iter 129/178] lr=0.025000, loss=0.44632, top1=0.87500, top2=1.00000, top4=1.00000
[Train][Epoch 2/100][Iter 130/178] lr=0.025000, loss=0.32349, top1=0.87500, top2=0.93750, top4=1.00000
[Train][Epoch 2/100][Iter 131/178] lr=0.025000, loss=0.13981, top1=1.00000, top2=1.00000, top4=1.00000
[Train][Epoch 2/100][Iter 132/178] lr=0.025000, loss=0.49362, top1=0.75000, top2=1.00000, top4=1.00000
[Train][Epoch 2/100][Iter 133/178] lr=0.025000, loss=0.34717, top1=0.87500, top2=1.00000, top4=1.00000
[Train][Epoch 2/100][Iter 134/178] lr=0.025000, loss=0.67921, top1=0.75000, top2=0.81250, top4=1.00000
[Train][Epoch 2/100][Iter 135/178] lr=0.025000, loss=0.26087, top1=0.93750, top2=0.93750, top4=1.00000
[Train][Epoch 2/100][Iter 136/178] lr=0.025000, loss=0.49780, top1=0.75000, top2=0.93750, top4=1.00000
[Train][Epoch 2/100][Iter 137/178] lr=0.025000, loss=0.24685, top1=0.87500, top2=1.00000, top4=1.00000
[Train][Epoch 2/100][Iter 138/178] lr=0.025000, loss=1.08353, top1=0.56250, top2=0.87500, top4=1.00000
[Train][Epoch 2/100][Iter 139/178] lr=0.025000, loss=0.61911, top1=0.87500, top2=0.93750, top4=1.00000
[Train][Epoch 2/100][Iter 140/178] lr=0.025000, loss=0.59093, top1=0.75000, top2=0.93750, top4=1.00000
[Train][Epoch 2/100][Iter 141/178] lr=0.025000, loss=0.42544, top1=0.81250, top2=0.93750, top4=1.00000
[Train][Epoch 2/100][Iter 142/178] lr=0.025000, loss=0.76011, top1=0.68750, top2=0.93750, top4=1.00000
[Train][Epoch 2/100][Iter 143/178] lr=0.025000, loss=0.43738, top1=0.87500, top2=0.93750, top4=1.00000
[Train][Epoch 2/100][Iter 144/178] lr=0.025000, loss=0.11349, top1=1.00000, top2=1.00000, top4=1.00000
[Train][Epoch 2/100][Iter 145/178] lr=0.025000, loss=0.37096, top1=0.93750, top2=0.93750, top4=1.00000
[Train][Epoch 2/100][Iter 146/178] lr=0.025000, loss=1.21851, top1=0.62500, top2=0.93750, top4=1.00000
[Train][Epoch 2/100][Iter 147/178] lr=0.025000, loss=0.37858, top1=0.87500, top2=0.93750, top4=1.00000
[Train][Epoch 2/100][Iter 148/178] lr=0.025000, loss=0.34792, top1=0.87500, top2=1.00000, top4=1.00000
[Train][Epoch 2/100][Iter 149/178] lr=0.025000, loss=0.55702, top1=0.81250, top2=0.81250, top4=1.00000
[Train][Epoch 2/100][Iter 150/178] lr=0.025000, loss=0.28412, top1=0.87500, top2=0.93750, top4=1.00000
[Train][Epoch 2/100][Iter 151/178] lr=0.025000, loss=0.45883, top1=0.87500, top2=0.87500, top4=1.00000
[Train][Epoch 2/100][Iter 152/178] lr=0.025000, loss=0.25923, top1=0.93750, top2=1.00000, top4=1.00000
[Train][Epoch 2/100][Iter 153/178] lr=0.025000, loss=0.32190, top1=0.87500, top2=1.00000, top4=1.00000
[Train][Epoch 2/100][Iter 154/178] lr=0.025000, loss=0.35399, top1=0.81250, top2=1.00000, top4=1.00000
[Train][Epoch 2/100][Iter 155/178] lr=0.025000, loss=0.27781, top1=0.93750, top2=1.00000, top4=1.00000
[Train][Epoch 2/100][Iter 156/178] lr=0.025000, loss=0.19417, top1=0.87500, top2=1.00000, top4=1.00000
[Train][Epoch 2/100][Iter 157/178] lr=0.025000, loss=0.60028, top1=0.68750, top2=0.93750, top4=1.00000
[Train][Epoch 2/100][Iter 158/178] lr=0.025000, loss=0.50618, top1=0.81250, top2=0.93750, top4=1.00000
[Train][Epoch 2/100][Iter 159/178] lr=0.025000, loss=0.46564, top1=0.75000, top2=0.87500, top4=1.00000
[Train][Epoch 2/100][Iter 160/178] lr=0.025000, loss=0.25995, top1=0.93750, top2=1.00000, top4=1.00000
[Train][Epoch 2/100][Iter 161/178] lr=0.025000, loss=0.35764, top1=0.81250, top2=1.00000, top4=1.00000
[Train][Epoch 2/100][Iter 162/178] lr=0.025000, loss=0.62161, top1=0.75000, top2=0.87500, top4=1.00000
[Train][Epoch 2/100][Iter 163/178] lr=0.025000, loss=0.59192, top1=0.75000, top2=0.87500, top4=1.00000
[Train][Epoch 2/100][Iter 164/178] lr=0.025000, loss=0.64457, top1=0.68750, top2=0.93750, top4=1.00000
[Train][Epoch 2/100][Iter 165/178] lr=0.025000, loss=0.58371, top1=0.81250, top2=0.93750, top4=1.00000
[Train][Epoch 2/100][Iter 166/178] lr=0.025000, loss=0.32582, top1=0.81250, top2=0.93750, top4=1.00000
[Train][Epoch 2/100][Iter 167/178] lr=0.025000, loss=0.62304, top1=0.68750, top2=0.87500, top4=1.00000
[Train][Epoch 2/100][Iter 168/178] lr=0.025000, loss=0.57706, top1=0.75000, top2=0.81250, top4=1.00000
[Train][Epoch 2/100][Iter 169/178] lr=0.025000, loss=0.12963, top1=1.00000, top2=1.00000, top4=1.00000
[Train][Epoch 2/100][Iter 170/178] lr=0.025000, loss=1.04295, top1=0.50000, top2=0.81250, top4=1.00000
[Train][Epoch 2/100][Iter 171/178] lr=0.025000, loss=0.06788, top1=1.00000, top2=1.00000, top4=1.00000
[Train][Epoch 2/100][Iter 172/178] lr=0.025000, loss=0.33632, top1=0.87500, top2=1.00000, top4=1.00000
[Train][Epoch 2/100][Iter 173/178] lr=0.025000, loss=0.22095, top1=0.87500, top2=1.00000, top4=1.00000
[Train][Epoch 2/100][Iter 174/178] lr=0.025000, loss=0.33563, top1=0.81250, top2=1.00000, top4=1.00000
[Train][Epoch 2/100][Iter 175/178] lr=0.025000, loss=0.69711, top1=0.81250, top2=0.93750, top4=1.00000
[Train][Epoch 2/100][Iter 176/178] lr=0.025000, loss=0.29074, top1=0.93750, top2=1.00000, top4=1.00000
[Train][Epoch 2/100][Iter 177/178] lr=0.025000, loss=0.66519, top1=0.63636, top2=0.81818, top4=1.00000
[Info] epoch_time=4925.3s
[Eval][Epoch 2] loss=0.43310, top1=0.84270, top2=0.96489, top4=1.00000, time=1242.0s
[Info] saved /mnt/synology/wen.zhou/2026.05/Coordinate_Attention/output/best.pt (top1=0.84270)
[Train][Epoch 3/100][Iter 0/178] lr=0.025000, loss=0.05423, top1=1.00000, top2=1.00000, top4=1.00000
[Train][Epoch 3/100][Iter 1/178] lr=0.025000, loss=0.40677, top1=0.75000, top2=0.93750, top4=1.00000
[Train][Epoch 3/100][Iter 2/178] lr=0.025000, loss=0.13606, top1=1.00000, top2=1.00000, top4=1.00000
[Train][Epoch 3/100][Iter 3/178] lr=0.025000, loss=0.11997, top1=1.00000, top2=1.00000, top4=1.00000
[Train][Epoch 3/100][Iter 4/178] lr=0.025000, loss=0.67035, top1=0.81250, top2=1.00000, top4=1.00000
[Train][Epoch 3/100][Iter 5/178] lr=0.025000, loss=0.46120, top1=0.87500, top2=1.00000, top4=1.00000
[Train][Epoch 3/100][Iter 6/178] lr=0.025000, loss=0.21648, top1=0.87500, top2=1.00000, top4=1.00000
[Train][Epoch 3/100][Iter 7/178] lr=0.025000, loss=0.38107, top1=0.87500, top2=0.93750, top4=1.00000
[Train][Epoch 3/100][Iter 8/178] lr=0.025000, loss=0.13730, top1=1.00000, top2=1.00000, top4=1.00000
[Train][Epoch 3/100][Iter 9/178] lr=0.025000, loss=0.69745, top1=0.56250, top2=1.00000, top4=1.00000
[Train][Epoch 3/100][Iter 10/178] lr=0.025000, loss=0.30519, top1=0.81250, top2=1.00000, top4=1.00000
[Train][Epoch 3/100][Iter 11/178] lr=0.025000, loss=0.99424, top1=0.68750, top2=0.87500, top4=1.00000
[Train][Epoch 3/100][Iter 12/178] lr=0.025000, loss=0.33380, top1=0.93750, top2=1.00000, top4=1.00000
[Train][Epoch 3/100][Iter 13/178] lr=0.025000, loss=0.38824, top1=0.87500, top2=0.93750, top4=1.00000
[Train][Epoch 3/100][Iter 14/178] lr=0.025000, loss=0.64092, top1=0.68750, top2=0.93750, top4=1.00000
[Train][Epoch 3/100][Iter 15/178] lr=0.025000, loss=0.46540, top1=0.75000, top2=1.00000, top4=1.00000
[Train][Epoch 3/100][Iter 16/178] lr=0.025000, loss=0.37465, top1=0.93750, top2=0.93750, top4=1.00000
[Train][Epoch 3/100][Iter 17/178] lr=0.025000, loss=0.21758, top1=1.00000, top2=1.00000, top4=1.00000
[Train][Epoch 3/100][Iter 18/178] lr=0.025000, loss=0.13026, top1=0.93750, top2=1.00000, top4=1.00000
[Train][Epoch 3/100][Iter 19/178] lr=0.025000, loss=0.28723, top1=0.93750, top2=1.00000, top4=1.00000
[Train][Epoch 3/100][Iter 20/178] lr=0.025000, loss=0.12459, top1=1.00000, top2=1.00000, top4=1.00000
[Train][Epoch 3/100][Iter 21/178] lr=0.025000, loss=0.35226, top1=0.87500, top2=0.93750, top4=1.00000
[Train][Epoch 3/100][Iter 22/178] lr=0.025000, loss=0.48115, top1=0.68750, top2=0.81250, top4=1.00000
[Train][Epoch 3/100][Iter 23/178] lr=0.025000, loss=0.71307, top1=0.75000, top2=0.87500, top4=1.00000
[Train][Epoch 3/100][Iter 24/178] lr=0.025000, loss=0.44097, top1=0.87500, top2=1.00000, top4=1.00000
[Train][Epoch 3/100][Iter 25/178] lr=0.025000, loss=0.22569, top1=0.93750, top2=1.00000, top4=1.00000
[Train][Epoch 3/100][Iter 26/178] lr=0.025000, loss=0.65941, top1=0.62500, top2=0.93750, top4=1.00000
[Train][Epoch 3/100][Iter 27/178] lr=0.025000, loss=0.46957, top1=0.81250, top2=0.93750, top4=1.00000
[Train][Epoch 3/100][Iter 28/178] lr=0.025000, loss=0.38243, top1=0.81250, top2=0.93750, top4=1.00000
[Train][Epoch 3/100][Iter 29/178] lr=0.025000, loss=0.14017, top1=1.00000, top2=1.00000, top4=1.00000
[Train][Epoch 3/100][Iter 30/178] lr=0.025000, loss=0.83208, top1=0.87500, top2=0.87500, top4=1.00000
[Train][Epoch 3/100][Iter 31/178] lr=0.025000, loss=0.15495, top1=0.93750, top2=1.00000, top4=1.00000
[Train][Epoch 3/100][Iter 32/178] lr=0.025000, loss=0.15144, top1=0.93750, top2=1.00000, top4=1.00000
[Train][Epoch 3/100][Iter 33/178] lr=0.025000, loss=0.31570, top1=0.87500, top2=1.00000, top4=1.00000
[Train][Epoch 3/100][Iter 34/178] lr=0.025000, loss=0.36912, top1=0.81250, top2=1.00000, top4=1.00000
[Train][Epoch 3/100][Iter 35/178] lr=0.025000, loss=0.43832, top1=0.75000, top2=1.00000, top4=1.00000
[Train][Epoch 3/100][Iter 36/178] lr=0.025000, loss=0.59584, top1=0.81250, top2=1.00000, top4=1.00000
[Train][Epoch 3/100][Iter 37/178] lr=0.025000, loss=0.37837, top1=0.81250, top2=0.93750, top4=1.00000
[Train][Epoch 3/100][Iter 38/178] lr=0.025000, loss=0.22682, top1=0.93750, top2=1.00000, top4=1.00000
[Train][Epoch 3/100][Iter 39/178] lr=0.025000, loss=0.07746, top1=1.00000, top2=1.00000, top4=1.00000
[Train][Epoch 3/100][Iter 40/178] lr=0.025000, loss=0.43618, top1=0.81250, top2=0.93750, top4=1.00000
[Train][Epoch 3/100][Iter 41/178] lr=0.025000, loss=0.49588, top1=0.87500, top2=0.93750, top4=1.00000
[Train][Epoch 3/100][Iter 42/178] lr=0.025000, loss=0.55335, top1=0.81250, top2=0.93750, top4=1.00000
[Train][Epoch 3/100][Iter 43/178] lr=0.025000, loss=0.73263, top1=0.87500, top2=1.00000, top4=1.00000
[Train][Epoch 3/100][Iter 44/178] lr=0.025000, loss=0.15448, top1=0.93750, top2=1.00000, top4=1.00000
[Train][Epoch 3/100][Iter 45/178] lr=0.025000, loss=0.97690, top1=0.56250, top2=0.87500, top4=1.00000
[Train][Epoch 3/100][Iter 46/178] lr=0.025000, loss=0.16302, top1=0.93750, top2=1.00000, top4=1.00000
[Train][Epoch 3/100][Iter 47/178] lr=0.025000, loss=0.05820, top1=1.00000, top2=1.00000, top4=1.00000
[Train][Epoch 3/100][Iter 48/178] lr=0.025000, loss=0.43374, top1=0.81250, top2=0.93750, top4=1.00000
[Train][Epoch 3/100][Iter 49/178] lr=0.025000, loss=0.63587, top1=0.68750, top2=0.87500, top4=1.00000
[Train][Epoch 3/100][Iter 50/178] lr=0.025000, loss=0.24278, top1=0.81250, top2=1.00000, top4=1.00000
[Train][Epoch 3/100][Iter 51/178] lr=0.025000, loss=0.43455, top1=0.87500, top2=0.93750, top4=1.00000
[Train][Epoch 3/100][Iter 52/178] lr=0.025000, loss=0.39706, top1=0.87500, top2=0.87500, top4=1.00000
[Train][Epoch 3/100][Iter 53/178] lr=0.025000, loss=0.32571, top1=0.81250, top2=0.93750, top4=1.00000
[Train][Epoch 3/100][Iter 54/178] lr=0.025000, loss=0.53922, top1=0.62500, top2=1.00000, top4=1.00000
[Train][Epoch 3/100][Iter 55/178] lr=0.025000, loss=0.24738, top1=0.81250, top2=1.00000, top4=1.00000
[Train][Epoch 3/100][Iter 56/178] lr=0.025000, loss=0.62484, top1=0.62500, top2=0.93750, top4=1.00000
[Train][Epoch 3/100][Iter 57/178] lr=0.025000, loss=0.09024, top1=1.00000, top2=1.00000, top4=1.00000
[Train][Epoch 3/100][Iter 58/178] lr=0.025000, loss=0.07366, top1=1.00000, top2=1.00000, top4=1.00000
[Train][Epoch 3/100][Iter 59/178] lr=0.025000, loss=0.67063, top1=0.81250, top2=0.93750, top4=1.00000
[Train][Epoch 3/100][Iter 60/178] lr=0.025000, loss=0.15030, top1=0.93750, top2=1.00000, top4=1.00000
[Train][Epoch 3/100][Iter 61/178] lr=0.025000, loss=0.15450, top1=0.93750, top2=1.00000, top4=1.00000
[Train][Epoch 3/100][Iter 62/178] lr=0.025000, loss=0.27017, top1=0.81250, top2=1.00000, top4=1.00000
[Train][Epoch 3/100][Iter 63/178] lr=0.025000, loss=0.57186, top1=0.68750, top2=1.00000, top4=1.00000
[Train][Epoch 3/100][Iter 64/178] lr=0.025000, loss=0.13729, top1=1.00000, top2=1.00000, top4=1.00000
[Train][Epoch 3/100][Iter 65/178] lr=0.025000, loss=0.13264, top1=0.93750, top2=1.00000, top4=1.00000
[Train][Epoch 3/100][Iter 66/178] lr=0.025000, loss=0.47092, top1=0.75000, top2=1.00000, top4=1.00000
[Train][Epoch 3/100][Iter 67/178] lr=0.025000, loss=0.18625, top1=0.93750, top2=1.00000, top4=1.00000
[Train][Epoch 3/100][Iter 68/178] lr=0.025000, loss=0.48736, top1=0.87500, top2=1.00000, top4=1.00000
[Train][Epoch 3/100][Iter 69/178] lr=0.025000, loss=0.15294, top1=0.93750, top2=1.00000, top4=1.00000
[Train][Epoch 3/100][Iter 70/178] lr=0.025000, loss=0.41462, top1=0.87500, top2=1.00000, top4=1.00000
[Train][Epoch 3/100][Iter 71/178] lr=0.025000, loss=0.08863, top1=1.00000, top2=1.00000, top4=1.00000
[Train][Epoch 3/100][Iter 72/178] lr=0.025000, loss=0.28065, top1=0.87500, top2=1.00000, top4=1.00000
[Train][Epoch 3/100][Iter 73/178] lr=0.025000, loss=0.25812, top1=0.93750, top2=1.00000, top4=1.00000
[Train][Epoch 3/100][Iter 74/178] lr=0.025000, loss=0.23585, top1=0.93750, top2=1.00000, top4=1.00000
[Train][Epoch 3/100][Iter 75/178] lr=0.025000, loss=0.15076, top1=0.93750, top2=1.00000, top4=1.00000
[Train][Epoch 3/100][Iter 76/178] lr=0.025000, loss=0.09292, top1=1.00000, top2=1.00000, top4=1.00000
[Train][Epoch 3/100][Iter 77/178] lr=0.025000, loss=0.31743, top1=0.93750, top2=0.93750, top4=1.00000
[Train][Epoch 3/100][Iter 78/178] lr=0.025000, loss=0.39415, top1=0.87500, top2=0.93750, top4=1.00000
[Train][Epoch 3/100][Iter 79/178] lr=0.025000, loss=0.07310, top1=1.00000, top2=1.00000, top4=1.00000
[Train][Epoch 3/100][Iter 80/178] lr=0.025000, loss=0.77269, top1=0.62500, top2=0.87500, top4=1.00000
[Train][Epoch 3/100][Iter 81/178] lr=0.025000, loss=0.12696, top1=1.00000, top2=1.00000, top4=1.00000
[Train][Epoch 3/100][Iter 82/178] lr=0.025000, loss=0.13793, top1=0.93750, top2=1.00000, top4=1.00000
[Train][Epoch 3/100][Iter 83/178] lr=0.025000, loss=0.20423, top1=0.87500, top2=0.93750, top4=1.00000
[Train][Epoch 3/100][Iter 84/178] lr=0.025000, loss=0.32075, top1=0.81250, top2=1.00000, top4=1.00000
[Train][Epoch 3/100][Iter 85/178] lr=0.025000, loss=0.39127, top1=0.93750, top2=0.93750, top4=1.00000
[Train][Epoch 3/100][Iter 86/178] lr=0.025000, loss=0.29996, top1=0.93750, top2=1.00000, top4=1.00000
[Train][Epoch 3/100][Iter 87/178] lr=0.025000, loss=0.37487, top1=0.81250, top2=1.00000, top4=1.00000
[Train][Epoch 3/100][Iter 88/178] lr=0.025000, loss=0.33262, top1=0.81250, top2=1.00000, top4=1.00000
[Train][Epoch 3/100][Iter 89/178] lr=0.025000, loss=0.23303, top1=0.87500, top2=1.00000, top4=1.00000
[Train][Epoch 3/100][Iter 90/178] lr=0.025000, loss=0.56932, top1=0.87500, top2=1.00000, top4=1.00000
[Train][Epoch 3/100][Iter 91/178] lr=0.025000, loss=0.44904, top1=0.81250, top2=0.93750, top4=1.00000
[Train][Epoch 3/100][Iter 92/178] lr=0.025000, loss=0.39775, top1=0.81250, top2=1.00000, top4=1.00000
[Train][Epoch 3/100][Iter 93/178] lr=0.025000, loss=0.51693, top1=0.68750, top2=0.87500, top4=1.00000
[Train][Epoch 3/100][Iter 94/178] lr=0.025000, loss=0.12705, top1=0.93750, top2=1.00000, top4=1.00000
[Train][Epoch 3/100][Iter 95/178] lr=0.025000, loss=0.16122, top1=1.00000, top2=1.00000, top4=1.00000
[Train][Epoch 3/100][Iter 96/178] lr=0.025000, loss=0.18544, top1=1.00000, top2=1.00000, top4=1.00000
[Train][Epoch 3/100][Iter 97/178] lr=0.025000, loss=0.14426, top1=1.00000, top2=1.00000, top4=1.00000
[Train][Epoch 3/100][Iter 98/178] lr=0.025000, loss=0.59012, top1=0.75000, top2=0.93750, top4=1.00000
[Train][Epoch 3/100][Iter 99/178] lr=0.025000, loss=0.27523, top1=0.87500, top2=1.00000, top4=1.00000
[Train][Epoch 3/100][Iter 100/178] lr=0.025000, loss=0.15315, top1=0.93750, top2=1.00000, top4=1.00000
[Train][Epoch 3/100][Iter 101/178] lr=0.025000, loss=0.63562, top1=0.81250, top2=0.87500, top4=1.00000
[Train][Epoch 3/100][Iter 102/178] lr=0.025000, loss=0.24103, top1=0.93750, top2=1.00000, top4=1.00000
[Train][Epoch 3/100][Iter 103/178] lr=0.025000, loss=0.39550, top1=0.81250, top2=1.00000, top4=1.00000
[Train][Epoch 3/100][Iter 104/178] lr=0.025000, loss=0.17563, top1=1.00000, top2=1.00000, top4=1.00000
[Train][Epoch 3/100][Iter 105/178] lr=0.025000, loss=0.22598, top1=0.93750, top2=1.00000, top4=1.00000
[Train][Epoch 3/100][Iter 106/178] lr=0.025000, loss=0.25807, top1=0.93750, top2=0.93750, top4=1.00000
[Train][Epoch 3/100][Iter 107/178] lr=0.025000, loss=0.45457, top1=0.75000, top2=1.00000, top4=1.00000
[Train][Epoch 3/100][Iter 108/178] lr=0.025000, loss=0.25970, top1=0.87500, top2=1.00000, top4=1.00000
[Train][Epoch 3/100][Iter 109/178] lr=0.025000, loss=0.35308, top1=0.81250, top2=1.00000, top4=1.00000
[Train][Epoch 3/100][Iter 110/178] lr=0.025000, loss=0.19041, top1=0.87500, top2=1.00000, top4=1.00000
[Train][Epoch 3/100][Iter 111/178] lr=0.025000, loss=0.50856, top1=0.81250, top2=0.93750, top4=1.00000
[Train][Epoch 3/100][Iter 112/178] lr=0.025000, loss=0.24262, top1=0.87500, top2=1.00000, top4=1.00000
[Train][Epoch 3/100][Iter 113/178] lr=0.025000, loss=0.21785, top1=0.93750, top2=1.00000, top4=1.00000
[Train][Epoch 3/100][Iter 114/178] lr=0.025000, loss=0.33445, top1=0.75000, top2=0.93750, top4=1.00000
[Train][Epoch 3/100][Iter 115/178] lr=0.025000, loss=0.14650, top1=1.00000, top2=1.00000, top4=1.00000
[Train][Epoch 3/100][Iter 116/178] lr=0.025000, loss=0.22712, top1=0.93750, top2=1.00000, top4=1.00000
[Train][Epoch 3/100][Iter 117/178] lr=0.025000, loss=0.14952, top1=0.93750, top2=1.00000, top4=1.00000
[Train][Epoch 3/100][Iter 118/178] lr=0.025000, loss=0.43358, top1=0.75000, top2=0.87500, top4=1.00000
[Train][Epoch 3/100][Iter 119/178] lr=0.025000, loss=0.33403, top1=0.87500, top2=1.00000, top4=1.00000
[Train][Epoch 3/100][Iter 120/178] lr=0.025000, loss=0.17437, top1=0.93750, top2=1.00000, top4=1.00000
[Train][Epoch 3/100][Iter 121/178] lr=0.025000, loss=0.80920, top1=0.68750, top2=1.00000, top4=1.00000
[Train][Epoch 3/100][Iter 122/178] lr=0.025000, loss=0.19183, top1=0.93750, top2=1.00000, top4=1.00000
[Train][Epoch 3/100][Iter 123/178] lr=0.025000, loss=0.34330, top1=0.87500, top2=1.00000, top4=1.00000
[Train][Epoch 3/100][Iter 124/178] lr=0.025000, loss=0.39510, top1=0.81250, top2=1.00000, top4=1.00000
[Train][Epoch 3/100][Iter 125/178] lr=0.025000, loss=0.21526, top1=0.93750, top2=1.00000, top4=1.00000
[Train][Epoch 3/100][Iter 126/178] lr=0.025000, loss=0.50046, top1=0.81250, top2=0.93750, top4=1.00000
[Train][Epoch 3/100][Iter 127/178] lr=0.025000, loss=0.42916, top1=0.81250, top2=1.00000, top4=1.00000
[Train][Epoch 3/100][Iter 128/178] lr=0.025000, loss=0.30232, top1=0.87500, top2=1.00000, top4=1.00000
[Train][Epoch 3/100][Iter 129/178] lr=0.025000, loss=0.34270, top1=0.87500, top2=1.00000, top4=1.00000
[Train][Epoch 3/100][Iter 130/178] lr=0.025000, loss=0.11830, top1=1.00000, top2=1.00000, top4=1.00000
[Train][Epoch 3/100][Iter 131/178] lr=0.025000, loss=0.35618, top1=0.93750, top2=0.93750, top4=1.00000
[Train][Epoch 3/100][Iter 132/178] lr=0.025000, loss=0.26901, top1=0.93750, top2=1.00000, top4=1.00000
[Train][Epoch 3/100][Iter 133/178] lr=0.025000, loss=0.56053, top1=0.68750, top2=0.93750, top4=1.00000
[Train][Epoch 3/100][Iter 134/178] lr=0.025000, loss=0.10980, top1=1.00000, top2=1.00000, top4=1.00000
[Train][Epoch 3/100][Iter 135/178] lr=0.025000, loss=0.14376, top1=1.00000, top2=1.00000, top4=1.00000
[Train][Epoch 3/100][Iter 136/178] lr=0.025000, loss=0.33409, top1=0.93750, top2=0.93750, top4=1.00000
[Train][Epoch 3/100][Iter 137/178] lr=0.025000, loss=0.21638, top1=0.93750, top2=1.00000, top4=1.00000
[Train][Epoch 3/100][Iter 138/178] lr=0.025000, loss=0.47970, top1=0.75000, top2=1.00000, top4=1.00000
[Train][Epoch 3/100][Iter 139/178] lr=0.025000, loss=0.16132, top1=0.93750, top2=1.00000, top4=1.00000
[Train][Epoch 3/100][Iter 140/178] lr=0.025000, loss=0.34496, top1=0.87500, top2=1.00000, top4=1.00000
[Train][Epoch 3/100][Iter 141/178] lr=0.025000, loss=0.55850, top1=0.81250, top2=0.93750, top4=1.00000
[Train][Epoch 3/100][Iter 142/178] lr=0.025000, loss=0.38202, top1=0.87500, top2=0.93750, top4=1.00000
[Train][Epoch 3/100][Iter 143/178] lr=0.025000, loss=0.05260, top1=1.00000, top2=1.00000, top4=1.00000
[Train][Epoch 3/100][Iter 144/178] lr=0.025000, loss=0.40488, top1=0.81250, top2=0.93750, top4=1.00000
[Train][Epoch 3/100][Iter 145/178] lr=0.025000, loss=0.11962, top1=0.93750, top2=1.00000, top4=1.00000
[Train][Epoch 3/100][Iter 146/178] lr=0.025000, loss=0.24832, top1=0.87500, top2=1.00000, top4=1.00000
[Train][Epoch 3/100][Iter 147/178] lr=0.025000, loss=0.13305, top1=1.00000, top2=1.00000, top4=1.00000
[Train][Epoch 3/100][Iter 148/178] lr=0.025000, loss=0.79278, top1=0.75000, top2=0.87500, top4=1.00000
[Train][Epoch 3/100][Iter 149/178] lr=0.025000, loss=0.22471, top1=0.87500, top2=1.00000, top4=1.00000
[Train][Epoch 3/100][Iter 150/178] lr=0.025000, loss=0.31826, top1=0.87500, top2=0.93750, top4=1.00000
[Train][Epoch 3/100][Iter 151/178] lr=0.025000, loss=0.16195, top1=0.93750, top2=1.00000, top4=1.00000
[Train][Epoch 3/100][Iter 152/178] lr=0.025000, loss=0.17872, top1=0.93750, top2=1.00000, top4=1.00000
[Train][Epoch 3/100][Iter 153/178] lr=0.025000, loss=0.31914, top1=0.81250, top2=1.00000, top4=1.00000
[Train][Epoch 3/100][Iter 154/178] lr=0.025000, loss=0.32291, top1=0.87500, top2=1.00000, top4=1.00000
[Train][Epoch 3/100][Iter 155/178] lr=0.025000, loss=0.27648, top1=0.87500, top2=0.93750, top4=1.00000
[Train][Epoch 3/100][Iter 156/178] lr=0.025000, loss=0.24057, top1=0.87500, top2=0.93750, top4=1.00000
[Train][Epoch 3/100][Iter 157/178] lr=0.025000, loss=0.15742, top1=0.93750, top2=1.00000, top4=1.00000
[Train][Epoch 3/100][Iter 158/178] lr=0.025000, loss=0.41898, top1=0.87500, top2=1.00000, top4=1.00000
[Train][Epoch 3/100][Iter 159/178] lr=0.025000, loss=0.36974, top1=0.75000, top2=1.00000, top4=1.00000
[Train][Epoch 3/100][Iter 160/178] lr=0.025000, loss=0.08744, top1=1.00000, top2=1.00000, top4=1.00000
[Train][Epoch 3/100][Iter 161/178] lr=0.025000, loss=0.29389, top1=0.93750, top2=1.00000, top4=1.00000
[Train][Epoch 3/100][Iter 162/178] lr=0.025000, loss=0.09659, top1=1.00000, top2=1.00000, top4=1.00000
[Train][Epoch 3/100][Iter 163/178] lr=0.025000, loss=0.26202, top1=0.93750, top2=1.00000, top4=1.00000
[Train][Epoch 3/100][Iter 164/178] lr=0.025000, loss=0.15338, top1=1.00000, top2=1.00000, top4=1.00000
[Train][Epoch 3/100][Iter 165/178] lr=0.025000, loss=0.25100, top1=0.93750, top2=0.93750, top4=1.00000
[Train][Epoch 3/100][Iter 166/178] lr=0.025000, loss=0.17341, top1=1.00000, top2=1.00000, top4=1.00000
[Train][Epoch 3/100][Iter 167/178] lr=0.025000, loss=0.27802, top1=0.93750, top2=1.00000, top4=1.00000
[Train][Epoch 3/100][Iter 168/178] lr=0.025000, loss=0.58763, top1=0.75000, top2=0.93750, top4=1.00000
[Train][Epoch 3/100][Iter 169/178] lr=0.025000, loss=0.16562, top1=0.87500, top2=1.00000, top4=1.00000
[Train][Epoch 3/100][Iter 170/178] lr=0.025000, loss=0.26541, top1=0.93750, top2=0.93750, top4=1.00000
[Train][Epoch 3/100][Iter 171/178] lr=0.025000, loss=0.06988, top1=1.00000, top2=1.00000, top4=1.00000
[Train][Epoch 3/100][Iter 172/178] lr=0.025000, loss=0.25895, top1=0.87500, top2=1.00000, top4=1.00000
[Train][Epoch 3/100][Iter 173/178] lr=0.025000, loss=0.35734, top1=0.75000, top2=0.93750, top4=1.00000
[Train][Epoch 3/100][Iter 174/178] lr=0.025000, loss=0.37884, top1=0.75000, top2=1.00000, top4=1.00000
[Train][Epoch 3/100][Iter 175/178] lr=0.025000, loss=0.51302, top1=0.81250, top2=0.93750, top4=1.00000
[Train][Epoch 3/100][Iter 176/178] lr=0.025000, loss=0.32571, top1=0.81250, top2=1.00000, top4=1.00000
[Train][Epoch 3/100][Iter 177/178] lr=0.025000, loss=0.19579, top1=0.90909, top2=1.00000, top4=1.00000
[Info] epoch_time=4851.9s
[Eval][Epoch 3] loss=0.28139, top1=0.89607, top2=0.98876, top4=1.00000, time=1219.6s
[Info] saved /mnt/synology/wen.zhou/2026.05/Coordinate_Attention/output/best.pt (top1=0.89607)
[Train][Epoch 4/100][Iter 0/178] lr=0.025000, loss=0.11319, top1=1.00000, top2=1.00000, top4=1.00000
[Train][Epoch 4/100][Iter 1/178] lr=0.025000, loss=0.07262, top1=1.00000, top2=1.00000, top4=1.00000
[Train][Epoch 4/100][Iter 2/178] lr=0.025000, loss=0.43496, top1=0.87500, top2=1.00000, top4=1.00000
[Train][Epoch 4/100][Iter 3/178] lr=0.025000, loss=0.09378, top1=0.93750, top2=1.00000, top4=1.00000
[Train][Epoch 4/100][Iter 4/178] lr=0.025000, loss=0.18241, top1=0.93750, top2=1.00000, top4=1.00000
[Train][Epoch 4/100][Iter 5/178] lr=0.025000, loss=0.84879, top1=0.81250, top2=0.93750, top4=1.00000
[Train][Epoch 4/100][Iter 6/178] lr=0.025000, loss=1.90079, top1=0.56250, top2=0.81250, top4=1.00000
[Train][Epoch 4/100][Iter 7/178] lr=0.025000, loss=0.34948, top1=0.81250, top2=1.00000, top4=1.00000
[Train][Epoch 4/100][Iter 8/178] lr=0.025000, loss=0.39342, top1=0.81250, top2=1.00000, top4=1.00000
[Train][Epoch 4/100][Iter 9/178] lr=0.025000, loss=0.11459, top1=1.00000, top2=1.00000, top4=1.00000
[Train][Epoch 4/100][Iter 10/178] lr=0.025000, loss=0.66313, top1=0.81250, top2=0.93750, top4=1.00000
[Train][Epoch 4/100][Iter 11/178] lr=0.025000, loss=0.73077, top1=0.81250, top2=0.81250, top4=1.00000
[Train][Epoch 4/100][Iter 12/178] lr=0.025000, loss=0.42598, top1=0.81250, top2=1.00000, top4=1.00000
[Train][Epoch 4/100][Iter 13/178] lr=0.025000, loss=0.44700, top1=0.81250, top2=0.93750, top4=1.00000
[Train][Epoch 4/100][Iter 14/178] lr=0.025000, loss=0.23944, top1=0.93750, top2=1.00000, top4=1.00000
[Train][Epoch 4/100][Iter 15/178] lr=0.025000, loss=0.36745, top1=0.87500, top2=0.93750, top4=1.00000
[Train][Epoch 4/100][Iter 16/178] lr=0.025000, loss=0.46737, top1=0.81250, top2=1.00000, top4=1.00000
[Train][Epoch 4/100][Iter 17/178] lr=0.025000, loss=0.37578, top1=0.81250, top2=1.00000, top4=1.00000
[Train][Epoch 4/100][Iter 18/178] lr=0.025000, loss=0.23626, top1=0.93750, top2=1.00000, top4=1.00000
[Train][Epoch 4/100][Iter 19/178] lr=0.025000, loss=0.31840, top1=0.81250, top2=0.93750, top4=1.00000
[Train][Epoch 4/100][Iter 20/178] lr=0.025000, loss=0.11554, top1=1.00000, top2=1.00000, top4=1.00000
[Train][Epoch 4/100][Iter 21/178] lr=0.025000, loss=0.21111, top1=0.93750, top2=1.00000, top4=1.00000
[Train][Epoch 4/100][Iter 22/178] lr=0.025000, loss=0.20331, top1=0.87500, top2=1.00000, top4=1.00000
[Train][Epoch 4/100][Iter 23/178] lr=0.025000, loss=0.11773, top1=1.00000, top2=1.00000, top4=1.00000
[Train][Epoch 4/100][Iter 24/178] lr=0.025000, loss=0.52002, top1=0.87500, top2=0.93750, top4=1.00000
[Train][Epoch 4/100][Iter 25/178] lr=0.025000, loss=0.48199, top1=0.75000, top2=1.00000, top4=1.00000
[Train][Epoch 4/100][Iter 26/178] lr=0.025000, loss=0.18810, top1=1.00000, top2=1.00000, top4=1.00000
[Train][Epoch 4/100][Iter 27/178] lr=0.025000, loss=0.30320, top1=0.87500, top2=1.00000, top4=1.00000
[Train][Epoch 4/100][Iter 28/178] lr=0.025000, loss=0.12344, top1=0.87500, top2=1.00000, top4=1.00000
[Train][Epoch 4/100][Iter 29/178] lr=0.025000, loss=0.08452, top1=1.00000, top2=1.00000, top4=1.00000
[Train][Epoch 4/100][Iter 30/178] lr=0.025000, loss=0.26781, top1=0.87500, top2=1.00000, top4=1.00000
[Train][Epoch 4/100][Iter 31/178] lr=0.025000, loss=0.19877, top1=0.93750, top2=1.00000, top4=1.00000
[Train][Epoch 4/100][Iter 32/178] lr=0.025000, loss=0.30798, top1=0.93750, top2=1.00000, top4=1.00000
[Train][Epoch 4/100][Iter 33/178] lr=0.025000, loss=0.48164, top1=0.81250, top2=1.00000, top4=1.00000
[Train][Epoch 4/100][Iter 34/178] lr=0.025000, loss=0.30599, top1=0.87500, top2=1.00000, top4=1.00000
[Train][Epoch 4/100][Iter 35/178] lr=0.025000, loss=0.34244, top1=0.81250, top2=1.00000, top4=1.00000
[Train][Epoch 4/100][Iter 36/178] lr=0.025000, loss=0.42048, top1=0.87500, top2=0.93750, top4=1.00000
[Train][Epoch 4/100][Iter 37/178] lr=0.025000, loss=0.68397, top1=0.75000, top2=0.93750, top4=1.00000
[Train][Epoch 4/100][Iter 38/178] lr=0.025000, loss=0.67454, top1=0.81250, top2=0.93750, top4=1.00000
[Train][Epoch 4/100][Iter 39/178] lr=0.025000, loss=0.35433, top1=0.87500, top2=1.00000, top4=1.00000
[Train][Epoch 4/100][Iter 40/178] lr=0.025000, loss=0.20962, top1=0.87500, top2=1.00000, top4=1.00000
[Train][Epoch 4/100][Iter 41/178] lr=0.025000, loss=0.24653, top1=0.87500, top2=1.00000, top4=1.00000
[Train][Epoch 4/100][Iter 42/178] lr=0.025000, loss=0.42792, top1=0.81250, top2=0.87500, top4=1.00000
[Train][Epoch 4/100][Iter 43/178] lr=0.025000, loss=0.88808, top1=0.68750, top2=0.87500, top4=1.00000
[Train][Epoch 4/100][Iter 44/178] lr=0.025000, loss=0.25436, top1=0.93750, top2=0.93750, top4=1.00000
[Train][Epoch 4/100][Iter 45/178] lr=0.025000, loss=0.17851, top1=0.93750, top2=1.00000, top4=1.00000
[Train][Epoch 4/100][Iter 46/178] lr=0.025000, loss=0.19262, top1=0.93750, top2=1.00000, top4=1.00000
[Train][Epoch 4/100][Iter 47/178] lr=0.025000, loss=0.20681, top1=0.87500, top2=1.00000, top4=1.00000
[Train][Epoch 4/100][Iter 48/178] lr=0.025000, loss=0.34450, top1=0.87500, top2=1.00000, top4=1.00000
[Train][Epoch 4/100][Iter 49/178] lr=0.025000, loss=0.32625, top1=0.93750, top2=1.00000, top4=1.00000
[Train][Epoch 4/100][Iter 50/178] lr=0.025000, loss=0.15886, top1=0.93750, top2=1.00000, top4=1.00000
[Train][Epoch 4/100][Iter 51/178] lr=0.025000, loss=1.07959, top1=0.62500, top2=0.87500, top4=1.00000
[Train][Epoch 4/100][Iter 52/178] lr=0.025000, loss=0.18020, top1=0.87500, top2=1.00000, top4=1.00000
[Train][Epoch 4/100][Iter 53/178] lr=0.025000, loss=0.36775, top1=0.87500, top2=0.93750, top4=1.00000
[Train][Epoch 4/100][Iter 54/178] lr=0.025000, loss=0.54591, top1=0.68750, top2=1.00000, top4=1.00000
[Train][Epoch 4/100][Iter 55/178] lr=0.025000, loss=0.21752, top1=0.81250, top2=1.00000, top4=1.00000
[Train][Epoch 4/100][Iter 56/178] lr=0.025000, loss=0.18365, top1=0.87500, top2=1.00000, top4=1.00000
[Train][Epoch 4/100][Iter 57/178] lr=0.025000, loss=0.29730, top1=0.87500, top2=0.93750, top4=1.00000
[Train][Epoch 4/100][Iter 58/178] lr=0.025000, loss=0.27805, top1=0.81250, top2=1.00000, top4=1.00000
[Train][Epoch 4/100][Iter 59/178] lr=0.025000, loss=0.46878, top1=0.81250, top2=0.93750, top4=1.00000
[Train][Epoch 4/100][Iter 60/178] lr=0.025000, loss=0.08261, top1=1.00000, top2=1.00000, top4=1.00000
[Train][Epoch 4/100][Iter 61/178] lr=0.025000, loss=0.04454, top1=1.00000, top2=1.00000, top4=1.00000
[Train][Epoch 4/100][Iter 62/178] lr=0.025000, loss=0.25858, top1=0.87500, top2=0.93750, top4=1.00000
[Train][Epoch 4/100][Iter 63/178] lr=0.025000, loss=0.34396, top1=0.81250, top2=1.00000, top4=1.00000
[Train][Epoch 4/100][Iter 64/178] lr=0.025000, loss=0.11867, top1=0.93750, top2=1.00000, top4=1.00000
[Train][Epoch 4/100][Iter 65/178] lr=0.025000, loss=0.44247, top1=0.81250, top2=0.93750, top4=1.00000
[Train][Epoch 4/100][Iter 66/178] lr=0.025000, loss=0.24426, top1=0.87500, top2=0.93750, top4=1.00000
[Train][Epoch 4/100][Iter 67/178] lr=0.025000, loss=0.25001, top1=0.93750, top2=0.93750, top4=1.00000
[Train][Epoch 4/100][Iter 68/178] lr=0.025000, loss=0.20012, top1=0.87500, top2=1.00000, top4=1.00000
[Train][Epoch 4/100][Iter 69/178] lr=0.025000, loss=0.07736, top1=1.00000, top2=1.00000, top4=1.00000
[Train][Epoch 4/100][Iter 70/178] lr=0.025000, loss=0.26931, top1=0.93750, top2=0.93750, top4=1.00000
[Train][Epoch 4/100][Iter 71/178] lr=0.025000, loss=0.69610, top1=0.68750, top2=0.87500, top4=1.00000
[Train][Epoch 4/100][Iter 72/178] lr=0.025000, loss=0.32098, top1=0.87500, top2=1.00000, top4=1.00000
[Train][Epoch 4/100][Iter 73/178] lr=0.025000, loss=0.41640, top1=0.81250, top2=1.00000, top4=1.00000
[Train][Epoch 4/100][Iter 74/178] lr=0.025000, loss=0.23094, top1=0.87500, top2=1.00000, top4=1.00000
[Train][Epoch 4/100][Iter 75/178] lr=0.025000, loss=0.29942, top1=0.81250, top2=1.00000, top4=1.00000
[Train][Epoch 4/100][Iter 76/178] lr=0.025000, loss=0.38376, top1=0.81250, top2=0.93750, top4=1.00000
[Train][Epoch 4/100][Iter 77/178] lr=0.025000, loss=0.39497, top1=0.81250, top2=0.93750, top4=1.00000
[Train][Epoch 4/100][Iter 78/178] lr=0.025000, loss=0.09042, top1=1.00000, top2=1.00000, top4=1.00000
[Train][Epoch 4/100][Iter 79/178] lr=0.025000, loss=0.18692, top1=0.93750, top2=1.00000, top4=1.00000
[Train][Epoch 4/100][Iter 80/178] lr=0.025000, loss=0.19893, top1=0.93750, top2=1.00000, top4=1.00000
[Train][Epoch 4/100][Iter 81/178] lr=0.025000, loss=0.44408, top1=0.87500, top2=1.00000, top4=1.00000
[Train][Epoch 4/100][Iter 82/178] lr=0.025000, loss=0.36197, top1=0.81250, top2=0.93750, top4=1.00000
[Train][Epoch 4/100][Iter 83/178] lr=0.025000, loss=0.36249, top1=0.68750, top2=1.00000, top4=1.00000
[Train][Epoch 4/100][Iter 84/178] lr=0.025000, loss=0.06417, top1=1.00000, top2=1.00000, top4=1.00000
[Train][Epoch 4/100][Iter 85/178] lr=0.025000, loss=0.28553, top1=0.93750, top2=1.00000, top4=1.00000
[Train][Epoch 4/100][Iter 86/178] lr=0.025000, loss=0.15007, top1=0.87500, top2=1.00000, top4=1.00000
[Train][Epoch 4/100][Iter 87/178] lr=0.025000, loss=0.14699, top1=0.93750, top2=1.00000, top4=1.00000
[Train][Epoch 4/100][Iter 88/178] lr=0.025000, loss=0.84934, top1=0.62500, top2=0.81250, top4=1.00000
[Train][Epoch 4/100][Iter 89/178] lr=0.025000, loss=0.23151, top1=0.87500, top2=0.93750, top4=1.00000
[Train][Epoch 4/100][Iter 90/178] lr=0.025000, loss=0.19479, top1=0.93750, top2=1.00000, top4=1.00000
[Train][Epoch 4/100][Iter 91/178] lr=0.025000, loss=0.32866, top1=0.87500, top2=0.93750, top4=1.00000
[Train][Epoch 4/100][Iter 92/178] lr=0.025000, loss=0.37883, top1=0.81250, top2=0.93750, top4=1.00000
[Train][Epoch 4/100][Iter 93/178] lr=0.025000, loss=0.14991, top1=0.93750, top2=1.00000, top4=1.00000
[Train][Epoch 4/100][Iter 94/178] lr=0.025000, loss=0.52817, top1=0.87500, top2=1.00000, top4=1.00000
[Train][Epoch 4/100][Iter 95/178] lr=0.025000, loss=0.21162, top1=0.87500, top2=1.00000, top4=1.00000
[Train][Epoch 4/100][Iter 96/178] lr=0.025000, loss=0.58085, top1=0.87500, top2=1.00000, top4=1.00000
[Train][Epoch 4/100][Iter 97/178] lr=0.025000, loss=0.22729, top1=0.87500, top2=1.00000, top4=1.00000
[Train][Epoch 4/100][Iter 98/178] lr=0.025000, loss=0.40687, top1=0.87500, top2=0.93750, top4=1.00000
[Train][Epoch 4/100][Iter 99/178] lr=0.025000, loss=0.19212, top1=0.93750, top2=1.00000, top4=1.00000
[Train][Epoch 4/100][Iter 100/178] lr=0.025000, loss=0.23037, top1=0.87500, top2=1.00000, top4=1.00000
[Train][Epoch 4/100][Iter 101/178] lr=0.025000, loss=0.30848, top1=0.81250, top2=1.00000, top4=1.00000
[Train][Epoch 4/100][Iter 102/178] lr=0.025000, loss=0.54043, top1=0.81250, top2=0.93750, top4=1.00000
[Train][Epoch 4/100][Iter 103/178] lr=0.025000, loss=0.20106, top1=0.87500, top2=1.00000, top4=1.00000
[Train][Epoch 4/100][Iter 104/178] lr=0.025000, loss=0.44821, top1=0.75000, top2=0.93750, top4=1.00000
[Train][Epoch 4/100][Iter 105/178] lr=0.025000, loss=0.30420, top1=0.87500, top2=0.93750, top4=1.00000
[Train][Epoch 4/100][Iter 106/178] lr=0.025000, loss=0.25498, top1=0.81250, top2=1.00000, top4=1.00000
[Train][Epoch 4/100][Iter 107/178] lr=0.025000, loss=0.19659, top1=0.87500, top2=1.00000, top4=1.00000
[Train][Epoch 4/100][Iter 108/178] lr=0.025000, loss=0.22556, top1=0.93750, top2=0.93750, top4=1.00000
[Train][Epoch 4/100][Iter 109/178] lr=0.025000, loss=0.52130, top1=0.81250, top2=1.00000, top4=1.00000
[Train][Epoch 4/100][Iter 110/178] lr=0.025000, loss=0.27233, top1=0.93750, top2=1.00000, top4=1.00000
[Train][Epoch 4/100][Iter 111/178] lr=0.025000, loss=0.28784, top1=0.87500, top2=0.87500, top4=1.00000
[Train][Epoch 4/100][Iter 112/178] lr=0.025000, loss=0.38028, top1=0.81250, top2=1.00000, top4=1.00000
[Train][Epoch 4/100][Iter 113/178] lr=0.025000, loss=0.14243, top1=0.93750, top2=1.00000, top4=1.00000
[Train][Epoch 4/100][Iter 114/178] lr=0.025000, loss=0.07517, top1=1.00000, top2=1.00000, top4=1.00000
[Train][Epoch 4/100][Iter 115/178] lr=0.025000, loss=0.12610, top1=0.93750, top2=1.00000, top4=1.00000
[Train][Epoch 4/100][Iter 116/178] lr=0.025000, loss=0.64806, top1=0.81250, top2=0.93750, top4=1.00000
[Train][Epoch 4/100][Iter 117/178] lr=0.025000, loss=0.25066, top1=0.87500, top2=1.00000, top4=1.00000
[Train][Epoch 4/100][Iter 118/178] lr=0.025000, loss=0.41865, top1=0.81250, top2=1.00000, top4=1.00000
[Train][Epoch 4/100][Iter 119/178] lr=0.025000, loss=0.15741, top1=0.93750, top2=1.00000, top4=1.00000
[Train][Epoch 4/100][Iter 120/178] lr=0.025000, loss=0.15694, top1=1.00000, top2=1.00000, top4=1.00000
[Train][Epoch 4/100][Iter 121/178] lr=0.025000, loss=0.35164, top1=0.87500, top2=1.00000, top4=1.00000
[Train][Epoch 4/100][Iter 122/178] lr=0.025000, loss=0.16244, top1=0.93750, top2=1.00000, top4=1.00000
[Train][Epoch 4/100][Iter 123/178] lr=0.025000, loss=0.56355, top1=0.81250, top2=0.93750, top4=1.00000
[Train][Epoch 4/100][Iter 124/178] lr=0.025000, loss=0.37389, top1=0.87500, top2=1.00000, top4=1.00000
[Train][Epoch 4/100][Iter 125/178] lr=0.025000, loss=0.62361, top1=0.87500, top2=0.93750, top4=1.00000
[Train][Epoch 4/100][Iter 126/178] lr=0.025000, loss=0.20354, top1=0.87500, top2=1.00000, top4=1.00000
[Train][Epoch 4/100][Iter 127/178] lr=0.025000, loss=0.13780, top1=0.93750, top2=1.00000, top4=1.00000
[Train][Epoch 4/100][Iter 128/178] lr=0.025000, loss=0.09433, top1=0.93750, top2=1.00000, top4=1.00000
[Train][Epoch 4/100][Iter 129/178] lr=0.025000, loss=0.13413, top1=0.93750, top2=1.00000, top4=1.00000
[Train][Epoch 4/100][Iter 130/178] lr=0.025000, loss=0.33213, top1=0.87500, top2=1.00000, top4=1.00000
[Train][Epoch 4/100][Iter 131/178] lr=0.025000, loss=0.06129, top1=1.00000, top2=1.00000, top4=1.00000
[Train][Epoch 4/100][Iter 132/178] lr=0.025000, loss=0.28052, top1=0.93750, top2=0.93750, top4=1.00000
[Train][Epoch 4/100][Iter 133/178] lr=0.025000, loss=0.16075, top1=0.93750, top2=1.00000, top4=1.00000
[Train][Epoch 4/100][Iter 134/178] lr=0.025000, loss=0.31639, top1=0.81250, top2=1.00000, top4=1.00000
[Train][Epoch 4/100][Iter 135/178] lr=0.025000, loss=0.09086, top1=1.00000, top2=1.00000, top4=1.00000
[Train][Epoch 4/100][Iter 136/178] lr=0.025000, loss=0.37233, top1=0.81250, top2=1.00000, top4=1.00000
[Train][Epoch 4/100][Iter 137/178] lr=0.025000, loss=0.22473, top1=0.93750, top2=1.00000, top4=1.00000
[Train][Epoch 4/100][Iter 138/178] lr=0.025000, loss=0.08659, top1=1.00000, top2=1.00000, top4=1.00000
[Train][Epoch 4/100][Iter 139/178] lr=0.025000, loss=0.48374, top1=0.75000, top2=1.00000, top4=1.00000
[Train][Epoch 4/100][Iter 140/178] lr=0.025000, loss=0.56394, top1=0.81250, top2=0.93750, top4=1.00000
[Train][Epoch 4/100][Iter 141/178] lr=0.025000, loss=0.82340, top1=0.68750, top2=0.93750, top4=1.00000
[Train][Epoch 4/100][Iter 142/178] lr=0.025000, loss=0.32377, top1=0.81250, top2=0.93750, top4=1.00000
[Train][Epoch 4/100][Iter 143/178] lr=0.025000, loss=0.23012, top1=0.87500, top2=0.93750, top4=1.00000
[Train][Epoch 4/100][Iter 144/178] lr=0.025000, loss=0.29470, top1=0.87500, top2=1.00000, top4=1.00000
[Train][Epoch 4/100][Iter 145/178] lr=0.025000, loss=0.23815, top1=0.87500, top2=0.93750, top4=1.00000
[Train][Epoch 4/100][Iter 146/178] lr=0.025000, loss=0.19019, top1=0.93750, top2=1.00000, top4=1.00000
[Train][Epoch 4/100][Iter 147/178] lr=0.025000, loss=0.17525, top1=0.93750, top2=1.00000, top4=1.00000
[Train][Epoch 4/100][Iter 148/178] lr=0.025000, loss=0.45674, top1=0.81250, top2=0.93750, top4=1.00000
[Train][Epoch 4/100][Iter 149/178] lr=0.025000, loss=0.19821, top1=0.87500, top2=1.00000, top4=1.00000
[Train][Epoch 4/100][Iter 150/178] lr=0.025000, loss=1.14822, top1=0.62500, top2=0.87500, top4=1.00000
[Train][Epoch 4/100][Iter 151/178] lr=0.025000, loss=0.33818, top1=0.87500, top2=1.00000, top4=1.00000
[Train][Epoch 4/100][Iter 152/178] lr=0.025000, loss=0.12185, top1=0.93750, top2=1.00000, top4=1.00000
[Train][Epoch 4/100][Iter 153/178] lr=0.025000, loss=0.36613, top1=0.81250, top2=1.00000, top4=1.00000
[Train][Epoch 4/100][Iter 154/178] lr=0.025000, loss=0.18735, top1=0.93750, top2=1.00000, top4=1.00000
[Train][Epoch 4/100][Iter 155/178] lr=0.025000, loss=0.36172, top1=0.87500, top2=1.00000, top4=1.00000
[Train][Epoch 4/100][Iter 156/178] lr=0.025000, loss=0.24169, top1=0.93750, top2=1.00000, top4=1.00000
[Train][Epoch 4/100][Iter 157/178] lr=0.025000, loss=0.56154, top1=0.75000, top2=1.00000, top4=1.00000
[Train][Epoch 4/100][Iter 158/178] lr=0.025000, loss=0.21363, top1=0.93750, top2=0.93750, top4=1.00000
[Train][Epoch 4/100][Iter 159/178] lr=0.025000, loss=0.11800, top1=1.00000, top2=1.00000, top4=1.00000
[Train][Epoch 4/100][Iter 160/178] lr=0.025000, loss=0.15662, top1=0.87500, top2=1.00000, top4=1.00000
[Train][Epoch 4/100][Iter 161/178] lr=0.025000, loss=0.19989, top1=0.87500, top2=1.00000, top4=1.00000
[Train][Epoch 4/100][Iter 162/178] lr=0.025000, loss=0.21414, top1=0.93750, top2=1.00000, top4=1.00000
[Train][Epoch 4/100][Iter 163/178] lr=0.025000, loss=0.48743, top1=0.87500, top2=0.93750, top4=1.00000
[Train][Epoch 4/100][Iter 164/178] lr=0.025000, loss=0.26776, top1=0.93750, top2=1.00000, top4=1.00000
[Train][Epoch 4/100][Iter 165/178] lr=0.025000, loss=0.41996, top1=0.87500, top2=0.93750, top4=1.00000
[Train][Epoch 4/100][Iter 166/178] lr=0.025000, loss=0.16099, top1=0.87500, top2=1.00000, top4=1.00000
[Train][Epoch 4/100][Iter 167/178] lr=0.025000, loss=0.12380, top1=1.00000, top2=1.00000, top4=1.00000
[Train][Epoch 4/100][Iter 168/178] lr=0.025000, loss=0.23741, top1=0.87500, top2=1.00000, top4=1.00000
[Train][Epoch 4/100][Iter 169/178] lr=0.025000, loss=0.22312, top1=0.93750, top2=1.00000, top4=1.00000
[Train][Epoch 4/100][Iter 170/178] lr=0.025000, loss=0.55107, top1=0.87500, top2=0.93750, top4=1.00000
[Train][Epoch 4/100][Iter 171/178] lr=0.025000, loss=0.11166, top1=1.00000, top2=1.00000, top4=1.00000
[Train][Epoch 4/100][Iter 172/178] lr=0.025000, loss=0.16448, top1=0.93750, top2=1.00000, top4=1.00000
[Train][Epoch 4/100][Iter 173/178] lr=0.025000, loss=0.16180, top1=0.87500, top2=1.00000, top4=1.00000
[Train][Epoch 4/100][Iter 174/178] lr=0.025000, loss=0.27794, top1=0.81250, top2=1.00000, top4=1.00000
[Train][Epoch 4/100][Iter 175/178] lr=0.025000, loss=0.39940, top1=0.87500, top2=1.00000, top4=1.00000
[Train][Epoch 4/100][Iter 176/178] lr=0.025000, loss=0.32357, top1=0.87500, top2=1.00000, top4=1.00000
[Train][Epoch 4/100][Iter 177/178] lr=0.025000, loss=0.90241, top1=0.54545, top2=0.90909, top4=1.00000
[Info] epoch_time=4858.1s
[Eval][Epoch 4] loss=0.36562, top1=0.87219, top2=0.97612, top4=1.00000, time=1214.6s
[Train][Epoch 5/100][Iter 0/178] lr=0.025000, loss=0.47659, top1=0.87500, top2=1.00000, top4=1.00000
[Train][Epoch 5/100][Iter 1/178] lr=0.025000, loss=0.56397, top1=0.75000, top2=1.00000, top4=1.00000
[Train][Epoch 5/100][Iter 2/178] lr=0.025000, loss=0.51006, top1=0.87500, top2=0.93750, top4=1.00000
[Train][Epoch 5/100][Iter 3/178] lr=0.025000, loss=0.52862, top1=0.75000, top2=1.00000, top4=1.00000
[Train][Epoch 5/100][Iter 4/178] lr=0.025000, loss=0.25859, top1=0.87500, top2=1.00000, top4=1.00000
[Train][Epoch 5/100][Iter 5/178] lr=0.025000, loss=0.73004, top1=0.81250, top2=0.87500, top4=1.00000
[Train][Epoch 5/100][Iter 6/178] lr=0.025000, loss=0.20330, top1=0.87500, top2=1.00000, top4=1.00000
[Train][Epoch 5/100][Iter 7/178] lr=0.025000, loss=0.61123, top1=0.68750, top2=0.81250, top4=1.00000
[Train][Epoch 5/100][Iter 8/178] lr=0.025000, loss=0.21438, top1=0.93750, top2=1.00000, top4=1.00000
[Train][Epoch 5/100][Iter 9/178] lr=0.025000, loss=0.16300, top1=1.00000, top2=1.00000, top4=1.00000
[Train][Epoch 5/100][Iter 10/178] lr=0.025000, loss=0.41570, top1=0.75000, top2=1.00000, top4=1.00000
[Train][Epoch 5/100][Iter 11/178] lr=0.025000, loss=0.46375, top1=0.81250, top2=0.93750, top4=1.00000
[Train][Epoch 5/100][Iter 12/178] lr=0.025000, loss=0.57518, top1=0.75000, top2=1.00000, top4=1.00000
[Train][Epoch 5/100][Iter 13/178] lr=0.025000, loss=0.22555, top1=0.93750, top2=1.00000, top4=1.00000
[Train][Epoch 5/100][Iter 14/178] lr=0.025000, loss=0.11153, top1=1.00000, top2=1.00000, top4=1.00000
[Train][Epoch 5/100][Iter 15/178] lr=0.025000, loss=0.14028, top1=0.93750, top2=1.00000, top4=1.00000
[Train][Epoch 5/100][Iter 16/178] lr=0.025000, loss=0.62158, top1=0.81250, top2=1.00000, top4=1.00000
[Train][Epoch 5/100][Iter 17/178] lr=0.025000, loss=0.32198, top1=0.93750, top2=1.00000, top4=1.00000
[Train][Epoch 5/100][Iter 18/178] lr=0.025000, loss=0.25026, top1=0.87500, top2=1.00000, top4=1.00000
[Train][Epoch 5/100][Iter 19/178] lr=0.025000, loss=0.06232, top1=1.00000, top2=1.00000, top4=1.00000
[Train][Epoch 5/100][Iter 20/178] lr=0.025000, loss=0.09177, top1=1.00000, top2=1.00000, top4=1.00000
[Train][Epoch 5/100][Iter 21/178] lr=0.025000, loss=0.07420, top1=1.00000, top2=1.00000, top4=1.00000
[Train][Epoch 5/100][Iter 22/178] lr=0.025000, loss=0.25086, top1=0.93750, top2=0.93750, top4=1.00000
[Train][Epoch 5/100][Iter 23/178] lr=0.025000, loss=0.46438, top1=0.81250, top2=0.93750, top4=1.00000
[Train][Epoch 5/100][Iter 24/178] lr=0.025000, loss=0.13649, top1=0.93750, top2=1.00000, top4=1.00000
[Train][Epoch 5/100][Iter 25/178] lr=0.025000, loss=0.54769, top1=0.75000, top2=0.93750, top4=1.00000
[Train][Epoch 5/100][Iter 26/178] lr=0.025000, loss=0.26144, top1=0.87500, top2=1.00000, top4=1.00000
[Train][Epoch 5/100][Iter 27/178] lr=0.025000, loss=0.27144, top1=0.81250, top2=1.00000, top4=1.00000
[Train][Epoch 5/100][Iter 28/178] lr=0.025000, loss=0.15614, top1=0.93750, top2=1.00000, top4=1.00000
[Train][Epoch 5/100][Iter 29/178] lr=0.025000, loss=0.78266, top1=0.56250, top2=0.93750, top4=1.00000
[Train][Epoch 5/100][Iter 30/178] lr=0.025000, loss=0.39366, top1=0.81250, top2=1.00000, top4=1.00000
[Train][Epoch 5/100][Iter 31/178] lr=0.025000, loss=0.22906, top1=0.93750, top2=1.00000, top4=1.00000
[Train][Epoch 5/100][Iter 32/178] lr=0.025000, loss=0.10491, top1=1.00000, top2=1.00000, top4=1.00000
[Train][Epoch 5/100][Iter 33/178] lr=0.025000, loss=0.42246, top1=0.81250, top2=1.00000, top4=1.00000
[Train][Epoch 5/100][Iter 34/178] lr=0.025000, loss=0.14079, top1=1.00000, top2=1.00000, top4=1.00000
[Train][Epoch 5/100][Iter 35/178] lr=0.025000, loss=0.47758, top1=0.81250, top2=0.93750, top4=1.00000
[Train][Epoch 5/100][Iter 36/178] lr=0.025000, loss=0.28760, top1=0.87500, top2=1.00000, top4=1.00000
[Train][Epoch 5/100][Iter 37/178] lr=0.025000, loss=0.12370, top1=0.93750, top2=1.00000, top4=1.00000
[Train][Epoch 5/100][Iter 38/178] lr=0.025000, loss=0.28999, top1=0.81250, top2=1.00000, top4=1.00000
[Train][Epoch 5/100][Iter 39/178] lr=0.025000, loss=0.28404, top1=0.93750, top2=1.00000, top4=1.00000
[Train][Epoch 5/100][Iter 40/178] lr=0.025000, loss=0.06081, top1=1.00000, top2=1.00000, top4=1.00000
[Train][Epoch 5/100][Iter 41/178] lr=0.025000, loss=0.39635, top1=0.87500, top2=0.93750, top4=1.00000
[Train][Epoch 5/100][Iter 42/178] lr=0.025000, loss=0.32447, top1=0.87500, top2=1.00000, top4=1.00000
[Train][Epoch 5/100][Iter 43/178] lr=0.025000, loss=0.19708, top1=0.93750, top2=0.93750, top4=1.00000
[Train][Epoch 5/100][Iter 44/178] lr=0.025000, loss=0.21495, top1=0.93750, top2=1.00000, top4=1.00000
[Train][Epoch 5/100][Iter 45/178] lr=0.025000, loss=0.06916, top1=1.00000, top2=1.00000, top4=1.00000
[Train][Epoch 5/100][Iter 46/178] lr=0.025000, loss=0.58649, top1=0.75000, top2=0.93750, top4=1.00000
[Train][Epoch 5/100][Iter 47/178] lr=0.025000, loss=0.15434, top1=0.93750, top2=0.93750, top4=1.00000
[Train][Epoch 5/100][Iter 48/178] lr=0.025000, loss=0.38372, top1=0.87500, top2=0.93750, top4=1.00000
[Train][Epoch 5/100][Iter 49/178] lr=0.025000, loss=0.35185, top1=0.81250, top2=0.93750, top4=1.00000
[Train][Epoch 5/100][Iter 50/178] lr=0.025000, loss=0.38845, top1=0.75000, top2=1.00000, top4=1.00000
[Train][Epoch 5/100][Iter 51/178] lr=0.025000, loss=0.08740, top1=0.93750, top2=1.00000, top4=1.00000
[Train][Epoch 5/100][Iter 52/178] lr=0.025000, loss=0.10916, top1=1.00000, top2=1.00000, top4=1.00000
[Train][Epoch 5/100][Iter 53/178] lr=0.025000, loss=0.11481, top1=0.93750, top2=1.00000, top4=1.00000
[Train][Epoch 5/100][Iter 54/178] lr=0.025000, loss=0.16720, top1=0.93750, top2=0.93750, top4=1.00000
[Train][Epoch 5/100][Iter 55/178] lr=0.025000, loss=0.51353, top1=0.68750, top2=1.00000, top4=1.00000
[Train][Epoch 5/100][Iter 56/178] lr=0.025000, loss=0.28784, top1=0.93750, top2=1.00000, top4=1.00000
[Train][Epoch 5/100][Iter 57/178] lr=0.025000, loss=0.09664, top1=1.00000, top2=1.00000, top4=1.00000
[Train][Epoch 5/100][Iter 58/178] lr=0.025000, loss=0.46999, top1=0.81250, top2=1.00000, top4=1.00000
[Train][Epoch 5/100][Iter 59/178] lr=0.025000, loss=0.28868, top1=0.81250, top2=1.00000, top4=1.00000
[Train][Epoch 5/100][Iter 60/178] lr=0.025000, loss=0.17604, top1=0.93750, top2=1.00000, top4=1.00000
[Train][Epoch 5/100][Iter 61/178] lr=0.025000, loss=0.21452, top1=0.93750, top2=0.93750, top4=1.00000
[Train][Epoch 5/100][Iter 62/178] lr=0.025000, loss=0.13034, top1=0.93750, top2=1.00000, top4=1.00000
[Train][Epoch 5/100][Iter 63/178] lr=0.025000, loss=0.05827, top1=1.00000, top2=1.00000, top4=1.00000
[Train][Epoch 5/100][Iter 64/178] lr=0.025000, loss=0.31673, top1=0.87500, top2=1.00000, top4=1.00000
[Train][Epoch 5/100][Iter 65/178] lr=0.025000, loss=0.26890, top1=0.87500, top2=1.00000, top4=1.00000
[Train][Epoch 5/100][Iter 66/178] lr=0.025000, loss=0.62029, top1=0.87500, top2=0.93750, top4=1.00000
[Train][Epoch 5/100][Iter 67/178] lr=0.025000, loss=0.32152, top1=0.81250, top2=1.00000, top4=1.00000
[Train][Epoch 5/100][Iter 68/178] lr=0.025000, loss=0.22334, top1=0.87500, top2=1.00000, top4=1.00000
[Train][Epoch 5/100][Iter 69/178] lr=0.025000, loss=0.19898, top1=0.93750, top2=0.93750, top4=1.00000
[Train][Epoch 5/100][Iter 70/178] lr=0.025000, loss=0.45387, top1=0.87500, top2=1.00000, top4=1.00000
[Train][Epoch 5/100][Iter 71/178] lr=0.025000, loss=0.16077, top1=0.87500, top2=1.00000, top4=1.00000
[Train][Epoch 5/100][Iter 72/178] lr=0.025000, loss=0.22450, top1=0.87500, top2=1.00000, top4=1.00000
[Train][Epoch 5/100][Iter 73/178] lr=0.025000, loss=0.07665, top1=1.00000, top2=1.00000, top4=1.00000
[Train][Epoch 5/100][Iter 74/178] lr=0.025000, loss=0.54306, top1=0.81250, top2=0.93750, top4=1.00000
[Train][Epoch 5/100][Iter 75/178] lr=0.025000, loss=0.46926, top1=0.87500, top2=0.93750, top4=1.00000
[Train][Epoch 5/100][Iter 76/178] lr=0.025000, loss=0.37977, top1=0.81250, top2=1.00000, top4=1.00000
[Train][Epoch 5/100][Iter 77/178] lr=0.025000, loss=0.14927, top1=0.93750, top2=1.00000, top4=1.00000
[Train][Epoch 5/100][Iter 78/178] lr=0.025000, loss=0.19672, top1=0.87500, top2=1.00000, top4=1.00000
[Train][Epoch 5/100][Iter 79/178] lr=0.025000, loss=0.12692, top1=0.93750, top2=1.00000, top4=1.00000
[Train][Epoch 5/100][Iter 80/178] lr=0.025000, loss=0.51481, top1=0.87500, top2=1.00000, top4=1.00000
[Train][Epoch 5/100][Iter 81/178] lr=0.025000, loss=0.19839, top1=0.87500, top2=1.00000, top4=1.00000
[Train][Epoch 5/100][Iter 82/178] lr=0.025000, loss=0.15218, top1=0.87500, top2=1.00000, top4=1.00000
[Train][Epoch 5/100][Iter 83/178] lr=0.025000, loss=0.14647, top1=0.93750, top2=1.00000, top4=1.00000
[Train][Epoch 5/100][Iter 84/178] lr=0.025000, loss=0.19887, top1=1.00000, top2=1.00000, top4=1.00000
[Train][Epoch 5/100][Iter 85/178] lr=0.025000, loss=0.25192, top1=0.93750, top2=1.00000, top4=1.00000
[Train][Epoch 5/100][Iter 86/178] lr=0.025000, loss=0.28453, top1=0.81250, top2=1.00000, top4=1.00000
[Train][Epoch 5/100][Iter 87/178] lr=0.025000, loss=0.17687, top1=0.87500, top2=1.00000, top4=1.00000
[Train][Epoch 5/100][Iter 88/178] lr=0.025000, loss=0.28742, top1=0.87500, top2=0.93750, top4=1.00000
[Train][Epoch 5/100][Iter 89/178] lr=0.025000, loss=0.25018, top1=0.87500, top2=1.00000, top4=1.00000
[Train][Epoch 5/100][Iter 90/178] lr=0.025000, loss=0.58520, top1=0.75000, top2=0.87500, top4=1.00000
[Train][Epoch 5/100][Iter 91/178] lr=0.025000, loss=0.08777, top1=1.00000, top2=1.00000, top4=1.00000
[Train][Epoch 5/100][Iter 92/178] lr=0.025000, loss=0.29814, top1=0.93750, top2=1.00000, top4=1.00000
[Train][Epoch 5/100][Iter 93/178] lr=0.025000, loss=0.42893, top1=0.87500, top2=1.00000, top4=1.00000
[Train][Epoch 5/100][Iter 94/178] lr=0.025000, loss=0.08688, top1=0.93750, top2=1.00000, top4=1.00000
[Train][Epoch 5/100][Iter 95/178] lr=0.025000, loss=0.11658, top1=0.93750, top2=1.00000, top4=1.00000
[Train][Epoch 5/100][Iter 96/178] lr=0.025000, loss=0.22800, top1=0.87500, top2=1.00000, top4=1.00000
[Train][Epoch 5/100][Iter 97/178] lr=0.025000, loss=0.48253, top1=0.87500, top2=1.00000, top4=1.00000
[Train][Epoch 5/100][Iter 98/178] lr=0.025000, loss=0.04656, top1=1.00000, top2=1.00000, top4=1.00000
[Train][Epoch 5/100][Iter 99/178] lr=0.025000, loss=0.10150, top1=1.00000, top2=1.00000, top4=1.00000
[Train][Epoch 5/100][Iter 100/178] lr=0.025000, loss=0.27949, top1=0.81250, top2=1.00000, top4=1.00000
[Train][Epoch 5/100][Iter 101/178] lr=0.025000, loss=0.59714, top1=0.87500, top2=0.87500, top4=1.00000
[Train][Epoch 5/100][Iter 102/178] lr=0.025000, loss=0.27155, top1=0.87500, top2=1.00000, top4=1.00000
[Train][Epoch 5/100][Iter 103/178] lr=0.025000, loss=0.47085, top1=0.87500, top2=0.93750, top4=1.00000
[Train][Epoch 5/100][Iter 104/178] lr=0.025000, loss=0.60799, top1=0.81250, top2=0.93750, top4=1.00000
[Train][Epoch 5/100][Iter 105/178] lr=0.025000, loss=0.15917, top1=1.00000, top2=1.00000, top4=1.00000
[Train][Epoch 5/100][Iter 106/178] lr=0.025000, loss=0.29208, top1=0.93750, top2=1.00000, top4=1.00000
[Train][Epoch 5/100][Iter 107/178] lr=0.025000, loss=0.08146, top1=0.93750, top2=1.00000, top4=1.00000
[Train][Epoch 5/100][Iter 108/178] lr=0.025000, loss=0.25994, top1=0.93750, top2=0.93750, top4=1.00000
[Train][Epoch 5/100][Iter 109/178] lr=0.025000, loss=0.33796, top1=0.87500, top2=0.93750, top4=1.00000
[Train][Epoch 5/100][Iter 110/178] lr=0.025000, loss=0.11579, top1=0.93750, top2=1.00000, top4=1.00000
[Train][Epoch 5/100][Iter 111/178] lr=0.025000, loss=0.24039, top1=0.93750, top2=1.00000, top4=1.00000
[Train][Epoch 5/100][Iter 112/178] lr=0.025000, loss=0.47531, top1=0.87500, top2=0.93750, top4=1.00000
[Train][Epoch 5/100][Iter 113/178] lr=0.025000, loss=0.17658, top1=0.87500, top2=1.00000, top4=1.00000
[Train][Epoch 5/100][Iter 114/178] lr=0.025000, loss=0.40521, top1=0.87500, top2=0.93750, top4=1.00000
[Train][Epoch 5/100][Iter 115/178] lr=0.025000, loss=0.19788, top1=0.93750, top2=1.00000, top4=1.00000
[Train][Epoch 5/100][Iter 116/178] lr=0.025000, loss=0.20969, top1=0.93750, top2=1.00000, top4=1.00000
[Train][Epoch 5/100][Iter 117/178] lr=0.025000, loss=0.19671, top1=0.87500, top2=1.00000, top4=1.00000
[Train][Epoch 5/100][Iter 118/178] lr=0.025000, loss=0.31059, top1=0.87500, top2=0.93750, top4=1.00000
[Train][Epoch 5/100][Iter 119/178] lr=0.025000, loss=0.69256, top1=0.75000, top2=1.00000, top4=1.00000
[Train][Epoch 5/100][Iter 120/178] lr=0.025000, loss=0.42314, top1=0.87500, top2=1.00000, top4=1.00000
[Train][Epoch 5/100][Iter 121/178] lr=0.025000, loss=0.29569, top1=0.81250, top2=0.93750, top4=1.00000
[Train][Epoch 5/100][Iter 122/178] lr=0.025000, loss=0.18649, top1=0.93750, top2=1.00000, top4=1.00000
[Train][Epoch 5/100][Iter 123/178] lr=0.025000, loss=0.19915, top1=0.93750, top2=1.00000, top4=1.00000
[Train][Epoch 5/100][Iter 124/178] lr=0.025000, loss=0.24917, top1=0.87500, top2=1.00000, top4=1.00000
[Train][Epoch 5/100][Iter 125/178] lr=0.025000, loss=0.11264, top1=1.00000, top2=1.00000, top4=1.00000
[Train][Epoch 5/100][Iter 126/178] lr=0.025000, loss=0.48925, top1=0.81250, top2=0.93750, top4=1.00000
[Train][Epoch 5/100][Iter 127/178] lr=0.025000, loss=0.06077, top1=1.00000, top2=1.00000, top4=1.00000
[Train][Epoch 5/100][Iter 128/178] lr=0.025000, loss=0.56630, top1=0.81250, top2=0.93750, top4=1.00000
[Train][Epoch 5/100][Iter 129/178] lr=0.025000, loss=0.27960, top1=0.93750, top2=1.00000, top4=1.00000
[Train][Epoch 5/100][Iter 130/178] lr=0.025000, loss=0.13234, top1=1.00000, top2=1.00000, top4=1.00000
[Train][Epoch 5/100][Iter 131/178] lr=0.025000, loss=0.33703, top1=0.81250, top2=1.00000, top4=1.00000
[Train][Epoch 5/100][Iter 132/178] lr=0.025000, loss=0.13842, top1=0.93750, top2=1.00000, top4=1.00000
[Train][Epoch 5/100][Iter 133/178] lr=0.025000, loss=0.26138, top1=0.93750, top2=1.00000, top4=1.00000
[Train][Epoch 5/100][Iter 134/178] lr=0.025000, loss=0.15429, top1=0.93750, top2=1.00000, top4=1.00000
[Train][Epoch 5/100][Iter 135/178] lr=0.025000, loss=0.31031, top1=0.93750, top2=1.00000, top4=1.00000
[Train][Epoch 5/100][Iter 136/178] lr=0.025000, loss=0.15050, top1=0.93750, top2=1.00000, top4=1.00000
[Train][Epoch 5/100][Iter 137/178] lr=0.025000, loss=0.17182, top1=1.00000, top2=1.00000, top4=1.00000
[Train][Epoch 5/100][Iter 138/178] lr=0.025000, loss=0.23175, top1=0.87500, top2=1.00000, top4=1.00000
[Train][Epoch 5/100][Iter 139/178] lr=0.025000, loss=0.19363, top1=0.93750, top2=1.00000, top4=1.00000
[Train][Epoch 5/100][Iter 140/178] lr=0.025000, loss=0.20011, top1=0.93750, top2=1.00000, top4=1.00000
[Train][Epoch 5/100][Iter 141/178] lr=0.025000, loss=0.48667, top1=0.87500, top2=0.87500, top4=1.00000
[Train][Epoch 5/100][Iter 142/178] lr=0.025000, loss=0.17977, top1=0.87500, top2=1.00000, top4=1.00000
[Train][Epoch 5/100][Iter 143/178] lr=0.025000, loss=0.20099, top1=0.93750, top2=1.00000, top4=1.00000
[Train][Epoch 5/100][Iter 144/178] lr=0.025000, loss=0.18671, top1=0.81250, top2=1.00000, top4=1.00000
[Train][Epoch 5/100][Iter 145/178] lr=0.025000, loss=0.09277, top1=1.00000, top2=1.00000, top4=1.00000
[Train][Epoch 5/100][Iter 146/178] lr=0.025000, loss=0.10574, top1=1.00000, top2=1.00000, top4=1.00000
[Train][Epoch 5/100][Iter 147/178] lr=0.025000, loss=0.31165, top1=0.93750, top2=1.00000, top4=1.00000
[Train][Epoch 5/100][Iter 148/178] lr=0.025000, loss=0.23658, top1=0.87500, top2=1.00000, top4=1.00000
[Train][Epoch 5/100][Iter 149/178] lr=0.025000, loss=0.19763, top1=0.93750, top2=1.00000, top4=1.00000
[Train][Epoch 5/100][Iter 150/178] lr=0.025000, loss=0.51216, top1=0.81250, top2=1.00000, top4=1.00000
[Train][Epoch 5/100][Iter 151/178] lr=0.025000, loss=0.31777, top1=0.81250, top2=1.00000, top4=1.00000
[Train][Epoch 5/100][Iter 152/178] lr=0.025000, loss=0.25509, top1=0.87500, top2=0.93750, top4=1.00000
[Train][Epoch 5/100][Iter 153/178] lr=0.025000, loss=0.16685, top1=1.00000, top2=1.00000, top4=1.00000
[Train][Epoch 5/100][Iter 154/178] lr=0.025000, loss=0.45089, top1=0.81250, top2=1.00000, top4=1.00000
[Train][Epoch 5/100][Iter 155/178] lr=0.025000, loss=0.25867, top1=0.93750, top2=1.00000, top4=1.00000
[Train][Epoch 5/100][Iter 156/178] lr=0.025000, loss=0.41505, top1=0.81250, top2=0.93750, top4=1.00000
[Train][Epoch 5/100][Iter 157/178] lr=0.025000, loss=0.42098, top1=0.68750, top2=0.93750, top4=1.00000
[Train][Epoch 5/100][Iter 158/178] lr=0.025000, loss=0.07811, top1=1.00000, top2=1.00000, top4=1.00000
[Train][Epoch 5/100][Iter 159/178] lr=0.025000, loss=0.26531, top1=0.87500, top2=1.00000, top4=1.00000
[Train][Epoch 5/100][Iter 160/178] lr=0.025000, loss=0.21772, top1=0.87500, top2=0.93750, top4=1.00000
[Train][Epoch 5/100][Iter 161/178] lr=0.025000, loss=0.87416, top1=0.75000, top2=0.81250, top4=1.00000
[Train][Epoch 5/100][Iter 162/178] lr=0.025000, loss=0.21743, top1=0.93750, top2=0.93750, top4=1.00000
[Train][Epoch 5/100][Iter 163/178] lr=0.025000, loss=0.12275, top1=1.00000, top2=1.00000, top4=1.00000
[Train][Epoch 5/100][Iter 164/178] lr=0.025000, loss=0.07233, top1=1.00000, top2=1.00000, top4=1.00000
[Train][Epoch 5/100][Iter 165/178] lr=0.025000, loss=0.15396, top1=0.93750, top2=1.00000, top4=1.00000
[Train][Epoch 5/100][Iter 166/178] lr=0.025000, loss=0.69012, top1=0.75000, top2=0.93750, top4=1.00000
[Train][Epoch 5/100][Iter 167/178] lr=0.025000, loss=0.35580, top1=0.93750, top2=1.00000, top4=1.00000
[Train][Epoch 5/100][Iter 168/178] lr=0.025000, loss=0.37526, top1=0.87500, top2=1.00000, top4=1.00000
[Train][Epoch 5/100][Iter 169/178] lr=0.025000, loss=0.46283, top1=0.75000, top2=1.00000, top4=1.00000
[Train][Epoch 5/100][Iter 170/178] lr=0.025000, loss=0.18475, top1=0.93750, top2=1.00000, top4=1.00000
[Train][Epoch 5/100][Iter 171/178] lr=0.025000, loss=0.29609, top1=0.81250, top2=1.00000, top4=1.00000
[Train][Epoch 5/100][Iter 172/178] lr=0.025000, loss=0.34073, top1=0.81250, top2=1.00000, top4=1.00000
[Train][Epoch 5/100][Iter 173/178] lr=0.025000, loss=0.24715, top1=0.93750, top2=1.00000, top4=1.00000
[Train][Epoch 5/100][Iter 174/178] lr=0.025000, loss=0.11744, top1=1.00000, top2=1.00000, top4=1.00000
[Train][Epoch 5/100][Iter 175/178] lr=0.025000, loss=0.34179, top1=0.81250, top2=1.00000, top4=1.00000
[Train][Epoch 5/100][Iter 176/178] lr=0.025000, loss=0.42978, top1=0.87500, top2=1.00000, top4=1.00000
[Train][Epoch 5/100][Iter 177/178] lr=0.025000, loss=0.17928, top1=0.90909, top2=1.00000, top4=1.00000
[Info] epoch_time=4843.8s
[Eval][Epoch 5] loss=0.30268, top1=0.89045, top2=0.96348, top4=1.00000, time=1197.3s
[Train][Epoch 6/100][Iter 0/178] lr=0.025000, loss=0.20243, top1=0.93750, top2=1.00000, top4=1.00000
[Train][Epoch 6/100][Iter 1/178] lr=0.025000, loss=0.05059, top1=1.00000, top2=1.00000, top4=1.00000
[Train][Epoch 6/100][Iter 2/178] lr=0.025000, loss=0.36782, top1=0.87500, top2=0.93750, top4=1.00000
[Train][Epoch 6/100][Iter 3/178] lr=0.025000, loss=0.56576, top1=0.75000, top2=0.93750, top4=1.00000
[Train][Epoch 6/100][Iter 4/178] lr=0.025000, loss=0.11950, top1=1.00000, top2=1.00000, top4=1.00000
[Train][Epoch 6/100][Iter 5/178] lr=0.025000, loss=0.47646, top1=0.87500, top2=1.00000, top4=1.00000
[Train][Epoch 6/100][Iter 6/178] lr=0.025000, loss=0.30160, top1=0.87500, top2=1.00000, top4=1.00000
[Train][Epoch 6/100][Iter 7/178] lr=0.025000, loss=0.18152, top1=0.93750, top2=1.00000, top4=1.00000
[Train][Epoch 6/100][Iter 8/178] lr=0.025000, loss=0.47489, top1=0.75000, top2=1.00000, top4=1.00000
[Train][Epoch 6/100][Iter 9/178] lr=0.025000, loss=0.18904, top1=0.87500, top2=1.00000, top4=1.00000
[Train][Epoch 6/100][Iter 10/178] lr=0.025000, loss=0.44830, top1=0.75000, top2=1.00000, top4=1.00000
[Train][Epoch 6/100][Iter 11/178] lr=0.025000, loss=0.46650, top1=0.81250, top2=1.00000, top4=1.00000
[Train][Epoch 6/100][Iter 12/178] lr=0.025000, loss=0.24393, top1=0.93750, top2=1.00000, top4=1.00000
[Train][Epoch 6/100][Iter 13/178] lr=0.025000, loss=0.19498, top1=0.93750, top2=1.00000, top4=1.00000
[Train][Epoch 6/100][Iter 14/178] lr=0.025000, loss=0.29981, top1=0.87500, top2=1.00000, top4=1.00000
[Train][Epoch 6/100][Iter 15/178] lr=0.025000, loss=0.27346, top1=0.87500, top2=1.00000, top4=1.00000
[Train][Epoch 6/100][Iter 16/178] lr=0.025000, loss=0.14266, top1=0.93750, top2=0.93750, top4=1.00000
[Train][Epoch 6/100][Iter 17/178] lr=0.025000, loss=0.41306, top1=0.81250, top2=1.00000, top4=1.00000
[Train][Epoch 6/100][Iter 18/178] lr=0.025000, loss=0.10388, top1=1.00000, top2=1.00000, top4=1.00000
[Train][Epoch 6/100][Iter 19/178] lr=0.025000, loss=0.19295, top1=0.81250, top2=1.00000, top4=1.00000
[Train][Epoch 6/100][Iter 20/178] lr=0.025000, loss=0.33983, top1=0.81250, top2=0.93750, top4=1.00000
[Train][Epoch 6/100][Iter 21/178] lr=0.025000, loss=0.39278, top1=0.87500, top2=0.93750, top4=1.00000
[Train][Epoch 6/100][Iter 22/178] lr=0.025000, loss=0.08158, top1=1.00000, top2=1.00000, top4=1.00000
[Train][Epoch 6/100][Iter 23/178] lr=0.025000, loss=0.16287, top1=0.93750, top2=1.00000, top4=1.00000
[Train][Epoch 6/100][Iter 24/178] lr=0.025000, loss=0.20946, top1=0.87500, top2=0.93750, top4=1.00000
[Train][Epoch 6/100][Iter 25/178] lr=0.025000, loss=0.15233, top1=0.93750, top2=1.00000, top4=1.00000
[Train][Epoch 6/100][Iter 26/178] lr=0.025000, loss=0.24799, top1=0.87500, top2=1.00000, top4=1.00000
[Train][Epoch 6/100][Iter 27/178] lr=0.025000, loss=0.67412, top1=0.81250, top2=0.87500, top4=1.00000
[Train][Epoch 6/100][Iter 28/178] lr=0.025000, loss=0.66269, top1=0.87500, top2=1.00000, top4=1.00000
[Train][Epoch 6/100][Iter 29/178] lr=0.025000, loss=0.09525, top1=1.00000, top2=1.00000, top4=1.00000
[Train][Epoch 6/100][Iter 30/178] lr=0.025000, loss=0.17565, top1=0.93750, top2=1.00000, top4=1.00000
[Train][Epoch 6/100][Iter 31/178] lr=0.025000, loss=0.28142, top1=0.87500, top2=1.00000, top4=1.00000
[Train][Epoch 6/100][Iter 32/178] lr=0.025000, loss=0.05391, top1=1.00000, top2=1.00000, top4=1.00000
[Train][Epoch 6/100][Iter 33/178] lr=0.025000, loss=0.20143, top1=0.93750, top2=1.00000, top4=1.00000
[Train][Epoch 6/100][Iter 34/178] lr=0.025000, loss=0.39145, top1=0.87500, top2=1.00000, top4=1.00000
[Train][Epoch 6/100][Iter 35/178] lr=0.025000, loss=0.28947, top1=0.87500, top2=0.87500, top4=1.00000
[Train][Epoch 6/100][Iter 36/178] lr=0.025000, loss=0.35987, top1=0.81250, top2=0.93750, top4=1.00000
[Train][Epoch 6/100][Iter 37/178] lr=0.025000, loss=0.10497, top1=0.93750, top2=1.00000, top4=1.00000
[Train][Epoch 6/100][Iter 38/178] lr=0.025000, loss=0.22924, top1=0.87500, top2=0.93750, top4=1.00000
[Train][Epoch 6/100][Iter 39/178] lr=0.025000, loss=0.25893, top1=0.93750, top2=1.00000, top4=1.00000
[Train][Epoch 6/100][Iter 40/178] lr=0.025000, loss=0.30443, top1=0.87500, top2=0.93750, top4=1.00000
[Train][Epoch 6/100][Iter 41/178] lr=0.025000, loss=0.25797, top1=0.81250, top2=1.00000, top4=1.00000
[Train][Epoch 6/100][Iter 42/178] lr=0.025000, loss=0.54659, top1=0.87500, top2=0.93750, top4=1.00000
[Train][Epoch 6/100][Iter 43/178] lr=0.025000, loss=0.04537, top1=1.00000, top2=1.00000, top4=1.00000
[Train][Epoch 6/100][Iter 44/178] lr=0.025000, loss=0.37787, top1=0.87500, top2=1.00000, top4=1.00000
[Train][Epoch 6/100][Iter 45/178] lr=0.025000, loss=0.21197, top1=0.87500, top2=1.00000, top4=1.00000
[Train][Epoch 6/100][Iter 46/178] lr=0.025000, loss=0.43603, top1=0.93750, top2=0.93750, top4=1.00000
[Train][Epoch 6/100][Iter 47/178] lr=0.025000, loss=0.14071, top1=0.87500, top2=1.00000, top4=1.00000
[Train][Epoch 6/100][Iter 48/178] lr=0.025000, loss=0.86839, top1=0.56250, top2=0.87500, top4=1.00000
[Train][Epoch 6/100][Iter 49/178] lr=0.025000, loss=0.42451, top1=0.81250, top2=1.00000, top4=1.00000
[Train][Epoch 6/100][Iter 50/178] lr=0.025000, loss=0.22180, top1=0.93750, top2=1.00000, top4=1.00000
[Train][Epoch 6/100][Iter 51/178] lr=0.025000, loss=0.43643, top1=0.81250, top2=1.00000, top4=1.00000
[Train][Epoch 6/100][Iter 52/178] lr=0.025000, loss=0.13253, top1=0.93750, top2=1.00000, top4=1.00000
[Train][Epoch 6/100][Iter 53/178] lr=0.025000, loss=0.51489, top1=0.81250, top2=0.93750, top4=1.00000
[Train][Epoch 6/100][Iter 54/178] lr=0.025000, loss=0.43565, top1=0.87500, top2=1.00000, top4=1.00000
[Train][Epoch 6/100][Iter 55/178] lr=0.025000, loss=0.09340, top1=1.00000, top2=1.00000, top4=1.00000
[Train][Epoch 6/100][Iter 56/178] lr=0.025000, loss=0.70190, top1=0.75000, top2=0.93750, top4=1.00000
[Train][Epoch 6/100][Iter 57/178] lr=0.025000, loss=0.08878, top1=1.00000, top2=1.00000, top4=1.00000
[Train][Epoch 6/100][Iter 58/178] lr=0.025000, loss=0.07941, top1=1.00000, top2=1.00000, top4=1.00000
[Train][Epoch 6/100][Iter 59/178] lr=0.025000, loss=0.12748, top1=1.00000, top2=1.00000, top4=1.00000
[Train][Epoch 6/100][Iter 60/178] lr=0.025000, loss=0.34797, top1=0.87500, top2=1.00000, top4=1.00000
[Train][Epoch 6/100][Iter 61/178] lr=0.025000, loss=0.16911, top1=0.93750, top2=1.00000, top4=1.00000
[Train][Epoch 6/100][Iter 62/178] lr=0.025000, loss=0.08676, top1=1.00000, top2=1.00000, top4=1.00000
[Train][Epoch 6/100][Iter 63/178] lr=0.025000, loss=0.37527, top1=0.87500, top2=1.00000, top4=1.00000
[Train][Epoch 6/100][Iter 64/178] lr=0.025000, loss=0.22356, top1=0.87500, top2=1.00000, top4=1.00000
[Train][Epoch 6/100][Iter 65/178] lr=0.025000, loss=0.29460, top1=0.87500, top2=1.00000, top4=1.00000
[Train][Epoch 6/100][Iter 66/178] lr=0.025000, loss=0.22577, top1=0.93750, top2=1.00000, top4=1.00000
[Train][Epoch 6/100][Iter 67/178] lr=0.025000, loss=0.08346, top1=1.00000, top2=1.00000, top4=1.00000
[Train][Epoch 6/100][Iter 68/178] lr=0.025000, loss=0.04247, top1=1.00000, top2=1.00000, top4=1.00000
[Train][Epoch 6/100][Iter 69/178] lr=0.025000, loss=0.04362, top1=1.00000, top2=1.00000, top4=1.00000
[Train][Epoch 6/100][Iter 70/178] lr=0.025000, loss=0.10506, top1=0.93750, top2=1.00000, top4=1.00000
[Train][Epoch 6/100][Iter 71/178] lr=0.025000, loss=0.14038, top1=0.93750, top2=1.00000, top4=1.00000
[Train][Epoch 6/100][Iter 72/178] lr=0.025000, loss=0.13489, top1=0.93750, top2=1.00000, top4=1.00000
[Train][Epoch 6/100][Iter 73/178] lr=0.025000, loss=0.32519, top1=0.87500, top2=1.00000, top4=1.00000
[Train][Epoch 6/100][Iter 74/178] lr=0.025000, loss=0.10803, top1=1.00000, top2=1.00000, top4=1.00000
[Train][Epoch 6/100][Iter 75/178] lr=0.025000, loss=0.42494, top1=0.87500, top2=1.00000, top4=1.00000
[Train][Epoch 6/100][Iter 76/178] lr=0.025000, loss=0.18748, top1=0.93750, top2=1.00000, top4=1.00000
[Train][Epoch 6/100][Iter 77/178] lr=0.025000, loss=0.31879, top1=0.87500, top2=1.00000, top4=1.00000
[Train][Epoch 6/100][Iter 78/178] lr=0.025000, loss=0.38934, top1=0.75000, top2=1.00000, top4=1.00000
[Train][Epoch 6/100][Iter 79/178] lr=0.025000, loss=0.29887, top1=0.93750, top2=1.00000, top4=1.00000
[Train][Epoch 6/100][Iter 80/178] lr=0.025000, loss=0.24491, top1=0.87500, top2=1.00000, top4=1.00000
[Train][Epoch 6/100][Iter 81/178] lr=0.025000, loss=0.02011, top1=1.00000, top2=1.00000, top4=1.00000
[Train][Epoch 6/100][Iter 82/178] lr=0.025000, loss=0.20563, top1=0.87500, top2=1.00000, top4=1.00000
[Train][Epoch 6/100][Iter 83/178] lr=0.025000, loss=0.27707, top1=0.87500, top2=1.00000, top4=1.00000
[Train][Epoch 6/100][Iter 84/178] lr=0.025000, loss=0.11993, top1=0.93750, top2=1.00000, top4=1.00000
[Train][Epoch 6/100][Iter 85/178] lr=0.025000, loss=0.26327, top1=0.87500, top2=1.00000, top4=1.00000
[Train][Epoch 6/100][Iter 86/178] lr=0.025000, loss=0.18336, top1=0.93750, top2=1.00000, top4=1.00000
[Train][Epoch 6/100][Iter 87/178] lr=0.025000, loss=0.17739, top1=0.93750, top2=1.00000, top4=1.00000
[Train][Epoch 6/100][Iter 88/178] lr=0.025000, loss=0.53022, top1=0.75000, top2=1.00000, top4=1.00000
[Train][Epoch 6/100][Iter 89/178] lr=0.025000, loss=0.14220, top1=0.93750, top2=1.00000, top4=1.00000
[Train][Epoch 6/100][Iter 90/178] lr=0.025000, loss=0.31668, top1=0.87500, top2=1.00000, top4=1.00000
[Train][Epoch 6/100][Iter 91/178] lr=0.025000, loss=0.43744, top1=0.81250, top2=0.93750, top4=1.00000
[Train][Epoch 6/100][Iter 92/178] lr=0.025000, loss=0.36719, top1=0.81250, top2=1.00000, top4=1.00000
[Train][Epoch 6/100][Iter 93/178] lr=0.025000, loss=0.33124, top1=0.93750, top2=0.93750, top4=1.00000
[Train][Epoch 6/100][Iter 94/178] lr=0.025000, loss=0.02186, top1=1.00000, top2=1.00000, top4=1.00000
[Train][Epoch 6/100][Iter 95/178] lr=0.025000, loss=0.02751, top1=1.00000, top2=1.00000, top4=1.00000
[Train][Epoch 6/100][Iter 96/178] lr=0.025000, loss=0.11180, top1=0.93750, top2=1.00000, top4=1.00000
[Train][Epoch 6/100][Iter 97/178] lr=0.025000, loss=0.08090, top1=0.93750, top2=1.00000, top4=1.00000
[Train][Epoch 6/100][Iter 98/178] lr=0.025000, loss=0.31404, top1=0.87500, top2=1.00000, top4=1.00000
[Train][Epoch 6/100][Iter 99/178] lr=0.025000, loss=0.03985, top1=1.00000, top2=1.00000, top4=1.00000
[Train][Epoch 6/100][Iter 100/178] lr=0.025000, loss=0.25122, top1=0.81250, top2=1.00000, top4=1.00000
[Train][Epoch 6/100][Iter 101/178] lr=0.025000, loss=0.04462, top1=1.00000, top2=1.00000, top4=1.00000
[Train][Epoch 6/100][Iter 102/178] lr=0.025000, loss=0.27686, top1=0.87500, top2=1.00000, top4=1.00000
[Train][Epoch 6/100][Iter 103/178] lr=0.025000, loss=0.06198, top1=1.00000, top2=1.00000, top4=1.00000
[Train][Epoch 6/100][Iter 104/178] lr=0.025000, loss=0.06056, top1=1.00000, top2=1.00000, top4=1.00000
[Train][Epoch 6/100][Iter 105/178] lr=0.025000, loss=0.18963, top1=0.93750, top2=1.00000, top4=1.00000
[Train][Epoch 6/100][Iter 106/178] lr=0.025000, loss=0.07580, top1=1.00000, top2=1.00000, top4=1.00000
[Train][Epoch 6/100][Iter 107/178] lr=0.025000, loss=0.09055, top1=0.93750, top2=1.00000, top4=1.00000
[Train][Epoch 6/100][Iter 108/178] lr=0.025000, loss=0.06727, top1=1.00000, top2=1.00000, top4=1.00000
[Train][Epoch 6/100][Iter 109/178] lr=0.025000, loss=0.13812, top1=0.93750, top2=1.00000, top4=1.00000
[Train][Epoch 6/100][Iter 110/178] lr=0.025000, loss=0.29467, top1=0.87500, top2=1.00000, top4=1.00000
[Train][Epoch 6/100][Iter 111/178] lr=0.025000, loss=0.06637, top1=1.00000, top2=1.00000, top4=1.00000
[Train][Epoch 6/100][Iter 112/178] lr=0.025000, loss=0.29708, top1=0.87500, top2=1.00000, top4=1.00000
[Train][Epoch 6/100][Iter 113/178] lr=0.025000, loss=0.18312, top1=0.93750, top2=1.00000, top4=1.00000
[Train][Epoch 6/100][Iter 114/178] lr=0.025000, loss=0.05093, top1=1.00000, top2=1.00000, top4=1.00000
[Train][Epoch 6/100][Iter 115/178] lr=0.025000, loss=0.30857, top1=0.87500, top2=1.00000, top4=1.00000
[Train][Epoch 6/100][Iter 116/178] lr=0.025000, loss=0.24144, top1=0.87500, top2=1.00000, top4=1.00000
[Train][Epoch 6/100][Iter 117/178] lr=0.025000, loss=0.13655, top1=0.93750, top2=1.00000, top4=1.00000
[Train][Epoch 6/100][Iter 118/178] lr=0.025000, loss=0.17334, top1=0.93750, top2=1.00000, top4=1.00000
[Train][Epoch 6/100][Iter 119/178] lr=0.025000, loss=0.11340, top1=0.93750, top2=1.00000, top4=1.00000
[Train][Epoch 6/100][Iter 120/178] lr=0.025000, loss=0.39249, top1=0.87500, top2=1.00000, top4=1.00000
[Train][Epoch 6/100][Iter 121/178] lr=0.025000, loss=0.06887, top1=1.00000, top2=1.00000, top4=1.00000
[Train][Epoch 6/100][Iter 122/178] lr=0.025000, loss=0.20128, top1=0.87500, top2=1.00000, top4=1.00000
[Train][Epoch 6/100][Iter 123/178] lr=0.025000, loss=0.17144, top1=0.87500, top2=1.00000, top4=1.00000
[Train][Epoch 6/100][Iter 124/178] lr=0.025000, loss=0.03077, top1=1.00000, top2=1.00000, top4=1.00000
[Train][Epoch 6/100][Iter 125/178] lr=0.025000, loss=0.77225, top1=0.87500, top2=0.93750, top4=1.00000
[Train][Epoch 6/100][Iter 126/178] lr=0.025000, loss=0.24727, top1=0.87500, top2=1.00000, top4=1.00000
[Train][Epoch 6/100][Iter 127/178] lr=0.025000, loss=0.27952, top1=0.87500, top2=0.93750, top4=1.00000
[Train][Epoch 6/100][Iter 128/178] lr=0.025000, loss=0.31989, top1=0.87500, top2=1.00000, top4=1.00000
[Train][Epoch 6/100][Iter 129/178] lr=0.025000, loss=0.14249, top1=0.93750, top2=1.00000, top4=1.00000
[Train][Epoch 6/100][Iter 130/178] lr=0.025000, loss=0.60940, top1=0.81250, top2=0.87500, top4=1.00000
[Train][Epoch 6/100][Iter 131/178] lr=0.025000, loss=0.10943, top1=0.93750, top2=1.00000, top4=1.00000
[Train][Epoch 6/100][Iter 132/178] lr=0.025000, loss=0.42087, top1=0.87500, top2=1.00000, top4=1.00000
[Train][Epoch 6/100][Iter 133/178] lr=0.025000, loss=0.18740, top1=0.93750, top2=0.93750, top4=1.00000
[Train][Epoch 6/100][Iter 134/178] lr=0.025000, loss=0.09682, top1=0.93750, top2=1.00000, top4=1.00000
[Train][Epoch 6/100][Iter 135/178] lr=0.025000, loss=0.04931, top1=1.00000, top2=1.00000, top4=1.00000
[Train][Epoch 6/100][Iter 136/178] lr=0.025000, loss=0.24993, top1=0.93750, top2=1.00000, top4=1.00000
[Train][Epoch 6/100][Iter 137/178] lr=0.025000, loss=0.15917, top1=0.93750, top2=1.00000, top4=1.00000
[Train][Epoch 6/100][Iter 138/178] lr=0.025000, loss=0.38880, top1=0.87500, top2=1.00000, top4=1.00000
[Train][Epoch 6/100][Iter 139/178] lr=0.025000, loss=0.02298, top1=1.00000, top2=1.00000, top4=1.00000
[Train][Epoch 6/100][Iter 140/178] lr=0.025000, loss=0.20673, top1=0.87500, top2=1.00000, top4=1.00000
[Train][Epoch 6/100][Iter 141/178] lr=0.025000, loss=0.07203, top1=1.00000, top2=1.00000, top4=1.00000
[Train][Epoch 6/100][Iter 142/178] lr=0.025000, loss=0.05323, top1=1.00000, top2=1.00000, top4=1.00000
[Train][Epoch 6/100][Iter 143/178] lr=0.025000, loss=0.24575, top1=0.93750, top2=0.93750, top4=1.00000
[Train][Epoch 6/100][Iter 144/178] lr=0.025000, loss=0.05840, top1=1.00000, top2=1.00000, top4=1.00000
[Train][Epoch 6/100][Iter 145/178] lr=0.025000, loss=0.60064, top1=0.75000, top2=1.00000, top4=1.00000
[Train][Epoch 6/100][Iter 146/178] lr=0.025000, loss=0.57330, top1=0.81250, top2=0.87500, top4=1.00000
[Train][Epoch 6/100][Iter 147/178] lr=0.025000, loss=0.16629, top1=0.93750, top2=1.00000, top4=1.00000
[Train][Epoch 6/100][Iter 148/178] lr=0.025000, loss=0.23296, top1=0.93750, top2=1.00000, top4=1.00000
[Train][Epoch 6/100][Iter 149/178] lr=0.025000, loss=0.03328, top1=1.00000, top2=1.00000, top4=1.00000
[Train][Epoch 6/100][Iter 150/178] lr=0.025000, loss=0.24088, top1=0.87500, top2=0.93750, top4=1.00000
[Train][Epoch 6/100][Iter 151/178] lr=0.025000, loss=0.48953, top1=0.87500, top2=0.93750, top4=1.00000
[Train][Epoch 6/100][Iter 152/178] lr=0.025000, loss=0.23347, top1=0.87500, top2=1.00000, top4=1.00000
[Train][Epoch 6/100][Iter 153/178] lr=0.025000, loss=0.23366, top1=0.87500, top2=0.93750, top4=1.00000
[Train][Epoch 6/100][Iter 154/178] lr=0.025000, loss=0.07248, top1=1.00000, top2=1.00000, top4=1.00000
[Train][Epoch 6/100][Iter 155/178] lr=0.025000, loss=0.20235, top1=0.93750, top2=1.00000, top4=1.00000
[Train][Epoch 6/100][Iter 156/178] lr=0.025000, loss=0.50509, top1=0.87500, top2=1.00000, top4=1.00000
[Train][Epoch 6/100][Iter 157/178] lr=0.025000, loss=0.19180, top1=0.93750, top2=1.00000, top4=1.00000
[Train][Epoch 6/100][Iter 158/178] lr=0.025000, loss=0.10446, top1=1.00000, top2=1.00000, top4=1.00000
[Train][Epoch 6/100][Iter 159/178] lr=0.025000, loss=0.22222, top1=0.87500, top2=1.00000, top4=1.00000
[Train][Epoch 6/100][Iter 160/178] lr=0.025000, loss=0.21801, top1=0.93750, top2=0.93750, top4=1.00000
[Train][Epoch 6/100][Iter 161/178] lr=0.025000, loss=0.06454, top1=1.00000, top2=1.00000, top4=1.00000
[Train][Epoch 6/100][Iter 162/178] lr=0.025000, loss=0.26272, top1=0.87500, top2=1.00000, top4=1.00000
[Train][Epoch 6/100][Iter 163/178] lr=0.025000, loss=0.27407, top1=0.87500, top2=1.00000, top4=1.00000
[Train][Epoch 6/100][Iter 164/178] lr=0.025000, loss=0.16775, top1=0.87500, top2=1.00000, top4=1.00000
[Train][Epoch 6/100][Iter 165/178] lr=0.025000, loss=0.26605, top1=0.81250, top2=1.00000, top4=1.00000
[Train][Epoch 6/100][Iter 166/178] lr=0.025000, loss=0.22122, top1=0.87500, top2=1.00000, top4=1.00000
[Train][Epoch 6/100][Iter 167/178] lr=0.025000, loss=0.22244, top1=0.87500, top2=1.00000, top4=1.00000
[Train][Epoch 6/100][Iter 168/178] lr=0.025000, loss=0.25585, top1=0.93750, top2=1.00000, top4=1.00000
[Train][Epoch 6/100][Iter 169/178] lr=0.025000, loss=0.27512, top1=0.93750, top2=1.00000, top4=1.00000
[Train][Epoch 6/100][Iter 170/178] lr=0.025000, loss=0.17806, top1=0.87500, top2=1.00000, top4=1.00000
[Train][Epoch 6/100][Iter 171/178] lr=0.025000, loss=0.49588, top1=0.87500, top2=0.93750, top4=1.00000
[Train][Epoch 6/100][Iter 172/178] lr=0.025000, loss=0.13049, top1=0.93750, top2=1.00000, top4=1.00000
[Train][Epoch 6/100][Iter 173/178] lr=0.025000, loss=0.07806, top1=1.00000, top2=1.00000, top4=1.00000
[Train][Epoch 6/100][Iter 174/178] lr=0.025000, loss=0.54878, top1=0.87500, top2=0.93750, top4=1.00000
[Train][Epoch 6/100][Iter 175/178] lr=0.025000, loss=0.34634, top1=0.87500, top2=1.00000, top4=1.00000
[Train][Epoch 6/100][Iter 176/178] lr=0.025000, loss=0.17100, top1=0.93750, top2=1.00000, top4=1.00000
[Train][Epoch 6/100][Iter 177/178] lr=0.025000, loss=0.05367, top1=1.00000, top2=1.00000, top4=1.00000
[Info] epoch_time=4948.6s
[Eval][Epoch 6] loss=0.39199, top1=0.84129, top2=0.97893, top4=1.00000, time=1255.6s
[Train][Epoch 7/100][Iter 0/178] lr=0.025000, loss=0.08448, top1=1.00000, top2=1.00000, top4=1.00000
[Train][Epoch 7/100][Iter 1/178] lr=0.025000, loss=0.16372, top1=0.93750, top2=1.00000, top4=1.00000
[Train][Epoch 7/100][Iter 2/178] lr=0.025000, loss=0.23964, top1=0.87500, top2=1.00000, top4=1.00000
[Train][Epoch 7/100][Iter 3/178] lr=0.025000, loss=0.38617, top1=0.81250, top2=0.93750, top4=1.00000
[Train][Epoch 7/100][Iter 4/178] lr=0.025000, loss=0.35978, top1=0.87500, top2=1.00000, top4=1.00000
[Train][Epoch 7/100][Iter 5/178] lr=0.025000, loss=0.27491, top1=0.93750, top2=1.00000, top4=1.00000
[Train][Epoch 7/100][Iter 6/178] lr=0.025000, loss=0.20652, top1=0.87500, top2=1.00000, top4=1.00000
[Train][Epoch 7/100][Iter 7/178] lr=0.025000, loss=0.19540, top1=0.93750, top2=1.00000, top4=1.00000
[Train][Epoch 7/100][Iter 8/178] lr=0.025000, loss=0.11054, top1=1.00000, top2=1.00000, top4=1.00000
[Train][Epoch 7/100][Iter 9/178] lr=0.025000, loss=0.22570, top1=0.87500, top2=1.00000, top4=1.00000
[Train][Epoch 7/100][Iter 10/178] lr=0.025000, loss=0.13111, top1=0.93750, top2=1.00000, top4=1.00000
[Train][Epoch 7/100][Iter 11/178] lr=0.025000, loss=0.32201, top1=0.81250, top2=1.00000, top4=1.00000
[Train][Epoch 7/100][Iter 12/178] lr=0.025000, loss=0.30363, top1=0.87500, top2=0.93750, top4=1.00000
[Train][Epoch 7/100][Iter 13/178] lr=0.025000, loss=0.19361, top1=0.93750, top2=1.00000, top4=1.00000
[Train][Epoch 7/100][Iter 14/178] lr=0.025000, loss=0.04914, top1=1.00000, top2=1.00000, top4=1.00000
[Train][Epoch 7/100][Iter 15/178] lr=0.025000, loss=0.09501, top1=1.00000, top2=1.00000, top4=1.00000
[Train][Epoch 7/100][Iter 16/178] lr=0.025000, loss=0.25303, top1=0.87500, top2=1.00000, top4=1.00000
[Train][Epoch 7/100][Iter 17/178] lr=0.025000, loss=0.37881, top1=0.87500, top2=1.00000, top4=1.00000
[Train][Epoch 7/100][Iter 18/178] lr=0.025000, loss=0.17623, top1=0.87500, top2=1.00000, top4=1.00000
[Train][Epoch 7/100][Iter 19/178] lr=0.025000, loss=0.52725, top1=0.87500, top2=1.00000, top4=1.00000
[Train][Epoch 7/100][Iter 20/178] lr=0.025000, loss=0.16416, top1=0.87500, top2=1.00000, top4=1.00000
[Train][Epoch 7/100][Iter 21/178] lr=0.025000, loss=0.05400, top1=1.00000, top2=1.00000, top4=1.00000
[Train][Epoch 7/100][Iter 22/178] lr=0.025000, loss=0.35972, top1=0.87500, top2=1.00000, top4=1.00000
[Train][Epoch 7/100][Iter 23/178] lr=0.025000, loss=0.30736, top1=0.87500, top2=1.00000, top4=1.00000
[Train][Epoch 7/100][Iter 24/178] lr=0.025000, loss=0.21410, top1=0.87500, top2=1.00000, top4=1.00000
[Train][Epoch 7/100][Iter 25/178] lr=0.025000, loss=0.07753, top1=1.00000, top2=1.00000, top4=1.00000
[Train][Epoch 7/100][Iter 26/178] lr=0.025000, loss=0.29014, top1=0.81250, top2=1.00000, top4=1.00000
[Train][Epoch 7/100][Iter 27/178] lr=0.025000, loss=0.25581, top1=0.93750, top2=1.00000, top4=1.00000
[Train][Epoch 7/100][Iter 28/178] lr=0.025000, loss=0.10560, top1=0.93750, top2=1.00000, top4=1.00000
[Train][Epoch 7/100][Iter 29/178] lr=0.025000, loss=0.03686, top1=1.00000, top2=1.00000, top4=1.00000
[Train][Epoch 7/100][Iter 30/178] lr=0.025000, loss=0.28559, top1=0.81250, top2=1.00000, top4=1.00000
[Train][Epoch 7/100][Iter 31/178] lr=0.025000, loss=0.14078, top1=1.00000, top2=1.00000, top4=1.00000
[Train][Epoch 7/100][Iter 32/178] lr=0.025000, loss=0.56075, top1=0.87500, top2=1.00000, top4=1.00000
[Train][Epoch 7/100][Iter 33/178] lr=0.025000, loss=0.15941, top1=0.93750, top2=1.00000, top4=1.00000
[Train][Epoch 7/100][Iter 34/178] lr=0.025000, loss=0.32007, top1=0.81250, top2=1.00000, top4=1.00000
[Train][Epoch 7/100][Iter 35/178] lr=0.025000, loss=0.07584, top1=1.00000, top2=1.00000, top4=1.00000
[Train][Epoch 7/100][Iter 36/178] lr=0.025000, loss=0.11872, top1=1.00000, top2=1.00000, top4=1.00000
[Train][Epoch 7/100][Iter 37/178] lr=0.025000, loss=0.57694, top1=0.75000, top2=1.00000, top4=1.00000
[Train][Epoch 7/100][Iter 38/178] lr=0.025000, loss=0.06640, top1=1.00000, top2=1.00000, top4=1.00000
[Train][Epoch 7/100][Iter 39/178] lr=0.025000, loss=0.11991, top1=0.93750, top2=1.00000, top4=1.00000
[Train][Epoch 7/100][Iter 40/178] lr=0.025000, loss=0.08019, top1=1.00000, top2=1.00000, top4=1.00000
[Train][Epoch 7/100][Iter 41/178] lr=0.025000, loss=0.03898, top1=1.00000, top2=1.00000, top4=1.00000
[Train][Epoch 7/100][Iter 42/178] lr=0.025000, loss=0.16393, top1=1.00000, top2=1.00000, top4=1.00000
[Train][Epoch 7/100][Iter 43/178] lr=0.025000, loss=0.08204, top1=1.00000, top2=1.00000, top4=1.00000
[Train][Epoch 7/100][Iter 44/178] lr=0.025000, loss=0.39066, top1=0.81250, top2=1.00000, top4=1.00000
[Train][Epoch 7/100][Iter 45/178] lr=0.025000, loss=0.29244, top1=0.81250, top2=1.00000, top4=1.00000
[Train][Epoch 7/100][Iter 46/178] lr=0.025000, loss=0.09814, top1=1.00000, top2=1.00000, top4=1.00000
[Train][Epoch 7/100][Iter 47/178] lr=0.025000, loss=0.17346, top1=0.93750, top2=1.00000, top4=1.00000
[Train][Epoch 7/100][Iter 48/178] lr=0.025000, loss=0.05219, top1=1.00000, top2=1.00000, top4=1.00000
[Train][Epoch 7/100][Iter 49/178] lr=0.025000, loss=0.03400, top1=1.00000, top2=1.00000, top4=1.00000
[Train][Epoch 7/100][Iter 50/178] lr=0.025000, loss=0.06915, top1=1.00000, top2=1.00000, top4=1.00000
[Train][Epoch 7/100][Iter 51/178] lr=0.025000, loss=0.11269, top1=1.00000, top2=1.00000, top4=1.00000
[Train][Epoch 7/100][Iter 52/178] lr=0.025000, loss=0.18346, top1=0.87500, top2=1.00000, top4=1.00000
[Train][Epoch 7/100][Iter 53/178] lr=0.025000, loss=0.07700, top1=1.00000, top2=1.00000, top4=1.00000
[Train][Epoch 7/100][Iter 54/178] lr=0.025000, loss=0.12703, top1=1.00000, top2=1.00000, top4=1.00000
[Train][Epoch 7/100][Iter 55/178] lr=0.025000, loss=0.63694, top1=0.75000, top2=0.93750, top4=1.00000
[Train][Epoch 7/100][Iter 56/178] lr=0.025000, loss=0.25180, top1=0.87500, top2=1.00000, top4=1.00000
[Train][Epoch 7/100][Iter 57/178] lr=0.025000, loss=0.03286, top1=1.00000, top2=1.00000, top4=1.00000
[Train][Epoch 7/100][Iter 58/178] lr=0.025000, loss=0.16748, top1=0.87500, top2=1.00000, top4=1.00000
[Train][Epoch 7/100][Iter 59/178] lr=0.025000, loss=0.09788, top1=1.00000, top2=1.00000, top4=1.00000
[Train][Epoch 7/100][Iter 60/178] lr=0.025000, loss=0.19534, top1=0.81250, top2=1.00000, top4=1.00000
[Train][Epoch 7/100][Iter 61/178] lr=0.025000, loss=0.10621, top1=1.00000, top2=1.00000, top4=1.00000
[Train][Epoch 7/100][Iter 62/178] lr=0.025000, loss=0.15773, top1=1.00000, top2=1.00000, top4=1.00000
[Train][Epoch 7/100][Iter 63/178] lr=0.025000, loss=0.27053, top1=0.87500, top2=1.00000, top4=1.00000
[Train][Epoch 7/100][Iter 64/178] lr=0.025000, loss=0.18091, top1=0.93750, top2=1.00000, top4=1.00000
[Train][Epoch 7/100][Iter 65/178] lr=0.025000, loss=0.28495, top1=0.87500, top2=1.00000, top4=1.00000
[Train][Epoch 7/100][Iter 66/178] lr=0.025000, loss=0.38723, top1=0.87500, top2=1.00000, top4=1.00000
[Train][Epoch 7/100][Iter 67/178] lr=0.025000, loss=0.19955, top1=0.93750, top2=1.00000, top4=1.00000
[Train][Epoch 7/100][Iter 68/178] lr=0.025000, loss=0.48255, top1=0.68750, top2=1.00000, top4=1.00000
[Train][Epoch 7/100][Iter 69/178] lr=0.025000, loss=0.13232, top1=0.93750, top2=1.00000, top4=1.00000
[Train][Epoch 7/100][Iter 70/178] lr=0.025000, loss=0.11011, top1=0.93750, top2=1.00000, top4=1.00000
[Train][Epoch 7/100][Iter 71/178] lr=0.025000, loss=0.14383, top1=1.00000, top2=1.00000, top4=1.00000
[Train][Epoch 7/100][Iter 72/178] lr=0.025000, loss=0.15928, top1=0.87500, top2=1.00000, top4=1.00000
[Train][Epoch 7/100][Iter 73/178] lr=0.025000, loss=0.21027, top1=0.87500, top2=1.00000, top4=1.00000
[Train][Epoch 7/100][Iter 74/178] lr=0.025000, loss=0.29145, top1=0.81250, top2=1.00000, top4=1.00000
[Train][Epoch 7/100][Iter 75/178] lr=0.025000, loss=0.05338, top1=1.00000, top2=1.00000, top4=1.00000
[Train][Epoch 7/100][Iter 76/178] lr=0.025000, loss=0.33881, top1=0.93750, top2=1.00000, top4=1.00000
[Train][Epoch 7/100][Iter 77/178] lr=0.025000, loss=0.24887, top1=0.93750, top2=1.00000, top4=1.00000
[Train][Epoch 7/100][Iter 78/178] lr=0.025000, loss=0.26900, top1=0.93750, top2=1.00000, top4=1.00000
[Train][Epoch 7/100][Iter 79/178] lr=0.025000, loss=0.50464, top1=0.81250, top2=0.93750, top4=1.00000
[Train][Epoch 7/100][Iter 80/178] lr=0.025000, loss=0.22036, top1=0.87500, top2=1.00000, top4=1.00000
[Train][Epoch 7/100][Iter 81/178] lr=0.025000, loss=0.32732, top1=0.93750, top2=0.93750, top4=1.00000
[Train][Epoch 7/100][Iter 82/178] lr=0.025000, loss=0.19849, top1=0.81250, top2=1.00000, top4=1.00000
[Train][Epoch 7/100][Iter 83/178] lr=0.025000, loss=0.28896, top1=0.87500, top2=1.00000, top4=1.00000
[Train][Epoch 7/100][Iter 84/178] lr=0.025000, loss=0.09019, top1=0.93750, top2=1.00000, top4=1.00000
[Train][Epoch 7/100][Iter 85/178] lr=0.025000, loss=0.31460, top1=0.93750, top2=0.93750, top4=1.00000
[Train][Epoch 7/100][Iter 86/178] lr=0.025000, loss=0.04010, top1=1.00000, top2=1.00000, top4=1.00000
[Train][Epoch 7/100][Iter 87/178] lr=0.025000, loss=0.11239, top1=1.00000, top2=1.00000, top4=1.00000
[Train][Epoch 7/100][Iter 88/178] lr=0.025000, loss=0.20123, top1=0.87500, top2=1.00000, top4=1.00000
[Train][Epoch 7/100][Iter 89/178] lr=0.025000, loss=0.02951, top1=1.00000, top2=1.00000, top4=1.00000
[Train][Epoch 7/100][Iter 90/178] lr=0.025000, loss=0.13260, top1=1.00000, top2=1.00000, top4=1.00000
[Train][Epoch 7/100][Iter 91/178] lr=0.025000, loss=0.05550, top1=1.00000, top2=1.00000, top4=1.00000
[Train][Epoch 7/100][Iter 92/178] lr=0.025000, loss=0.10958, top1=0.93750, top2=1.00000, top4=1.00000
[Train][Epoch 7/100][Iter 93/178] lr=0.025000, loss=0.17397, top1=0.93750, top2=1.00000, top4=1.00000
[Train][Epoch 7/100][Iter 94/178] lr=0.025000, loss=0.13560, top1=0.93750, top2=1.00000, top4=1.00000
[Train][Epoch 7/100][Iter 95/178] lr=0.025000, loss=0.05144, top1=1.00000, top2=1.00000, top4=1.00000
[Train][Epoch 7/100][Iter 96/178] lr=0.025000, loss=0.28878, top1=0.87500, top2=1.00000, top4=1.00000
[Train][Epoch 7/100][Iter 97/178] lr=0.025000, loss=0.16092, top1=1.00000, top2=1.00000, top4=1.00000
[Train][Epoch 7/100][Iter 98/178] lr=0.025000, loss=0.27341, top1=0.87500, top2=1.00000, top4=1.00000
[Train][Epoch 7/100][Iter 99/178] lr=0.025000, loss=0.06109, top1=1.00000, top2=1.00000, top4=1.00000
[Train][Epoch 7/100][Iter 100/178] lr=0.025000, loss=0.28709, top1=0.87500, top2=1.00000, top4=1.00000
[Train][Epoch 7/100][Iter 101/178] lr=0.025000, loss=0.12747, top1=0.93750, top2=1.00000, top4=1.00000
[Train][Epoch 7/100][Iter 102/178] lr=0.025000, loss=0.11664, top1=0.93750, top2=1.00000, top4=1.00000
[Train][Epoch 7/100][Iter 103/178] lr=0.025000, loss=0.27984, top1=0.93750, top2=1.00000, top4=1.00000
[Train][Epoch 7/100][Iter 104/178] lr=0.025000, loss=0.05769, top1=0.93750, top2=1.00000, top4=1.00000
[Train][Epoch 7/100][Iter 105/178] lr=0.025000, loss=0.01834, top1=1.00000, top2=1.00000, top4=1.00000
[Train][Epoch 7/100][Iter 106/178] lr=0.025000, loss=0.03920, top1=1.00000, top2=1.00000, top4=1.00000
[Train][Epoch 7/100][Iter 107/178] lr=0.025000, loss=0.45024, top1=0.81250, top2=1.00000, top4=1.00000
[Train][Epoch 7/100][Iter 108/178] lr=0.025000, loss=0.02235, top1=1.00000, top2=1.00000, top4=1.00000
[Train][Epoch 7/100][Iter 109/178] lr=0.025000, loss=0.10009, top1=1.00000, top2=1.00000, top4=1.00000
[Train][Epoch 7/100][Iter 110/178] lr=0.025000, loss=0.11818, top1=0.93750, top2=1.00000, top4=1.00000
[Train][Epoch 7/100][Iter 111/178] lr=0.025000, loss=0.21228, top1=0.87500, top2=1.00000, top4=1.00000
[Train][Epoch 7/100][Iter 112/178] lr=0.025000, loss=0.31483, top1=0.87500, top2=1.00000, top4=1.00000
[Train][Epoch 7/100][Iter 113/178] lr=0.025000, loss=0.57970, top1=0.81250, top2=1.00000, top4=1.00000
[Train][Epoch 7/100][Iter 114/178] lr=0.025000, loss=0.02938, top1=1.00000, top2=1.00000, top4=1.00000
[Train][Epoch 7/100][Iter 115/178] lr=0.025000, loss=0.01040, top1=1.00000, top2=1.00000, top4=1.00000
[Train][Epoch 7/100][Iter 116/178] lr=0.025000, loss=0.32511, top1=0.87500, top2=1.00000, top4=1.00000
[Train][Epoch 7/100][Iter 117/178] lr=0.025000, loss=0.13732, top1=0.93750, top2=1.00000, top4=1.00000
[Train][Epoch 7/100][Iter 118/178] lr=0.025000, loss=0.12805, top1=0.93750, top2=1.00000, top4=1.00000
[Train][Epoch 7/100][Iter 119/178] lr=0.025000, loss=0.26633, top1=0.87500, top2=1.00000, top4=1.00000
[Train][Epoch 7/100][Iter 120/178] lr=0.025000, loss=0.09111, top1=1.00000, top2=1.00000, top4=1.00000
[Train][Epoch 7/100][Iter 121/178] lr=0.025000, loss=0.11035, top1=0.93750, top2=1.00000, top4=1.00000
[Train][Epoch 7/100][Iter 122/178] lr=0.025000, loss=0.10640, top1=0.93750, top2=1.00000, top4=1.00000
[Train][Epoch 7/100][Iter 123/178] lr=0.025000, loss=0.40696, top1=0.87500, top2=0.93750, top4=1.00000
[Train][Epoch 7/100][Iter 124/178] lr=0.025000, loss=0.06304, top1=1.00000, top2=1.00000, top4=1.00000
[Train][Epoch 7/100][Iter 125/178] lr=0.025000, loss=0.23243, top1=0.93750, top2=1.00000, top4=1.00000
[Train][Epoch 7/100][Iter 126/178] lr=0.025000, loss=0.26641, top1=0.81250, top2=1.00000, top4=1.00000
[Train][Epoch 7/100][Iter 127/178] lr=0.025000, loss=0.38947, top1=0.75000, top2=1.00000, top4=1.00000
[Train][Epoch 7/100][Iter 128/178] lr=0.025000, loss=0.22912, top1=0.93750, top2=1.00000, top4=1.00000
[Train][Epoch 7/100][Iter 129/178] lr=0.025000, loss=0.09772, top1=0.93750, top2=1.00000, top4=1.00000
[Train][Epoch 7/100][Iter 130/178] lr=0.025000, loss=0.23083, top1=0.87500, top2=1.00000, top4=1.00000
[Train][Epoch 7/100][Iter 131/178] lr=0.025000, loss=0.08020, top1=0.93750, top2=1.00000, top4=1.00000
[Train][Epoch 7/100][Iter 132/178] lr=0.025000, loss=0.46558, top1=0.75000, top2=1.00000, top4=1.00000
[Train][Epoch 7/100][Iter 133/178] lr=0.025000, loss=0.12130, top1=0.93750, top2=1.00000, top4=1.00000
[Train][Epoch 7/100][Iter 134/178] lr=0.025000, loss=0.34282, top1=0.87500, top2=1.00000, top4=1.00000
[Train][Epoch 7/100][Iter 135/178] lr=0.025000, loss=0.21273, top1=0.93750, top2=1.00000, top4=1.00000
[Train][Epoch 7/100][Iter 136/178] lr=0.025000, loss=0.04567, top1=1.00000, top2=1.00000, top4=1.00000
[Train][Epoch 7/100][Iter 137/178] lr=0.025000, loss=0.05711, top1=1.00000, top2=1.00000, top4=1.00000
[Train][Epoch 7/100][Iter 138/178] lr=0.025000, loss=0.21665, top1=0.87500, top2=1.00000, top4=1.00000
[Train][Epoch 7/100][Iter 139/178] lr=0.025000, loss=0.19484, top1=0.93750, top2=1.00000, top4=1.00000
[Train][Epoch 7/100][Iter 140/178] lr=0.025000, loss=0.14275, top1=0.87500, top2=1.00000, top4=1.00000
[Train][Epoch 7/100][Iter 141/178] lr=0.025000, loss=0.46862, top1=0.87500, top2=0.93750, top4=1.00000
[Train][Epoch 7/100][Iter 142/178] lr=0.025000, loss=0.26127, top1=0.87500, top2=1.00000, top4=1.00000
[Train][Epoch 7/100][Iter 143/178] lr=0.025000, loss=0.43852, top1=0.81250, top2=1.00000, top4=1.00000
[Train][Epoch 7/100][Iter 144/178] lr=0.025000, loss=0.09487, top1=0.93750, top2=1.00000, top4=1.00000
[Train][Epoch 7/100][Iter 145/178] lr=0.025000, loss=0.11815, top1=0.93750, top2=1.00000, top4=1.00000
[Train][Epoch 7/100][Iter 146/178] lr=0.025000, loss=0.22987, top1=0.87500, top2=1.00000, top4=1.00000
[Train][Epoch 7/100][Iter 147/178] lr=0.025000, loss=0.35257, top1=0.87500, top2=0.93750, top4=1.00000
[Train][Epoch 7/100][Iter 148/178] lr=0.025000, loss=0.06289, top1=1.00000, top2=1.00000, top4=1.00000
[Train][Epoch 7/100][Iter 149/178] lr=0.025000, loss=0.43232, top1=0.87500, top2=1.00000, top4=1.00000
[Train][Epoch 7/100][Iter 150/178] lr=0.025000, loss=0.23105, top1=0.93750, top2=1.00000, top4=1.00000
[Train][Epoch 7/100][Iter 151/178] lr=0.025000, loss=0.26468, top1=0.87500, top2=1.00000, top4=1.00000
[Train][Epoch 7/100][Iter 152/178] lr=0.025000, loss=0.25817, top1=0.87500, top2=1.00000, top4=1.00000
[Train][Epoch 7/100][Iter 153/178] lr=0.025000, loss=0.38637, top1=0.75000, top2=1.00000, top4=1.00000
[Train][Epoch 7/100][Iter 154/178] lr=0.025000, loss=0.54372, top1=0.81250, top2=0.93750, top4=1.00000
[Train][Epoch 7/100][Iter 155/178] lr=0.025000, loss=0.18024, top1=0.93750, top2=1.00000, top4=1.00000
[Train][Epoch 7/100][Iter 156/178] lr=0.025000, loss=0.40134, top1=0.75000, top2=1.00000, top4=1.00000
[Train][Epoch 7/100][Iter 157/178] lr=0.025000, loss=0.26328, top1=0.81250, top2=1.00000, top4=1.00000
[Train][Epoch 7/100][Iter 158/178] lr=0.025000, loss=0.25314, top1=0.87500, top2=1.00000, top4=1.00000
[Train][Epoch 7/100][Iter 159/178] lr=0.025000, loss=0.29000, top1=0.93750, top2=1.00000, top4=1.00000
[Train][Epoch 7/100][Iter 160/178] lr=0.025000, loss=0.48662, top1=0.75000, top2=1.00000, top4=1.00000
[Train][Epoch 7/100][Iter 161/178] lr=0.025000, loss=0.04420, top1=1.00000, top2=1.00000, top4=1.00000
[Train][Epoch 7/100][Iter 162/178] lr=0.025000, loss=0.12447, top1=1.00000, top2=1.00000, top4=1.00000
[Train][Epoch 7/100][Iter 163/178] lr=0.025000, loss=0.23123, top1=0.93750, top2=1.00000, top4=1.00000
[Train][Epoch 7/100][Iter 164/178] lr=0.025000, loss=0.06208, top1=1.00000, top2=1.00000, top4=1.00000
[Train][Epoch 7/100][Iter 165/178] lr=0.025000, loss=0.19627, top1=0.87500, top2=1.00000, top4=1.00000
[Train][Epoch 7/100][Iter 166/178] lr=0.025000, loss=0.12818, top1=1.00000, top2=1.00000, top4=1.00000
[Train][Epoch 7/100][Iter 167/178] lr=0.025000, loss=0.09652, top1=1.00000, top2=1.00000, top4=1.00000
[Train][Epoch 7/100][Iter 168/178] lr=0.025000, loss=0.13447, top1=1.00000, top2=1.00000, top4=1.00000
[Train][Epoch 7/100][Iter 169/178] lr=0.025000, loss=0.03860, top1=1.00000, top2=1.00000, top4=1.00000
[Train][Epoch 7/100][Iter 170/178] lr=0.025000, loss=0.06626, top1=1.00000, top2=1.00000, top4=1.00000
[Train][Epoch 7/100][Iter 171/178] lr=0.025000, loss=0.14997, top1=0.93750, top2=1.00000, top4=1.00000
[Train][Epoch 7/100][Iter 172/178] lr=0.025000, loss=0.22571, top1=0.87500, top2=1.00000, top4=1.00000
[Train][Epoch 7/100][Iter 173/178] lr=0.025000, loss=0.36160, top1=0.87500, top2=0.93750, top4=1.00000
[Train][Epoch 7/100][Iter 174/178] lr=0.025000, loss=0.48602, top1=0.75000, top2=1.00000, top4=1.00000
[Train][Epoch 7/100][Iter 175/178] lr=0.025000, loss=0.13229, top1=0.93750, top2=1.00000, top4=1.00000
[Train][Epoch 7/100][Iter 176/178] lr=0.025000, loss=0.67880, top1=0.93750, top2=1.00000, top4=1.00000
[Train][Epoch 7/100][Iter 177/178] lr=0.025000, loss=0.00942, top1=1.00000, top2=1.00000, top4=1.00000
[Info] epoch_time=4969.4s
[Eval][Epoch 7] loss=0.26461, top1=0.89045, top2=0.98736, top4=1.00000, time=1217.7s
[Train][Epoch 8/100][Iter 0/178] lr=0.025000, loss=0.24325, top1=0.93750, top2=1.00000, top4=1.00000
[Train][Epoch 8/100][Iter 1/178] lr=0.025000, loss=0.36038, top1=0.81250, top2=1.00000, top4=1.00000
[Train][Epoch 8/100][Iter 2/178] lr=0.025000, loss=0.03176, top1=1.00000, top2=1.00000, top4=1.00000
[Train][Epoch 8/100][Iter 3/178] lr=0.025000, loss=0.21494, top1=0.93750, top2=1.00000, top4=1.00000
[Train][Epoch 8/100][Iter 4/178] lr=0.025000, loss=0.10876, top1=0.93750, top2=1.00000, top4=1.00000
[Train][Epoch 8/100][Iter 5/178] lr=0.025000, loss=0.28894, top1=0.93750, top2=1.00000, top4=1.00000
[Train][Epoch 8/100][Iter 6/178] lr=0.025000, loss=0.13139, top1=0.93750, top2=1.00000, top4=1.00000
[Train][Epoch 8/100][Iter 7/178] lr=0.025000, loss=0.55827, top1=0.81250, top2=0.87500, top4=1.00000
[Train][Epoch 8/100][Iter 8/178] lr=0.025000, loss=0.08566, top1=1.00000, top2=1.00000, top4=1.00000
[Train][Epoch 8/100][Iter 9/178] lr=0.025000, loss=0.04490, top1=1.00000, top2=1.00000, top4=1.00000
[Train][Epoch 8/100][Iter 10/178] lr=0.025000, loss=0.08948, top1=1.00000, top2=1.00000, top4=1.00000
[Train][Epoch 8/100][Iter 11/178] lr=0.025000, loss=0.08467, top1=1.00000, top2=1.00000, top4=1.00000
[Train][Epoch 8/100][Iter 12/178] lr=0.025000, loss=0.26467, top1=0.93750, top2=1.00000, top4=1.00000
[Train][Epoch 8/100][Iter 13/178] lr=0.025000, loss=0.13534, top1=0.93750, top2=1.00000, top4=1.00000
[Train][Epoch 8/100][Iter 14/178] lr=0.025000, loss=0.16895, top1=0.87500, top2=1.00000, top4=1.00000
[Train][Epoch 8/100][Iter 15/178] lr=0.025000, loss=0.14797, top1=1.00000, top2=1.00000, top4=1.00000
[Train][Epoch 8/100][Iter 16/178] lr=0.025000, loss=0.14589, top1=0.93750, top2=1.00000, top4=1.00000
[Train][Epoch 8/100][Iter 17/178] lr=0.025000, loss=0.18212, top1=0.87500, top2=1.00000, top4=1.00000
[Train][Epoch 8/100][Iter 18/178] lr=0.025000, loss=0.12501, top1=1.00000, top2=1.00000, top4=1.00000
[Train][Epoch 8/100][Iter 19/178] lr=0.025000, loss=0.09732, top1=1.00000, top2=1.00000, top4=1.00000
[Train][Epoch 8/100][Iter 20/178] lr=0.025000, loss=0.07681, top1=1.00000, top2=1.00000, top4=1.00000
[Train][Epoch 8/100][Iter 21/178] lr=0.025000, loss=0.29665, top1=0.93750, top2=1.00000, top4=1.00000
[Train][Epoch 8/100][Iter 22/178] lr=0.025000, loss=0.21431, top1=0.87500, top2=1.00000, top4=1.00000
[Train][Epoch 8/100][Iter 23/178] lr=0.025000, loss=0.08442, top1=0.93750, top2=1.00000, top4=1.00000
[Train][Epoch 8/100][Iter 24/178] lr=0.025000, loss=0.21941, top1=0.93750, top2=1.00000, top4=1.00000
[Train][Epoch 8/100][Iter 25/178] lr=0.025000, loss=0.20818, top1=0.87500, top2=1.00000, top4=1.00000
[Train][Epoch 8/100][Iter 26/178] lr=0.025000, loss=0.10712, top1=0.93750, top2=1.00000, top4=1.00000
[Train][Epoch 8/100][Iter 27/178] lr=0.025000, loss=0.02550, top1=1.00000, top2=1.00000, top4=1.00000
[Train][Epoch 8/100][Iter 28/178] lr=0.025000, loss=0.05617, top1=1.00000, top2=1.00000, top4=1.00000
[Train][Epoch 8/100][Iter 29/178] lr=0.025000, loss=0.29681, top1=0.87500, top2=1.00000, top4=1.00000
[Train][Epoch 8/100][Iter 30/178] lr=0.025000, loss=0.20703, top1=0.87500, top2=1.00000, top4=1.00000
[Train][Epoch 8/100][Iter 31/178] lr=0.025000, loss=0.23484, top1=0.87500, top2=1.00000, top4=1.00000
[Train][Epoch 8/100][Iter 32/178] lr=0.025000, loss=0.05755, top1=1.00000, top2=1.00000, top4=1.00000
[Train][Epoch 8/100][Iter 33/178] lr=0.025000, loss=0.08803, top1=1.00000, top2=1.00000, top4=1.00000
[Train][Epoch 8/100][Iter 34/178] lr=0.025000, loss=0.34045, top1=0.87500, top2=1.00000, top4=1.00000
[Train][Epoch 8/100][Iter 35/178] lr=0.025000, loss=0.09773, top1=0.93750, top2=1.00000, top4=1.00000
[Train][Epoch 8/100][Iter 36/178] lr=0.025000, loss=0.05277, top1=1.00000, top2=1.00000, top4=1.00000
[Train][Epoch 8/100][Iter 37/178] lr=0.025000, loss=0.32550, top1=0.87500, top2=1.00000, top4=1.00000
[Train][Epoch 8/100][Iter 38/178] lr=0.025000, loss=0.60674, top1=0.81250, top2=1.00000, top4=1.00000
[Train][Epoch 8/100][Iter 39/178] lr=0.025000, loss=0.07518, top1=1.00000, top2=1.00000, top4=1.00000
[Train][Epoch 8/100][Iter 40/178] lr=0.025000, loss=0.32454, top1=0.93750, top2=1.00000, top4=1.00000
[Train][Epoch 8/100][Iter 41/178] lr=0.025000, loss=0.32691, top1=0.87500, top2=1.00000, top4=1.00000
[Train][Epoch 8/100][Iter 42/178] lr=0.025000, loss=0.01793, top1=1.00000, top2=1.00000, top4=1.00000
[Train][Epoch 8/100][Iter 43/178] lr=0.025000, loss=0.05239, top1=1.00000, top2=1.00000, top4=1.00000
[Train][Epoch 8/100][Iter 44/178] lr=0.025000, loss=0.27622, top1=0.87500, top2=1.00000, top4=1.00000
[Train][Epoch 8/100][Iter 45/178] lr=0.025000, loss=0.11318, top1=1.00000, top2=1.00000, top4=1.00000
[Train][Epoch 8/100][Iter 46/178] lr=0.025000, loss=0.08734, top1=0.93750, top2=1.00000, top4=1.00000
[Train][Epoch 8/100][Iter 47/178] lr=0.025000, loss=0.17963, top1=0.93750, top2=1.00000, top4=1.00000
[Train][Epoch 8/100][Iter 48/178] lr=0.025000, loss=0.08928, top1=1.00000, top2=1.00000, top4=1.00000
[Train][Epoch 8/100][Iter 49/178] lr=0.025000, loss=0.08023, top1=1.00000, top2=1.00000, top4=1.00000
[Train][Epoch 8/100][Iter 50/178] lr=0.025000, loss=0.05832, top1=1.00000, top2=1.00000, top4=1.00000
[Train][Epoch 8/100][Iter 51/178] lr=0.025000, loss=0.17234, top1=0.93750, top2=1.00000, top4=1.00000
[Train][Epoch 8/100][Iter 52/178] lr=0.025000, loss=0.94400, top1=0.62500, top2=1.00000, top4=1.00000
[Train][Epoch 8/100][Iter 53/178] lr=0.025000, loss=0.20281, top1=0.93750, top2=1.00000, top4=1.00000
[Train][Epoch 8/100][Iter 54/178] lr=0.025000, loss=0.19224, top1=0.93750, top2=0.93750, top4=1.00000
[Train][Epoch 8/100][Iter 55/178] lr=0.025000, loss=0.02667, top1=1.00000, top2=1.00000, top4=1.00000
[Train][Epoch 8/100][Iter 56/178] lr=0.025000, loss=0.27416, top1=0.87500, top2=1.00000, top4=1.00000
[Train][Epoch 8/100][Iter 57/178] lr=0.025000, loss=0.13437, top1=0.93750, top2=1.00000, top4=1.00000
[Train][Epoch 8/100][Iter 58/178] lr=0.025000, loss=0.19494, top1=0.93750, top2=1.00000, top4=1.00000
[Train][Epoch 8/100][Iter 59/178] lr=0.025000, loss=0.01564, top1=1.00000, top2=1.00000, top4=1.00000
[Train][Epoch 8/100][Iter 60/178] lr=0.025000, loss=0.02259, top1=1.00000, top2=1.00000, top4=1.00000
[Train][Epoch 8/100][Iter 61/178] lr=0.025000, loss=0.12544, top1=1.00000, top2=1.00000, top4=1.00000
[Train][Epoch 8/100][Iter 62/178] lr=0.025000, loss=0.02417, top1=1.00000, top2=1.00000, top4=1.00000
[Train][Epoch 8/100][Iter 63/178] lr=0.025000, loss=0.03019, top1=1.00000, top2=1.00000, top4=1.00000
[Train][Epoch 8/100][Iter 64/178] lr=0.025000, loss=0.11498, top1=0.93750, top2=1.00000, top4=1.00000
[Train][Epoch 8/100][Iter 65/178] lr=0.025000, loss=0.16087, top1=0.87500, top2=1.00000, top4=1.00000
[Train][Epoch 8/100][Iter 66/178] lr=0.025000, loss=0.06253, top1=1.00000, top2=1.00000, top4=1.00000
[Train][Epoch 8/100][Iter 67/178] lr=0.025000, loss=0.57066, top1=0.81250, top2=1.00000, top4=1.00000
[Train][Epoch 8/100][Iter 68/178] lr=0.025000, loss=0.15458, top1=0.93750, top2=1.00000, top4=1.00000
[Train][Epoch 8/100][Iter 69/178] lr=0.025000, loss=0.33781, top1=0.93750, top2=1.00000, top4=1.00000
[Train][Epoch 8/100][Iter 70/178] lr=0.025000, loss=0.26365, top1=0.87500, top2=1.00000, top4=1.00000
[Train][Epoch 8/100][Iter 71/178] lr=0.025000, loss=0.12398, top1=0.93750, top2=1.00000, top4=1.00000
[Train][Epoch 8/100][Iter 72/178] lr=0.025000, loss=0.14755, top1=0.87500, top2=1.00000, top4=1.00000
[Train][Epoch 8/100][Iter 73/178] lr=0.025000, loss=0.02334, top1=1.00000, top2=1.00000, top4=1.00000
[Train][Epoch 8/100][Iter 74/178] lr=0.025000, loss=0.19255, top1=0.87500, top2=1.00000, top4=1.00000
[Train][Epoch 8/100][Iter 75/178] lr=0.025000, loss=0.10279, top1=1.00000, top2=1.00000, top4=1.00000
[Train][Epoch 8/100][Iter 76/178] lr=0.025000, loss=0.02653, top1=1.00000, top2=1.00000, top4=1.00000
[Train][Epoch 8/100][Iter 77/178] lr=0.025000, loss=0.48831, top1=0.81250, top2=1.00000, top4=1.00000
[Train][Epoch 8/100][Iter 78/178] lr=0.025000, loss=0.34283, top1=0.87500, top2=1.00000, top4=1.00000
[Train][Epoch 8/100][Iter 79/178] lr=0.025000, loss=0.19906, top1=0.93750, top2=1.00000, top4=1.00000
[Train][Epoch 8/100][Iter 80/178] lr=0.025000, loss=0.27765, top1=0.93750, top2=1.00000, top4=1.00000
[Train][Epoch 8/100][Iter 81/178] lr=0.025000, loss=0.04984, top1=1.00000, top2=1.00000, top4=1.00000
[Train][Epoch 8/100][Iter 82/178] lr=0.025000, loss=0.58596, top1=0.68750, top2=1.00000, top4=1.00000
[Train][Epoch 8/100][Iter 83/178] lr=0.025000, loss=0.07926, top1=1.00000, top2=1.00000, top4=1.00000
[Train][Epoch 8/100][Iter 84/178] lr=0.025000, loss=0.08501, top1=0.93750, top2=1.00000, top4=1.00000
[Train][Epoch 8/100][Iter 85/178] lr=0.025000, loss=0.23126, top1=0.93750, top2=0.93750, top4=1.00000
[Train][Epoch 8/100][Iter 86/178] lr=0.025000, loss=0.06795, top1=1.00000, top2=1.00000, top4=1.00000
[Train][Epoch 8/100][Iter 87/178] lr=0.025000, loss=0.12609, top1=0.93750, top2=1.00000, top4=1.00000
[Train][Epoch 8/100][Iter 88/178] lr=0.025000, loss=0.05926, top1=1.00000, top2=1.00000, top4=1.00000
[Train][Epoch 8/100][Iter 89/178] lr=0.025000, loss=0.21928, top1=0.87500, top2=1.00000, top4=1.00000
[Train][Epoch 8/100][Iter 90/178] lr=0.025000, loss=0.19255, top1=0.93750, top2=1.00000, top4=1.00000
[Train][Epoch 8/100][Iter 91/178] lr=0.025000, loss=0.18452, top1=0.87500, top2=1.00000, top4=1.00000
[Train][Epoch 8/100][Iter 92/178] lr=0.025000, loss=0.09218, top1=1.00000, top2=1.00000, top4=1.00000
[Train][Epoch 8/100][Iter 93/178] lr=0.025000, loss=0.26617, top1=0.87500, top2=1.00000, top4=1.00000
[Train][Epoch 8/100][Iter 94/178] lr=0.025000, loss=0.04479, top1=1.00000, top2=1.00000, top4=1.00000
[Train][Epoch 8/100][Iter 95/178] lr=0.025000, loss=0.13684, top1=0.93750, top2=1.00000, top4=1.00000
[Train][Epoch 8/100][Iter 96/178] lr=0.025000, loss=0.09811, top1=0.93750, top2=1.00000, top4=1.00000
[Train][Epoch 8/100][Iter 97/178] lr=0.025000, loss=0.05914, top1=1.00000, top2=1.00000, top4=1.00000
[Train][Epoch 8/100][Iter 98/178] lr=0.025000, loss=0.16015, top1=0.93750, top2=1.00000, top4=1.00000
[Train][Epoch 8/100][Iter 99/178] lr=0.025000, loss=0.21054, top1=0.87500, top2=1.00000, top4=1.00000
[Train][Epoch 8/100][Iter 100/178] lr=0.025000, loss=0.08737, top1=0.93750, top2=1.00000, top4=1.00000
[Train][Epoch 8/100][Iter 101/178] lr=0.025000, loss=0.13995, top1=0.93750, top2=1.00000, top4=1.00000
[Train][Epoch 8/100][Iter 102/178] lr=0.025000, loss=0.23141, top1=0.93750, top2=1.00000, top4=1.00000
[Train][Epoch 8/100][Iter 103/178] lr=0.025000, loss=0.05553, top1=1.00000, top2=1.00000, top4=1.00000
[Train][Epoch 8/100][Iter 104/178] lr=0.025000, loss=0.04252, top1=1.00000, top2=1.00000, top4=1.00000
[Train][Epoch 8/100][Iter 105/178] lr=0.025000, loss=0.05833, top1=1.00000, top2=1.00000, top4=1.00000
[Train][Epoch 8/100][Iter 106/178] lr=0.025000, loss=0.10694, top1=0.93750, top2=1.00000, top4=1.00000
[Train][Epoch 8/100][Iter 107/178] lr=0.025000, loss=0.13479, top1=0.87500, top2=1.00000, top4=1.00000
[Train][Epoch 8/100][Iter 108/178] lr=0.025000, loss=0.09693, top1=0.93750, top2=1.00000, top4=1.00000
[Train][Epoch 8/100][Iter 109/178] lr=0.025000, loss=0.19196, top1=0.87500, top2=1.00000, top4=1.00000
[Train][Epoch 8/100][Iter 110/178] lr=0.025000, loss=0.13708, top1=0.93750, top2=1.00000, top4=1.00000
[Train][Epoch 8/100][Iter 111/178] lr=0.025000, loss=0.04960, top1=1.00000, top2=1.00000, top4=1.00000
[Train][Epoch 8/100][Iter 112/178] lr=0.025000, loss=0.20584, top1=0.93750, top2=1.00000, top4=1.00000
[Train][Epoch 8/100][Iter 113/178] lr=0.025000, loss=0.22170, top1=0.93750, top2=0.93750, top4=1.00000
[Train][Epoch 8/100][Iter 114/178] lr=0.025000, loss=0.04082, top1=1.00000, top2=1.00000, top4=1.00000
[Train][Epoch 8/100][Iter 115/178] lr=0.025000, loss=0.28319, top1=0.87500, top2=0.93750, top4=1.00000
[Train][Epoch 8/100][Iter 116/178] lr=0.025000, loss=0.13121, top1=0.93750, top2=1.00000, top4=1.00000
[Train][Epoch 8/100][Iter 117/178] lr=0.025000, loss=0.25414, top1=0.87500, top2=1.00000, top4=1.00000
[Train][Epoch 8/100][Iter 118/178] lr=0.025000, loss=0.19808, top1=0.81250, top2=1.00000, top4=1.00000
[Train][Epoch 8/100][Iter 119/178] lr=0.025000, loss=0.08767, top1=1.00000, top2=1.00000, top4=1.00000
[Train][Epoch 8/100][Iter 120/178] lr=0.025000, loss=0.13432, top1=0.93750, top2=1.00000, top4=1.00000
[Train][Epoch 8/100][Iter 121/178] lr=0.025000, loss=0.04534, top1=1.00000, top2=1.00000, top4=1.00000
[Train][Epoch 8/100][Iter 122/178] lr=0.025000, loss=0.12894, top1=0.93750, top2=1.00000, top4=1.00000
[Train][Epoch 8/100][Iter 123/178] lr=0.025000, loss=0.09208, top1=0.93750, top2=1.00000, top4=1.00000
[Train][Epoch 8/100][Iter 124/178] lr=0.025000, loss=0.05683, top1=1.00000, top2=1.00000, top4=1.00000
[Train][Epoch 8/100][Iter 125/178] lr=0.025000, loss=0.16130, top1=0.93750, top2=1.00000, top4=1.00000
[Train][Epoch 8/100][Iter 126/178] lr=0.025000, loss=0.02642, top1=1.00000, top2=1.00000, top4=1.00000
[Train][Epoch 8/100][Iter 127/178] lr=0.025000, loss=0.15128, top1=0.93750, top2=1.00000, top4=1.00000
[Train][Epoch 8/100][Iter 128/178] lr=0.025000, loss=0.58981, top1=0.87500, top2=1.00000, top4=1.00000
[Train][Epoch 8/100][Iter 129/178] lr=0.025000, loss=0.16385, top1=0.93750, top2=1.00000, top4=1.00000
[Train][Epoch 8/100][Iter 130/178] lr=0.025000, loss=0.07572, top1=1.00000, top2=1.00000, top4=1.00000
[Train][Epoch 8/100][Iter 131/178] lr=0.025000, loss=0.16507, top1=0.93750, top2=1.00000, top4=1.00000
[Train][Epoch 8/100][Iter 132/178] lr=0.025000, loss=0.14052, top1=0.93750, top2=1.00000, top4=1.00000
[Train][Epoch 8/100][Iter 133/178] lr=0.025000, loss=0.36975, top1=0.81250, top2=0.93750, top4=1.00000
[Train][Epoch 8/100][Iter 134/178] lr=0.025000, loss=0.41716, top1=0.87500, top2=0.93750, top4=1.00000
[Train][Epoch 8/100][Iter 135/178] lr=0.025000, loss=0.28025, top1=0.87500, top2=1.00000, top4=1.00000
[Train][Epoch 8/100][Iter 136/178] lr=0.025000, loss=0.02583, top1=1.00000, top2=1.00000, top4=1.00000
[Train][Epoch 8/100][Iter 137/178] lr=0.025000, loss=0.23178, top1=0.87500, top2=1.00000, top4=1.00000
[Train][Epoch 8/100][Iter 138/178] lr=0.025000, loss=0.01404, top1=1.00000, top2=1.00000, top4=1.00000
[Train][Epoch 8/100][Iter 139/178] lr=0.025000, loss=0.16217, top1=0.93750, top2=1.00000, top4=1.00000
[Train][Epoch 8/100][Iter 140/178] lr=0.025000, loss=0.32722, top1=0.87500, top2=1.00000, top4=1.00000
[Train][Epoch 8/100][Iter 141/178] lr=0.025000, loss=0.13233, top1=0.93750, top2=1.00000, top4=1.00000
[Train][Epoch 8/100][Iter 142/178] lr=0.025000, loss=0.12423, top1=0.93750, top2=1.00000, top4=1.00000
[Train][Epoch 8/100][Iter 143/178] lr=0.025000, loss=0.16855, top1=0.93750, top2=1.00000, top4=1.00000
[Train][Epoch 8/100][Iter 144/178] lr=0.025000, loss=0.03507, top1=1.00000, top2=1.00000, top4=1.00000
[Train][Epoch 8/100][Iter 145/178] lr=0.025000, loss=0.33560, top1=0.93750, top2=0.93750, top4=1.00000
[Train][Epoch 8/100][Iter 146/178] lr=0.025000, loss=0.37041, top1=0.87500, top2=1.00000, top4=1.00000
[Train][Epoch 8/100][Iter 147/178] lr=0.025000, loss=0.05868, top1=1.00000, top2=1.00000, top4=1.00000
[Train][Epoch 8/100][Iter 148/178] lr=0.025000, loss=0.64125, top1=0.81250, top2=1.00000, top4=1.00000
[Train][Epoch 8/100][Iter 149/178] lr=0.025000, loss=0.02757, top1=1.00000, top2=1.00000, top4=1.00000
[Train][Epoch 8/100][Iter 150/178] lr=0.025000, loss=0.36454, top1=0.93750, top2=0.93750, top4=1.00000
[Train][Epoch 8/100][Iter 151/178] lr=0.025000, loss=0.07582, top1=1.00000, top2=1.00000, top4=1.00000
[Train][Epoch 8/100][Iter 152/178] lr=0.025000, loss=0.32060, top1=0.93750, top2=0.93750, top4=1.00000
[Train][Epoch 8/100][Iter 153/178] lr=0.025000, loss=0.06245, top1=1.00000, top2=1.00000, top4=1.00000
[Train][Epoch 8/100][Iter 154/178] lr=0.025000, loss=0.03049, top1=1.00000, top2=1.00000, top4=1.00000
[Train][Epoch 8/100][Iter 155/178] lr=0.025000, loss=0.12349, top1=1.00000, top2=1.00000, top4=1.00000
[Train][Epoch 8/100][Iter 156/178] lr=0.025000, loss=0.17212, top1=0.93750, top2=1.00000, top4=1.00000
[Train][Epoch 8/100][Iter 157/178] lr=0.025000, loss=0.07517, top1=1.00000, top2=1.00000, top4=1.00000
[Train][Epoch 8/100][Iter 158/178] lr=0.025000, loss=0.66715, top1=0.87500, top2=1.00000, top4=1.00000
[Train][Epoch 8/100][Iter 159/178] lr=0.025000, loss=0.07569, top1=0.93750, top2=1.00000, top4=1.00000
[Train][Epoch 8/100][Iter 160/178] lr=0.025000, loss=0.32862, top1=0.87500, top2=1.00000, top4=1.00000
[Train][Epoch 8/100][Iter 161/178] lr=0.025000, loss=0.02254, top1=1.00000, top2=1.00000, top4=1.00000
[Train][Epoch 8/100][Iter 162/178] lr=0.025000, loss=0.19591, top1=0.93750, top2=1.00000, top4=1.00000
[Train][Epoch 8/100][Iter 163/178] lr=0.025000, loss=0.09137, top1=1.00000, top2=1.00000, top4=1.00000
[Train][Epoch 8/100][Iter 164/178] lr=0.025000, loss=0.03921, top1=1.00000, top2=1.00000, top4=1.00000
[Train][Epoch 8/100][Iter 165/178] lr=0.025000, loss=0.17974, top1=0.81250, top2=1.00000, top4=1.00000
[Train][Epoch 8/100][Iter 166/178] lr=0.025000, loss=0.06614, top1=1.00000, top2=1.00000, top4=1.00000
[Train][Epoch 8/100][Iter 167/178] lr=0.025000, loss=0.74129, top1=0.87500, top2=0.93750, top4=1.00000
[Train][Epoch 8/100][Iter 168/178] lr=0.025000, loss=0.03620, top1=1.00000, top2=1.00000, top4=1.00000
[Train][Epoch 8/100][Iter 169/178] lr=0.025000, loss=0.26333, top1=0.93750, top2=0.93750, top4=1.00000
[Train][Epoch 8/100][Iter 170/178] lr=0.025000, loss=1.26243, top1=0.62500, top2=1.00000, top4=1.00000
[Train][Epoch 8/100][Iter 171/178] lr=0.025000, loss=0.05987, top1=1.00000, top2=1.00000, top4=1.00000
[Train][Epoch 8/100][Iter 172/178] lr=0.025000, loss=0.23029, top1=0.81250, top2=1.00000, top4=1.00000
[Train][Epoch 8/100][Iter 173/178] lr=0.025000, loss=0.30994, top1=0.87500, top2=0.93750, top4=1.00000
[Train][Epoch 8/100][Iter 174/178] lr=0.025000, loss=0.18257, top1=0.93750, top2=1.00000, top4=1.00000
[Train][Epoch 8/100][Iter 175/178] lr=0.025000, loss=0.07501, top1=0.93750, top2=1.00000, top4=1.00000
[Train][Epoch 8/100][Iter 176/178] lr=0.025000, loss=0.08996, top1=1.00000, top2=1.00000, top4=1.00000
[Train][Epoch 8/100][Iter 177/178] lr=0.025000, loss=0.22823, top1=0.81818, top2=1.00000, top4=1.00000
[Info] epoch_time=5080.4s
[Eval][Epoch 8] loss=0.52989, top1=0.82303, top2=0.94803, top4=1.00000, time=1309.9s
[Train][Epoch 9/100][Iter 0/178] lr=0.025000, loss=0.52986, top1=0.75000, top2=1.00000, top4=1.00000
[Train][Epoch 9/100][Iter 1/178] lr=0.025000, loss=0.13609, top1=0.93750, top2=1.00000, top4=1.00000
[Train][Epoch 9/100][Iter 2/178] lr=0.025000, loss=0.31388, top1=0.87500, top2=0.93750, top4=1.00000
[Train][Epoch 9/100][Iter 3/178] lr=0.025000, loss=0.24977, top1=0.93750, top2=1.00000, top4=1.00000
[Train][Epoch 9/100][Iter 4/178] lr=0.025000, loss=0.04405, top1=1.00000, top2=1.00000, top4=1.00000
[Train][Epoch 9/100][Iter 5/178] lr=0.025000, loss=0.20527, top1=0.93750, top2=1.00000, top4=1.00000
[Train][Epoch 9/100][Iter 6/178] lr=0.025000, loss=0.52353, top1=0.81250, top2=1.00000, top4=1.00000
[Train][Epoch 9/100][Iter 7/178] lr=0.025000, loss=0.12402, top1=0.93750, top2=1.00000, top4=1.00000
[Train][Epoch 9/100][Iter 8/178] lr=0.025000, loss=0.08753, top1=1.00000, top2=1.00000, top4=1.00000
[Train][Epoch 9/100][Iter 9/178] lr=0.025000, loss=0.11576, top1=0.93750, top2=1.00000, top4=1.00000
[Train][Epoch 9/100][Iter 10/178] lr=0.025000, loss=0.62227, top1=0.75000, top2=0.93750, top4=1.00000
[Train][Epoch 9/100][Iter 11/178] lr=0.025000, loss=0.22562, top1=0.87500, top2=1.00000, top4=1.00000
[Train][Epoch 9/100][Iter 12/178] lr=0.025000, loss=0.04406, top1=1.00000, top2=1.00000, top4=1.00000
[Train][Epoch 9/100][Iter 13/178] lr=0.025000, loss=0.32654, top1=0.87500, top2=0.93750, top4=1.00000
[Train][Epoch 9/100][Iter 14/178] lr=0.025000, loss=0.20474, top1=0.93750, top2=1.00000, top4=1.00000
[Train][Epoch 9/100][Iter 15/178] lr=0.025000, loss=0.07485, top1=0.93750, top2=1.00000, top4=1.00000
[Train][Epoch 9/100][Iter 16/178] lr=0.025000, loss=0.08830, top1=1.00000, top2=1.00000, top4=1.00000
[Train][Epoch 9/100][Iter 17/178] lr=0.025000, loss=0.05524, top1=1.00000, top2=1.00000, top4=1.00000
[Train][Epoch 9/100][Iter 18/178] lr=0.025000, loss=0.03813, top1=1.00000, top2=1.00000, top4=1.00000
[Train][Epoch 9/100][Iter 19/178] lr=0.025000, loss=0.26318, top1=0.87500, top2=1.00000, top4=1.00000
[Train][Epoch 9/100][Iter 20/178] lr=0.025000, loss=0.14891, top1=0.93750, top2=0.93750, top4=1.00000
[Train][Epoch 9/100][Iter 21/178] lr=0.025000, loss=0.03430, top1=1.00000, top2=1.00000, top4=1.00000
[Train][Epoch 9/100][Iter 22/178] lr=0.025000, loss=0.17052, top1=0.87500, top2=1.00000, top4=1.00000
[Train][Epoch 9/100][Iter 23/178] lr=0.025000, loss=0.16757, top1=0.93750, top2=1.00000, top4=1.00000
[Train][Epoch 9/100][Iter 24/178] lr=0.025000, loss=0.07868, top1=1.00000, top2=1.00000, top4=1.00000
[Train][Epoch 9/100][Iter 25/178] lr=0.025000, loss=0.07660, top1=1.00000, top2=1.00000, top4=1.00000
[Train][Epoch 9/100][Iter 26/178] lr=0.025000, loss=0.01605, top1=1.00000, top2=1.00000, top4=1.00000
[Train][Epoch 9/100][Iter 27/178] lr=0.025000, loss=0.13554, top1=0.93750, top2=1.00000, top4=1.00000
[Train][Epoch 9/100][Iter 28/178] lr=0.025000, loss=0.03659, top1=1.00000, top2=1.00000, top4=1.00000
[Train][Epoch 9/100][Iter 29/178] lr=0.025000, loss=0.05369, top1=1.00000, top2=1.00000, top4=1.00000
[Train][Epoch 9/100][Iter 30/178] lr=0.025000, loss=0.05598, top1=1.00000, top2=1.00000, top4=1.00000
[Train][Epoch 9/100][Iter 31/178] lr=0.025000, loss=0.06068, top1=1.00000, top2=1.00000, top4=1.00000
[Train][Epoch 9/100][Iter 32/178] lr=0.025000, loss=0.20856, top1=0.87500, top2=1.00000, top4=1.00000
[Train][Epoch 9/100][Iter 33/178] lr=0.025000, loss=0.09385, top1=1.00000, top2=1.00000, top4=1.00000
[Train][Epoch 9/100][Iter 34/178] lr=0.025000, loss=0.17045, top1=0.93750, top2=1.00000, top4=1.00000
[Train][Epoch 9/100][Iter 35/178] lr=0.025000, loss=0.03316, top1=1.00000, top2=1.00000, top4=1.00000
[Train][Epoch 9/100][Iter 36/178] lr=0.025000, loss=0.08529, top1=0.93750, top2=1.00000, top4=1.00000
[Train][Epoch 9/100][Iter 37/178] lr=0.025000, loss=0.07689, top1=0.93750, top2=1.00000, top4=1.00000
[Train][Epoch 9/100][Iter 38/178] lr=0.025000, loss=0.05445, top1=1.00000, top2=1.00000, top4=1.00000
[Train][Epoch 9/100][Iter 39/178] lr=0.025000, loss=0.35249, top1=0.87500, top2=1.00000, top4=1.00000
[Train][Epoch 9/100][Iter 40/178] lr=0.025000, loss=0.33585, top1=0.93750, top2=1.00000, top4=1.00000
[Train][Epoch 9/100][Iter 41/178] lr=0.025000, loss=0.01289, top1=1.00000, top2=1.00000, top4=1.00000
[Train][Epoch 9/100][Iter 42/178] lr=0.025000, loss=0.01814, top1=1.00000, top2=1.00000, top4=1.00000
[Train][Epoch 9/100][Iter 43/178] lr=0.025000, loss=0.03913, top1=1.00000, top2=1.00000, top4=1.00000
[Train][Epoch 9/100][Iter 44/178] lr=0.025000, loss=0.32590, top1=0.93750, top2=1.00000, top4=1.00000
[Train][Epoch 9/100][Iter 45/178] lr=0.025000, loss=0.20761, top1=0.93750, top2=1.00000, top4=1.00000
[Train][Epoch 9/100][Iter 46/178] lr=0.025000, loss=0.07897, top1=1.00000, top2=1.00000, top4=1.00000
[Train][Epoch 9/100][Iter 47/178] lr=0.025000, loss=0.03102, top1=1.00000, top2=1.00000, top4=1.00000
[Train][Epoch 9/100][Iter 48/178] lr=0.025000, loss=0.10591, top1=0.93750, top2=1.00000, top4=1.00000
[Train][Epoch 9/100][Iter 49/178] lr=0.025000, loss=0.21588, top1=0.87500, top2=1.00000, top4=1.00000
[Train][Epoch 9/100][Iter 50/178] lr=0.025000, loss=0.37446, top1=0.87500, top2=1.00000, top4=1.00000
[Train][Epoch 9/100][Iter 51/178] lr=0.025000, loss=0.03143, top1=1.00000, top2=1.00000, top4=1.00000
[Train][Epoch 9/100][Iter 52/178] lr=0.025000, loss=0.25640, top1=0.87500, top2=1.00000, top4=1.00000
[Train][Epoch 9/100][Iter 53/178] lr=0.025000, loss=0.23814, top1=0.93750, top2=1.00000, top4=1.00000
[Train][Epoch 9/100][Iter 54/178] lr=0.025000, loss=0.50763, top1=0.87500, top2=1.00000, top4=1.00000
[Train][Epoch 9/100][Iter 55/178] lr=0.025000, loss=0.31372, top1=0.93750, top2=1.00000, top4=1.00000
[Train][Epoch 9/100][Iter 56/178] lr=0.025000, loss=0.35326, top1=0.81250, top2=1.00000, top4=1.00000
[Train][Epoch 9/100][Iter 57/178] lr=0.025000, loss=0.05464, top1=1.00000, top2=1.00000, top4=1.00000
[Train][Epoch 9/100][Iter 58/178] lr=0.025000, loss=0.09013, top1=1.00000, top2=1.00000, top4=1.00000
[Train][Epoch 9/100][Iter 59/178] lr=0.025000, loss=0.49306, top1=0.81250, top2=0.93750, top4=1.00000
[Train][Epoch 9/100][Iter 60/178] lr=0.025000, loss=0.05429, top1=1.00000, top2=1.00000, top4=1.00000
[Train][Epoch 9/100][Iter 61/178] lr=0.025000, loss=0.30693, top1=0.81250, top2=1.00000, top4=1.00000
[Train][Epoch 9/100][Iter 62/178] lr=0.025000, loss=0.04791, top1=1.00000, top2=1.00000, top4=1.00000
[Train][Epoch 9/100][Iter 63/178] lr=0.025000, loss=0.41377, top1=0.93750, top2=1.00000, top4=1.00000
[Train][Epoch 9/100][Iter 64/178] lr=0.025000, loss=0.06033, top1=1.00000, top2=1.00000, top4=1.00000
[Train][Epoch 9/100][Iter 65/178] lr=0.025000, loss=0.70801, top1=0.87500, top2=0.93750, top4=1.00000
[Train][Epoch 9/100][Iter 66/178] lr=0.025000, loss=0.04341, top1=1.00000, top2=1.00000, top4=1.00000
[Train][Epoch 9/100][Iter 67/178] lr=0.025000, loss=0.10867, top1=0.93750, top2=1.00000, top4=1.00000
[Train][Epoch 9/100][Iter 68/178] lr=0.025000, loss=0.07142, top1=0.93750, top2=1.00000, top4=1.00000
[Train][Epoch 9/100][Iter 69/178] lr=0.025000, loss=0.27731, top1=0.87500, top2=1.00000, top4=1.00000
[Train][Epoch 9/100][Iter 70/178] lr=0.025000, loss=0.14259, top1=0.93750, top2=1.00000, top4=1.00000
[Train][Epoch 9/100][Iter 71/178] lr=0.025000, loss=0.15742, top1=0.93750, top2=1.00000, top4=1.00000
[Train][Epoch 9/100][Iter 72/178] lr=0.025000, loss=0.11807, top1=0.93750, top2=1.00000, top4=1.00000
[Train][Epoch 9/100][Iter 73/178] lr=0.025000, loss=0.12690, top1=1.00000, top2=1.00000, top4=1.00000
[Train][Epoch 9/100][Iter 74/178] lr=0.025000, loss=0.78955, top1=0.68750, top2=0.93750, top4=1.00000
[Train][Epoch 9/100][Iter 75/178] lr=0.025000, loss=0.26607, top1=0.87500, top2=1.00000, top4=1.00000
[Train][Epoch 9/100][Iter 76/178] lr=0.025000, loss=0.21421, top1=0.93750, top2=1.00000, top4=1.00000
[Train][Epoch 9/100][Iter 77/178] lr=0.025000, loss=0.03744, top1=1.00000, top2=1.00000, top4=1.00000
[Train][Epoch 9/100][Iter 78/178] lr=0.025000, loss=0.05133, top1=1.00000, top2=1.00000, top4=1.00000
[Train][Epoch 9/100][Iter 79/178] lr=0.025000, loss=0.23087, top1=0.87500, top2=1.00000, top4=1.00000
[Train][Epoch 9/100][Iter 80/178] lr=0.025000, loss=0.12662, top1=0.93750, top2=1.00000, top4=1.00000
[Train][Epoch 9/100][Iter 81/178] lr=0.025000, loss=0.05244, top1=1.00000, top2=1.00000, top4=1.00000
[Train][Epoch 9/100][Iter 82/178] lr=0.025000, loss=0.08400, top1=1.00000, top2=1.00000, top4=1.00000
[Train][Epoch 9/100][Iter 83/178] lr=0.025000, loss=0.31403, top1=0.93750, top2=1.00000, top4=1.00000
[Train][Epoch 9/100][Iter 84/178] lr=0.025000, loss=0.34806, top1=0.87500, top2=1.00000, top4=1.00000
[Train][Epoch 9/100][Iter 85/178] lr=0.025000, loss=0.43218, top1=0.75000, top2=1.00000, top4=1.00000
[Train][Epoch 9/100][Iter 86/178] lr=0.025000, loss=0.02730, top1=1.00000, top2=1.00000, top4=1.00000
[Train][Epoch 9/100][Iter 87/178] lr=0.025000, loss=0.02260, top1=1.00000, top2=1.00000, top4=1.00000
[Train][Epoch 9/100][Iter 88/178] lr=0.025000, loss=0.09707, top1=1.00000, top2=1.00000, top4=1.00000
[Train][Epoch 9/100][Iter 89/178] lr=0.025000, loss=0.15278, top1=0.93750, top2=1.00000, top4=1.00000
[Train][Epoch 9/100][Iter 90/178] lr=0.025000, loss=0.27178, top1=0.81250, top2=1.00000, top4=1.00000
[Train][Epoch 9/100][Iter 91/178] lr=0.025000, loss=0.07672, top1=1.00000, top2=1.00000, top4=1.00000
[Train][Epoch 9/100][Iter 92/178] lr=0.025000, loss=0.39262, top1=0.81250, top2=1.00000, top4=1.00000
[Train][Epoch 9/100][Iter 93/178] lr=0.025000, loss=0.14609, top1=0.93750, top2=1.00000, top4=1.00000
[Train][Epoch 9/100][Iter 94/178] lr=0.025000, loss=0.04556, top1=1.00000, top2=1.00000, top4=1.00000
[Train][Epoch 9/100][Iter 95/178] lr=0.025000, loss=0.24528, top1=0.87500, top2=1.00000, top4=1.00000
[Train][Epoch 9/100][Iter 96/178] lr=0.025000, loss=0.11383, top1=0.93750, top2=1.00000, top4=1.00000
[Train][Epoch 9/100][Iter 97/178] lr=0.025000, loss=0.64587, top1=0.87500, top2=1.00000, top4=1.00000
[Train][Epoch 9/100][Iter 98/178] lr=0.025000, loss=0.09293, top1=0.93750, top2=1.00000, top4=1.00000
[Train][Epoch 9/100][Iter 99/178] lr=0.025000, loss=0.10790, top1=1.00000, top2=1.00000, top4=1.00000
[Train][Epoch 9/100][Iter 100/178] lr=0.025000, loss=0.19032, top1=0.87500, top2=1.00000, top4=1.00000
[Train][Epoch 9/100][Iter 101/178] lr=0.025000, loss=0.27840, top1=0.93750, top2=0.93750, top4=1.00000
[Train][Epoch 9/100][Iter 102/178] lr=0.025000, loss=0.08225, top1=1.00000, top2=1.00000, top4=1.00000
[Train][Epoch 9/100][Iter 103/178] lr=0.025000, loss=0.07920, top1=1.00000, top2=1.00000, top4=1.00000
[Train][Epoch 9/100][Iter 104/178] lr=0.025000, loss=0.23542, top1=0.87500, top2=1.00000, top4=1.00000
[Train][Epoch 9/100][Iter 105/178] lr=0.025000, loss=0.05640, top1=1.00000, top2=1.00000, top4=1.00000
[Train][Epoch 9/100][Iter 106/178] lr=0.025000, loss=0.20892, top1=0.87500, top2=1.00000, top4=1.00000
[Train][Epoch 9/100][Iter 107/178] lr=0.025000, loss=0.07445, top1=1.00000, top2=1.00000, top4=1.00000
[Train][Epoch 9/100][Iter 108/178] lr=0.025000, loss=0.07816, top1=1.00000, top2=1.00000, top4=1.00000
[Train][Epoch 9/100][Iter 109/178] lr=0.025000, loss=0.23187, top1=0.93750, top2=1.00000, top4=1.00000
[Train][Epoch 9/100][Iter 110/178] lr=0.025000, loss=0.04459, top1=1.00000, top2=1.00000, top4=1.00000
[Train][Epoch 9/100][Iter 111/178] lr=0.025000, loss=0.04836, top1=1.00000, top2=1.00000, top4=1.00000
[Train][Epoch 9/100][Iter 112/178] lr=0.025000, loss=0.07802, top1=1.00000, top2=1.00000, top4=1.00000
[Train][Epoch 9/100][Iter 113/178] lr=0.025000, loss=0.33934, top1=0.75000, top2=0.93750, top4=1.00000
[Train][Epoch 9/100][Iter 114/178] lr=0.025000, loss=0.01900, top1=1.00000, top2=1.00000, top4=1.00000
[Train][Epoch 9/100][Iter 115/178] lr=0.025000, loss=0.06290, top1=1.00000, top2=1.00000, top4=1.00000
[Train][Epoch 9/100][Iter 116/178] lr=0.025000, loss=0.05956, top1=1.00000, top2=1.00000, top4=1.00000
[Train][Epoch 9/100][Iter 117/178] lr=0.025000, loss=0.34746, top1=0.93750, top2=1.00000, top4=1.00000
[Train][Epoch 9/100][Iter 118/178] lr=0.025000, loss=0.12568, top1=0.93750, top2=1.00000, top4=1.00000
[Train][Epoch 9/100][Iter 119/178] lr=0.025000, loss=0.06394, top1=0.93750, top2=1.00000, top4=1.00000
[Train][Epoch 9/100][Iter 120/178] lr=0.025000, loss=0.18222, top1=0.87500, top2=1.00000, top4=1.00000
[Train][Epoch 9/100][Iter 121/178] lr=0.025000, loss=0.18103, top1=0.93750, top2=1.00000, top4=1.00000
[Train][Epoch 9/100][Iter 122/178] lr=0.025000, loss=0.16085, top1=0.93750, top2=1.00000, top4=1.00000
[Train][Epoch 9/100][Iter 123/178] lr=0.025000, loss=0.13909, top1=0.93750, top2=1.00000, top4=1.00000
[Train][Epoch 9/100][Iter 124/178] lr=0.025000, loss=0.36592, top1=0.87500, top2=0.93750, top4=1.00000
[Train][Epoch 9/100][Iter 125/178] lr=0.025000, loss=0.06373, top1=1.00000, top2=1.00000, top4=1.00000
[Train][Epoch 9/100][Iter 126/178] lr=0.025000, loss=0.07734, top1=1.00000, top2=1.00000, top4=1.00000
[Train][Epoch 9/100][Iter 127/178] lr=0.025000, loss=0.51732, top1=0.75000, top2=0.93750, top4=1.00000
[Train][Epoch 9/100][Iter 128/178] lr=0.025000, loss=0.17405, top1=0.93750, top2=1.00000, top4=1.00000
[Train][Epoch 9/100][Iter 129/178] lr=0.025000, loss=0.04122, top1=1.00000, top2=1.00000, top4=1.00000
[Train][Epoch 9/100][Iter 130/178] lr=0.025000, loss=0.18355, top1=0.87500, top2=1.00000, top4=1.00000
[Train][Epoch 9/100][Iter 131/178] lr=0.025000, loss=0.05935, top1=1.00000, top2=1.00000, top4=1.00000
[Train][Epoch 9/100][Iter 132/178] lr=0.025000, loss=0.47320, top1=0.87500, top2=0.93750, top4=1.00000
[Train][Epoch 9/100][Iter 133/178] lr=0.025000, loss=0.08846, top1=0.93750, top2=1.00000, top4=1.00000
[Train][Epoch 9/100][Iter 134/178] lr=0.025000, loss=0.04372, top1=1.00000, top2=1.00000, top4=1.00000
[Train][Epoch 9/100][Iter 135/178] lr=0.025000, loss=0.09797, top1=0.93750, top2=1.00000, top4=1.00000
[Train][Epoch 9/100][Iter 136/178] lr=0.025000, loss=0.02724, top1=1.00000, top2=1.00000, top4=1.00000
[Train][Epoch 9/100][Iter 137/178] lr=0.025000, loss=0.18424, top1=0.93750, top2=1.00000, top4=1.00000
[Train][Epoch 9/100][Iter 138/178] lr=0.025000, loss=0.04195, top1=1.00000, top2=1.00000, top4=1.00000
[Train][Epoch 9/100][Iter 139/178] lr=0.025000, loss=0.37148, top1=0.81250, top2=0.93750, top4=1.00000
[Train][Epoch 9/100][Iter 140/178] lr=0.025000, loss=0.06015, top1=1.00000, top2=1.00000, top4=1.00000
[Train][Epoch 9/100][Iter 141/178] lr=0.025000, loss=0.09694, top1=0.93750, top2=1.00000, top4=1.00000
[Train][Epoch 9/100][Iter 142/178] lr=0.025000, loss=0.07330, top1=1.00000, top2=1.00000, top4=1.00000
[Train][Epoch 9/100][Iter 143/178] lr=0.025000, loss=0.42116, top1=0.75000, top2=1.00000, top4=1.00000
[Train][Epoch 9/100][Iter 144/178] lr=0.025000, loss=0.04657, top1=1.00000, top2=1.00000, top4=1.00000
[Train][Epoch 9/100][Iter 145/178] lr=0.025000, loss=0.26683, top1=0.87500, top2=1.00000, top4=1.00000
[Train][Epoch 9/100][Iter 146/178] lr=0.025000, loss=0.20155, top1=0.93750, top2=1.00000, top4=1.00000
[Train][Epoch 9/100][Iter 147/178] lr=0.025000, loss=0.60462, top1=0.75000, top2=0.93750, top4=1.00000
[Train][Epoch 9/100][Iter 148/178] lr=0.025000, loss=0.07619, top1=1.00000, top2=1.00000, top4=1.00000
[Train][Epoch 9/100][Iter 149/178] lr=0.025000, loss=0.29640, top1=0.87500, top2=1.00000, top4=1.00000
[Train][Epoch 9/100][Iter 150/178] lr=0.025000, loss=0.04828, top1=1.00000, top2=1.00000, top4=1.00000
[Train][Epoch 9/100][Iter 151/178] lr=0.025000, loss=0.16049, top1=0.93750, top2=1.00000, top4=1.00000
[Train][Epoch 9/100][Iter 152/178] lr=0.025000, loss=0.10683, top1=1.00000, top2=1.00000, top4=1.00000
[Train][Epoch 9/100][Iter 153/178] lr=0.025000, loss=0.06077, top1=1.00000, top2=1.00000, top4=1.00000
[Train][Epoch 9/100][Iter 154/178] lr=0.025000, loss=0.26891, top1=0.87500, top2=1.00000, top4=1.00000
[Train][Epoch 9/100][Iter 155/178] lr=0.025000, loss=0.15258, top1=0.93750, top2=1.00000, top4=1.00000
[Train][Epoch 9/100][Iter 156/178] lr=0.025000, loss=0.32021, top1=0.87500, top2=1.00000, top4=1.00000
[Train][Epoch 9/100][Iter 157/178] lr=0.025000, loss=0.26848, top1=0.87500, top2=0.93750, top4=1.00000
[Train][Epoch 9/100][Iter 158/178] lr=0.025000, loss=0.05154, top1=1.00000, top2=1.00000, top4=1.00000
[Train][Epoch 9/100][Iter 159/178] lr=0.025000, loss=0.03929, top1=1.00000, top2=1.00000, top4=1.00000
[Train][Epoch 9/100][Iter 160/178] lr=0.025000, loss=0.39494, top1=0.81250, top2=0.93750, top4=1.00000
[Train][Epoch 9/100][Iter 161/178] lr=0.025000, loss=0.01706, top1=1.00000, top2=1.00000, top4=1.00000
[Train][Epoch 9/100][Iter 162/178] lr=0.025000, loss=0.10590, top1=0.93750, top2=1.00000, top4=1.00000
[Train][Epoch 9/100][Iter 163/178] lr=0.025000, loss=0.12808, top1=0.93750, top2=1.00000, top4=1.00000
[Train][Epoch 9/100][Iter 164/178] lr=0.025000, loss=0.11434, top1=0.93750, top2=1.00000, top4=1.00000
[Train][Epoch 9/100][Iter 165/178] lr=0.025000, loss=0.07880, top1=0.93750, top2=1.00000, top4=1.00000
[Train][Epoch 9/100][Iter 166/178] lr=0.025000, loss=0.16155, top1=0.93750, top2=1.00000, top4=1.00000
[Train][Epoch 9/100][Iter 167/178] lr=0.025000, loss=0.05862, top1=1.00000, top2=1.00000, top4=1.00000
[Train][Epoch 9/100][Iter 168/178] lr=0.025000, loss=0.06724, top1=1.00000, top2=1.00000, top4=1.00000
[Train][Epoch 9/100][Iter 169/178] lr=0.025000, loss=0.04679, top1=1.00000, top2=1.00000, top4=1.00000
[Train][Epoch 9/100][Iter 170/178] lr=0.025000, loss=0.13017, top1=0.93750, top2=1.00000, top4=1.00000
[Train][Epoch 9/100][Iter 171/178] lr=0.025000, loss=0.01405, top1=1.00000, top2=1.00000, top4=1.00000
[Train][Epoch 9/100][Iter 172/178] lr=0.025000, loss=0.01600, top1=1.00000, top2=1.00000, top4=1.00000
[Train][Epoch 9/100][Iter 173/178] lr=0.025000, loss=0.15860, top1=0.93750, top2=1.00000, top4=1.00000
[Train][Epoch 9/100][Iter 174/178] lr=0.025000, loss=0.21030, top1=0.87500, top2=1.00000, top4=1.00000
[Train][Epoch 9/100][Iter 175/178] lr=0.025000, loss=0.17723, top1=0.93750, top2=1.00000, top4=1.00000
[Train][Epoch 9/100][Iter 176/178] lr=0.025000, loss=0.05290, top1=1.00000, top2=1.00000, top4=1.00000
[Train][Epoch 9/100][Iter 177/178] lr=0.025000, loss=0.24247, top1=0.90909, top2=1.00000, top4=1.00000
[Info] epoch_time=5162.6s
[Eval][Epoch 9] loss=0.85362, top1=0.78090, top2=0.94242, top4=1.00000, time=1299.4s
[Train][Epoch 10/100][Iter 0/178] lr=0.025000, loss=0.00862, top1=1.00000, top2=1.00000, top4=1.00000
[Train][Epoch 10/100][Iter 1/178] lr=0.025000, loss=0.52984, top1=0.87500, top2=0.93750, top4=1.00000
[Train][Epoch 10/100][Iter 2/178] lr=0.025000, loss=0.12400, top1=0.93750, top2=1.00000, top4=1.00000
[Train][Epoch 10/100][Iter 3/178] lr=0.025000, loss=0.02622, top1=1.00000, top2=1.00000, top4=1.00000
[Train][Epoch 10/100][Iter 4/178] lr=0.025000, loss=0.30016, top1=0.87500, top2=1.00000, top4=1.00000
[Train][Epoch 10/100][Iter 5/178] lr=0.025000, loss=0.36543, top1=0.93750, top2=1.00000, top4=1.00000
[Train][Epoch 10/100][Iter 6/178] lr=0.025000, loss=0.59659, top1=0.75000, top2=1.00000, top4=1.00000
[Train][Epoch 10/100][Iter 7/178] lr=0.025000, loss=0.03559, top1=1.00000, top2=1.00000, top4=1.00000
[Train][Epoch 10/100][Iter 8/178] lr=0.025000, loss=0.22441, top1=0.93750, top2=1.00000, top4=1.00000
[Train][Epoch 10/100][Iter 9/178] lr=0.025000, loss=0.05784, top1=1.00000, top2=1.00000, top4=1.00000
[Train][Epoch 10/100][Iter 10/178] lr=0.025000, loss=0.09702, top1=0.93750, top2=1.00000, top4=1.00000
[Train][Epoch 10/100][Iter 11/178] lr=0.025000, loss=0.08879, top1=1.00000, top2=1.00000, top4=1.00000
[Train][Epoch 10/100][Iter 12/178] lr=0.025000, loss=0.15333, top1=0.87500, top2=0.93750, top4=1.00000
[Train][Epoch 10/100][Iter 13/178] lr=0.025000, loss=0.05033, top1=1.00000, top2=1.00000, top4=1.00000
[Train][Epoch 10/100][Iter 14/178] lr=0.025000, loss=0.12631, top1=0.93750, top2=0.93750, top4=1.00000
[Train][Epoch 10/100][Iter 15/178] lr=0.025000, loss=0.36157, top1=0.75000, top2=1.00000, top4=1.00000
[Train][Epoch 10/100][Iter 16/178] lr=0.025000, loss=0.34563, top1=0.75000, top2=1.00000, top4=1.00000
[Train][Epoch 10/100][Iter 17/178] lr=0.025000, loss=0.06468, top1=1.00000, top2=1.00000, top4=1.00000
[Train][Epoch 10/100][Iter 18/178] lr=0.025000, loss=0.25314, top1=0.87500, top2=0.93750, top4=1.00000
[Train][Epoch 10/100][Iter 19/178] lr=0.025000, loss=0.14451, top1=0.93750, top2=1.00000, top4=1.00000
[Train][Epoch 10/100][Iter 20/178] lr=0.025000, loss=0.08150, top1=1.00000, top2=1.00000, top4=1.00000
[Train][Epoch 10/100][Iter 21/178] lr=0.025000, loss=0.16137, top1=0.87500, top2=1.00000, top4=1.00000
[Train][Epoch 10/100][Iter 22/178] lr=0.025000, loss=0.02370, top1=1.00000, top2=1.00000, top4=1.00000
[Train][Epoch 10/100][Iter 23/178] lr=0.025000, loss=0.08420, top1=0.93750, top2=1.00000, top4=1.00000
[Train][Epoch 10/100][Iter 24/178] lr=0.025000, loss=0.08809, top1=0.93750, top2=1.00000, top4=1.00000
[Train][Epoch 10/100][Iter 25/178] lr=0.025000, loss=0.20387, top1=0.87500, top2=1.00000, top4=1.00000
[Train][Epoch 10/100][Iter 26/178] lr=0.025000, loss=0.09885, top1=1.00000, top2=1.00000, top4=1.00000
[Train][Epoch 10/100][Iter 27/178] lr=0.025000, loss=0.03369, top1=1.00000, top2=1.00000, top4=1.00000
[Train][Epoch 10/100][Iter 28/178] lr=0.025000, loss=0.07199, top1=1.00000, top2=1.00000, top4=1.00000
[Train][Epoch 10/100][Iter 29/178] lr=0.025000, loss=0.08193, top1=1.00000, top2=1.00000, top4=1.00000
[Train][Epoch 10/100][Iter 30/178] lr=0.025000, loss=0.56337, top1=0.93750, top2=1.00000, top4=1.00000
[Train][Epoch 10/100][Iter 31/178] lr=0.025000, loss=0.01212, top1=1.00000, top2=1.00000, top4=1.00000
[Train][Epoch 10/100][Iter 32/178] lr=0.025000, loss=0.02484, top1=1.00000, top2=1.00000, top4=1.00000
[Train][Epoch 10/100][Iter 33/178] lr=0.025000, loss=0.03206, top1=1.00000, top2=1.00000, top4=1.00000
[Train][Epoch 10/100][Iter 34/178] lr=0.025000, loss=0.00996, top1=1.00000, top2=1.00000, top4=1.00000
[Train][Epoch 10/100][Iter 35/178] lr=0.025000, loss=0.26135, top1=0.93750, top2=1.00000, top4=1.00000
[Train][Epoch 10/100][Iter 36/178] lr=0.025000, loss=0.16990, top1=0.93750, top2=0.93750, top4=1.00000
[Train][Epoch 10/100][Iter 37/178] lr=0.025000, loss=0.15276, top1=0.93750, top2=1.00000, top4=1.00000
[Train][Epoch 10/100][Iter 38/178] lr=0.025000, loss=0.01933, top1=1.00000, top2=1.00000, top4=1.00000
[Train][Epoch 10/100][Iter 39/178] lr=0.025000, loss=0.11173, top1=0.93750, top2=1.00000, top4=1.00000
[Train][Epoch 10/100][Iter 40/178] lr=0.025000, loss=0.19715, top1=0.93750, top2=1.00000, top4=1.00000
[Train][Epoch 10/100][Iter 41/178] lr=0.025000, loss=0.01422, top1=1.00000, top2=1.00000, top4=1.00000
[Train][Epoch 10/100][Iter 42/178] lr=0.025000, loss=0.10494, top1=0.93750, top2=1.00000, top4=1.00000
[Train][Epoch 10/100][Iter 43/178] lr=0.025000, loss=0.08634, top1=0.93750, top2=1.00000, top4=1.00000
[Train][Epoch 10/100][Iter 44/178] lr=0.025000, loss=0.33361, top1=0.87500, top2=1.00000, top4=1.00000
[Train][Epoch 10/100][Iter 45/178] lr=0.025000, loss=0.11632, top1=0.93750, top2=1.00000, top4=1.00000
[Train][Epoch 10/100][Iter 46/178] lr=0.025000, loss=0.16332, top1=0.93750, top2=1.00000, top4=1.00000
[Train][Epoch 10/100][Iter 47/178] lr=0.025000, loss=0.11614, top1=1.00000, top2=1.00000, top4=1.00000
[Train][Epoch 10/100][Iter 48/178] lr=0.025000, loss=0.02235, top1=1.00000, top2=1.00000, top4=1.00000
[Train][Epoch 10/100][Iter 49/178] lr=0.025000, loss=0.01602, top1=1.00000, top2=1.00000, top4=1.00000
[Train][Epoch 10/100][Iter 50/178] lr=0.025000, loss=0.23868, top1=0.87500, top2=1.00000, top4=1.00000
[Train][Epoch 10/100][Iter 51/178] lr=0.025000, loss=0.34634, top1=0.87500, top2=0.93750, top4=1.00000
[Train][Epoch 10/100][Iter 52/178] lr=0.025000, loss=0.01710, top1=1.00000, top2=1.00000, top4=1.00000
[Train][Epoch 10/100][Iter 53/178] lr=0.025000, loss=0.50905, top1=0.87500, top2=1.00000, top4=1.00000
[Train][Epoch 10/100][Iter 54/178] lr=0.025000, loss=0.04425, top1=1.00000, top2=1.00000, top4=1.00000
[Train][Epoch 10/100][Iter 55/178] lr=0.025000, loss=0.17244, top1=0.93750, top2=1.00000, top4=1.00000
[Train][Epoch 10/100][Iter 56/178] lr=0.025000, loss=0.16848, top1=0.81250, top2=1.00000, top4=1.00000
[Train][Epoch 10/100][Iter 57/178] lr=0.025000, loss=0.20138, top1=0.93750, top2=1.00000, top4=1.00000
[Train][Epoch 10/100][Iter 58/178] lr=0.025000, loss=0.13265, top1=0.93750, top2=1.00000, top4=1.00000
[Train][Epoch 10/100][Iter 59/178] lr=0.025000, loss=0.21466, top1=0.87500, top2=1.00000, top4=1.00000
[Train][Epoch 10/100][Iter 60/178] lr=0.025000, loss=0.09624, top1=0.93750, top2=1.00000, top4=1.00000
[Train][Epoch 10/100][Iter 61/178] lr=0.025000, loss=0.05511, top1=1.00000, top2=1.00000, top4=1.00000
[Train][Epoch 10/100][Iter 62/178] lr=0.025000, loss=0.07330, top1=1.00000, top2=1.00000, top4=1.00000
[Train][Epoch 10/100][Iter 63/178] lr=0.025000, loss=0.15176, top1=0.93750, top2=1.00000, top4=1.00000
[Train][Epoch 10/100][Iter 64/178] lr=0.025000, loss=0.06390, top1=1.00000, top2=1.00000, top4=1.00000
[Train][Epoch 10/100][Iter 65/178] lr=0.025000, loss=0.13523, top1=0.93750, top2=1.00000, top4=1.00000
[Train][Epoch 10/100][Iter 66/178] lr=0.025000, loss=0.08079, top1=1.00000, top2=1.00000, top4=1.00000
[Train][Epoch 10/100][Iter 67/178] lr=0.025000, loss=0.29470, top1=0.93750, top2=0.93750, top4=1.00000
[Train][Epoch 10/100][Iter 68/178] lr=0.025000, loss=0.06233, top1=1.00000, top2=1.00000, top4=1.00000
[Train][Epoch 10/100][Iter 69/178] lr=0.025000, loss=0.10190, top1=1.00000, top2=1.00000, top4=1.00000
[Train][Epoch 10/100][Iter 70/178] lr=0.025000, loss=0.09401, top1=0.93750, top2=1.00000, top4=1.00000
[Train][Epoch 10/100][Iter 71/178] lr=0.025000, loss=0.02257, top1=1.00000, top2=1.00000, top4=1.00000
[Train][Epoch 10/100][Iter 72/178] lr=0.025000, loss=0.06137, top1=1.00000, top2=1.00000, top4=1.00000
[Train][Epoch 10/100][Iter 73/178] lr=0.025000, loss=0.01474, top1=1.00000, top2=1.00000, top4=1.00000
[Train][Epoch 10/100][Iter 74/178] lr=0.025000, loss=0.21531, top1=0.87500, top2=1.00000, top4=1.00000
[Train][Epoch 10/100][Iter 75/178] lr=0.025000, loss=0.42889, top1=0.93750, top2=1.00000, top4=1.00000
[Train][Epoch 10/100][Iter 76/178] lr=0.025000, loss=0.22496, top1=0.93750, top2=1.00000, top4=1.00000
[Train][Epoch 10/100][Iter 77/178] lr=0.025000, loss=0.03111, top1=1.00000, top2=1.00000, top4=1.00000
[Train][Epoch 10/100][Iter 78/178] lr=0.025000, loss=0.03068, top1=1.00000, top2=1.00000, top4=1.00000
[Train][Epoch 10/100][Iter 79/178] lr=0.025000, loss=0.11347, top1=0.93750, top2=1.00000, top4=1.00000
[Train][Epoch 10/100][Iter 80/178] lr=0.025000, loss=0.12034, top1=0.93750, top2=1.00000, top4=1.00000
[Train][Epoch 10/100][Iter 81/178] lr=0.025000, loss=0.05787, top1=1.00000, top2=1.00000, top4=1.00000
[Train][Epoch 10/100][Iter 82/178] lr=0.025000, loss=0.02086, top1=1.00000, top2=1.00000, top4=1.00000
[Train][Epoch 10/100][Iter 83/178] lr=0.025000, loss=0.05606, top1=1.00000, top2=1.00000, top4=1.00000
[Train][Epoch 10/100][Iter 84/178] lr=0.025000, loss=0.55936, top1=0.75000, top2=1.00000, top4=1.00000
[Train][Epoch 10/100][Iter 85/178] lr=0.025000, loss=0.05684, top1=0.93750, top2=1.00000, top4=1.00000
[Train][Epoch 10/100][Iter 86/178] lr=0.025000, loss=0.03717, top1=1.00000, top2=1.00000, top4=1.00000
[Train][Epoch 10/100][Iter 87/178] lr=0.025000, loss=0.09421, top1=0.93750, top2=1.00000, top4=1.00000
[Train][Epoch 10/100][Iter 88/178] lr=0.025000, loss=0.01605, top1=1.00000, top2=1.00000, top4=1.00000
[Train][Epoch 10/100][Iter 89/178] lr=0.025000, loss=0.46204, top1=0.81250, top2=1.00000, top4=1.00000
[Train][Epoch 10/100][Iter 90/178] lr=0.025000, loss=0.17991, top1=0.87500, top2=1.00000, top4=1.00000
[Train][Epoch 10/100][Iter 91/178] lr=0.025000, loss=0.03610, top1=1.00000, top2=1.00000, top4=1.00000
[Train][Epoch 10/100][Iter 92/178] lr=0.025000, loss=0.12925, top1=1.00000, top2=1.00000, top4=1.00000
[Train][Epoch 10/100][Iter 93/178] lr=0.025000, loss=0.13946, top1=0.93750, top2=1.00000, top4=1.00000
[Train][Epoch 10/100][Iter 94/178] lr=0.025000, loss=0.13957, top1=0.93750, top2=1.00000, top4=1.00000
[Train][Epoch 10/100][Iter 95/178] lr=0.025000, loss=0.03640, top1=1.00000, top2=1.00000, top4=1.00000
[Train][Epoch 10/100][Iter 96/178] lr=0.025000, loss=0.03857, top1=1.00000, top2=1.00000, top4=1.00000
[Train][Epoch 10/100][Iter 97/178] lr=0.025000, loss=0.21607, top1=0.93750, top2=1.00000, top4=1.00000
[Train][Epoch 10/100][Iter 98/178] lr=0.025000, loss=0.01354, top1=1.00000, top2=1.00000, top4=1.00000
[Train][Epoch 10/100][Iter 99/178] lr=0.025000, loss=0.20555, top1=0.93750, top2=1.00000, top4=1.00000
[Train][Epoch 10/100][Iter 100/178] lr=0.025000, loss=0.05381, top1=1.00000, top2=1.00000, top4=1.00000
[Train][Epoch 10/100][Iter 101/178] lr=0.025000, loss=0.43937, top1=0.87500, top2=1.00000, top4=1.00000
[Train][Epoch 10/100][Iter 102/178] lr=0.025000, loss=0.05831, top1=1.00000, top2=1.00000, top4=1.00000
[Train][Epoch 10/100][Iter 103/178] lr=0.025000, loss=0.13537, top1=0.87500, top2=1.00000, top4=1.00000
[Train][Epoch 10/100][Iter 104/178] lr=0.025000, loss=0.50938, top1=0.87500, top2=1.00000, top4=1.00000
[Train][Epoch 10/100][Iter 105/178] lr=0.025000, loss=0.17785, top1=0.93750, top2=1.00000, top4=1.00000
[Train][Epoch 10/100][Iter 106/178] lr=0.025000, loss=0.02905, top1=1.00000, top2=1.00000, top4=1.00000
[Train][Epoch 10/100][Iter 107/178] lr=0.025000, loss=0.20451, top1=0.93750, top2=1.00000, top4=1.00000
[Train][Epoch 10/100][Iter 108/178] lr=0.025000, loss=0.46268, top1=0.81250, top2=0.87500, top4=1.00000
[Train][Epoch 10/100][Iter 109/178] lr=0.025000, loss=0.10387, top1=1.00000, top2=1.00000, top4=1.00000
[Train][Epoch 10/100][Iter 110/178] lr=0.025000, loss=0.35841, top1=0.93750, top2=0.93750, top4=1.00000
[Train][Epoch 10/100][Iter 111/178] lr=0.025000, loss=0.01886, top1=1.00000, top2=1.00000, top4=1.00000
[Train][Epoch 10/100][Iter 112/178] lr=0.025000, loss=0.52749, top1=0.87500, top2=1.00000, top4=1.00000
[Train][Epoch 10/100][Iter 113/178] lr=0.025000, loss=0.12317, top1=0.93750, top2=1.00000, top4=1.00000
[Train][Epoch 10/100][Iter 114/178] lr=0.025000, loss=0.02990, top1=1.00000, top2=1.00000, top4=1.00000
[Train][Epoch 10/100][Iter 115/178] lr=0.025000, loss=0.15342, top1=0.93750, top2=1.00000, top4=1.00000
[Train][Epoch 10/100][Iter 116/178] lr=0.025000, loss=0.07255, top1=0.93750, top2=1.00000, top4=1.00000
[Train][Epoch 10/100][Iter 117/178] lr=0.025000, loss=0.02805, top1=1.00000, top2=1.00000, top4=1.00000
[Train][Epoch 10/100][Iter 118/178] lr=0.025000, loss=0.32544, top1=0.87500, top2=0.93750, top4=1.00000
[Train][Epoch 10/100][Iter 119/178] lr=0.025000, loss=0.01775, top1=1.00000, top2=1.00000, top4=1.00000
[Train][Epoch 10/100][Iter 120/178] lr=0.025000, loss=0.27810, top1=0.87500, top2=1.00000, top4=1.00000
[Train][Epoch 10/100][Iter 121/178] lr=0.025000, loss=0.01112, top1=1.00000, top2=1.00000, top4=1.00000
[Train][Epoch 10/100][Iter 122/178] lr=0.025000, loss=0.12301, top1=0.93750, top2=1.00000, top4=1.00000
[Train][Epoch 10/100][Iter 123/178] lr=0.025000, loss=0.02945, top1=1.00000, top2=1.00000, top4=1.00000
[Train][Epoch 10/100][Iter 124/178] lr=0.025000, loss=0.21683, top1=0.93750, top2=1.00000, top4=1.00000
[Train][Epoch 10/100][Iter 125/178] lr=0.025000, loss=0.20818, top1=0.87500, top2=1.00000, top4=1.00000
[Train][Epoch 10/100][Iter 126/178] lr=0.025000, loss=0.00940, top1=1.00000, top2=1.00000, top4=1.00000
[Train][Epoch 10/100][Iter 127/178] lr=0.025000, loss=0.03479, top1=1.00000, top2=1.00000, top4=1.00000
[Train][Epoch 10/100][Iter 128/178] lr=0.025000, loss=0.07426, top1=0.93750, top2=1.00000, top4=1.00000
[Train][Epoch 10/100][Iter 129/178] lr=0.025000, loss=0.04261, top1=1.00000, top2=1.00000, top4=1.00000
[Train][Epoch 10/100][Iter 130/178] lr=0.025000, loss=0.10746, top1=0.93750, top2=1.00000, top4=1.00000
[Train][Epoch 10/100][Iter 131/178] lr=0.025000, loss=0.02663, top1=1.00000, top2=1.00000, top4=1.00000
[Train][Epoch 10/100][Iter 132/178] lr=0.025000, loss=0.38883, top1=0.93750, top2=0.93750, top4=1.00000
[Train][Epoch 10/100][Iter 133/178] lr=0.025000, loss=0.21038, top1=0.93750, top2=0.93750, top4=1.00000
[Train][Epoch 10/100][Iter 134/178] lr=0.025000, loss=0.54362, top1=0.87500, top2=0.93750, top4=1.00000
[Train][Epoch 10/100][Iter 135/178] lr=0.025000, loss=0.40902, top1=0.81250, top2=1.00000, top4=1.00000
[Train][Epoch 10/100][Iter 136/178] lr=0.025000, loss=0.10364, top1=0.93750, top2=1.00000, top4=1.00000
[Train][Epoch 10/100][Iter 137/178] lr=0.025000, loss=0.13025, top1=0.93750, top2=1.00000, top4=1.00000
[Train][Epoch 10/100][Iter 138/178] lr=0.025000, loss=0.15559, top1=0.87500, top2=1.00000, top4=1.00000
[Train][Epoch 10/100][Iter 139/178] lr=0.025000, loss=0.03879, top1=1.00000, top2=1.00000, top4=1.00000
[Train][Epoch 10/100][Iter 140/178] lr=0.025000, loss=0.08365, top1=0.93750, top2=1.00000, top4=1.00000
[Train][Epoch 10/100][Iter 141/178] lr=0.025000, loss=0.09466, top1=1.00000, top2=1.00000, top4=1.00000
[Train][Epoch 10/100][Iter 142/178] lr=0.025000, loss=0.03419, top1=1.00000, top2=1.00000, top4=1.00000
[Train][Epoch 10/100][Iter 143/178] lr=0.025000, loss=0.03175, top1=1.00000, top2=1.00000, top4=1.00000
[Train][Epoch 10/100][Iter 144/178] lr=0.025000, loss=0.07794, top1=1.00000, top2=1.00000, top4=1.00000
[Train][Epoch 10/100][Iter 145/178] lr=0.025000, loss=0.02798, top1=1.00000, top2=1.00000, top4=1.00000
[Train][Epoch 10/100][Iter 146/178] lr=0.025000, loss=0.15510, top1=0.93750, top2=1.00000, top4=1.00000
[Train][Epoch 10/100][Iter 147/178] lr=0.025000, loss=0.12380, top1=0.93750, top2=1.00000, top4=1.00000
[Train][Epoch 10/100][Iter 148/178] lr=0.025000, loss=0.18904, top1=0.87500, top2=1.00000, top4=1.00000
[Train][Epoch 10/100][Iter 149/178] lr=0.025000, loss=0.04165, top1=1.00000, top2=1.00000, top4=1.00000
[Train][Epoch 10/100][Iter 150/178] lr=0.025000, loss=0.18956, top1=0.93750, top2=1.00000, top4=1.00000
[Train][Epoch 10/100][Iter 151/178] lr=0.025000, loss=0.32176, top1=0.87500, top2=1.00000, top4=1.00000
[Train][Epoch 10/100][Iter 152/178] lr=0.025000, loss=0.01838, top1=1.00000, top2=1.00000, top4=1.00000
[Train][Epoch 10/100][Iter 153/178] lr=0.025000, loss=0.20085, top1=0.93750, top2=1.00000, top4=1.00000
[Train][Epoch 10/100][Iter 154/178] lr=0.025000, loss=0.01281, top1=1.00000, top2=1.00000, top4=1.00000
[Train][Epoch 10/100][Iter 155/178] lr=0.025000, loss=0.05846, top1=1.00000, top2=1.00000, top4=1.00000
[Train][Epoch 10/100][Iter 156/178] lr=0.025000, loss=0.19125, top1=0.93750, top2=1.00000, top4=1.00000
[Train][Epoch 10/100][Iter 157/178] lr=0.025000, loss=0.00983, top1=1.00000, top2=1.00000, top4=1.00000
[Train][Epoch 10/100][Iter 158/178] lr=0.025000, loss=0.46246, top1=0.81250, top2=1.00000, top4=1.00000
[Train][Epoch 10/100][Iter 159/178] lr=0.025000, loss=0.11708, top1=0.93750, top2=1.00000, top4=1.00000
[Train][Epoch 10/100][Iter 160/178] lr=0.025000, loss=0.08912, top1=1.00000, top2=1.00000, top4=1.00000
[Train][Epoch 10/100][Iter 161/178] lr=0.025000, loss=0.15967, top1=0.93750, top2=1.00000, top4=1.00000
[Train][Epoch 10/100][Iter 162/178] lr=0.025000, loss=0.50163, top1=0.87500, top2=0.93750, top4=1.00000
[Train][Epoch 10/100][Iter 163/178] lr=0.025000, loss=0.37718, top1=0.81250, top2=1.00000, top4=1.00000
[Train][Epoch 10/100][Iter 164/178] lr=0.025000, loss=0.21753, top1=0.93750, top2=1.00000, top4=1.00000
[Train][Epoch 10/100][Iter 165/178] lr=0.025000, loss=0.01729, top1=1.00000, top2=1.00000, top4=1.00000
[Train][Epoch 10/100][Iter 166/178] lr=0.025000, loss=0.25987, top1=0.81250, top2=1.00000, top4=1.00000
[Train][Epoch 10/100][Iter 167/178] lr=0.025000, loss=0.04722, top1=1.00000, top2=1.00000, top4=1.00000
[Train][Epoch 10/100][Iter 168/178] lr=0.025000, loss=0.26538, top1=0.81250, top2=1.00000, top4=1.00000
[Train][Epoch 10/100][Iter 169/178] lr=0.025000, loss=0.05541, top1=1.00000, top2=1.00000, top4=1.00000
[Train][Epoch 10/100][Iter 170/178] lr=0.025000, loss=0.13058, top1=0.93750, top2=1.00000, top4=1.00000
[Train][Epoch 10/100][Iter 171/178] lr=0.025000, loss=0.03693, top1=1.00000, top2=1.00000, top4=1.00000
[Train][Epoch 10/100][Iter 172/178] lr=0.025000, loss=0.08597, top1=1.00000, top2=1.00000, top4=1.00000
[Train][Epoch 10/100][Iter 173/178] lr=0.025000, loss=0.08972, top1=1.00000, top2=1.00000, top4=1.00000
[Train][Epoch 10/100][Iter 174/178] lr=0.025000, loss=0.08168, top1=1.00000, top2=1.00000, top4=1.00000
[Train][Epoch 10/100][Iter 175/178] lr=0.025000, loss=0.02861, top1=1.00000, top2=1.00000, top4=1.00000
[Train][Epoch 10/100][Iter 176/178] lr=0.025000, loss=0.49809, top1=0.87500, top2=0.93750, top4=1.00000
[Train][Epoch 10/100][Iter 177/178] lr=0.025000, loss=0.02307, top1=1.00000, top2=1.00000, top4=1.00000
[Info] epoch_time=5374.8s
[Eval][Epoch 10] loss=0.30451, top1=0.86376, top2=0.99298, top4=1.00000, time=1302.1s
[Train][Epoch 11/100][Iter 0/178] lr=0.025000, loss=0.12926, top1=0.93750, top2=1.00000, top4=1.00000
[Train][Epoch 11/100][Iter 1/178] lr=0.025000, loss=0.06665, top1=1.00000, top2=1.00000, top4=1.00000
[Train][Epoch 11/100][Iter 2/178] lr=0.025000, loss=0.14571, top1=0.93750, top2=0.93750, top4=1.00000
[Train][Epoch 11/100][Iter 3/178] lr=0.025000, loss=0.08003, top1=0.93750, top2=1.00000, top4=1.00000
[Train][Epoch 11/100][Iter 4/178] lr=0.025000, loss=0.18822, top1=0.87500, top2=1.00000, top4=1.00000
[Train][Epoch 11/100][Iter 5/178] lr=0.025000, loss=0.26353, top1=0.93750, top2=1.00000, top4=1.00000
[Train][Epoch 11/100][Iter 6/178] lr=0.025000, loss=0.02866, top1=1.00000, top2=1.00000, top4=1.00000
[Train][Epoch 11/100][Iter 7/178] lr=0.025000, loss=0.31463, top1=0.87500, top2=0.93750, top4=1.00000
[Train][Epoch 11/100][Iter 8/178] lr=0.025000, loss=0.29845, top1=0.93750, top2=0.93750, top4=1.00000
[Train][Epoch 11/100][Iter 9/178] lr=0.025000, loss=0.23375, top1=0.87500, top2=1.00000, top4=1.00000
[Train][Epoch 11/100][Iter 10/178] lr=0.025000, loss=0.23862, top1=0.93750, top2=1.00000, top4=1.00000
[Train][Epoch 11/100][Iter 11/178] lr=0.025000, loss=0.03782, top1=1.00000, top2=1.00000, top4=1.00000
[Train][Epoch 11/100][Iter 12/178] lr=0.025000, loss=0.02847, top1=1.00000, top2=1.00000, top4=1.00000
[Train][Epoch 11/100][Iter 13/178] lr=0.025000, loss=0.23491, top1=0.93750, top2=1.00000, top4=1.00000
[Train][Epoch 11/100][Iter 14/178] lr=0.025000, loss=0.07456, top1=0.93750, top2=1.00000, top4=1.00000
[Train][Epoch 11/100][Iter 15/178] lr=0.025000, loss=0.01007, top1=1.00000, top2=1.00000, top4=1.00000
[Train][Epoch 11/100][Iter 16/178] lr=0.025000, loss=0.24552, top1=0.81250, top2=1.00000, top4=1.00000
[Train][Epoch 11/100][Iter 17/178] lr=0.025000, loss=0.06788, top1=0.93750, top2=1.00000, top4=1.00000
[Train][Epoch 11/100][Iter 18/178] lr=0.025000, loss=0.17914, top1=0.93750, top2=1.00000, top4=1.00000
[Train][Epoch 11/100][Iter 19/178] lr=0.025000, loss=0.02998, top1=1.00000, top2=1.00000, top4=1.00000
[Train][Epoch 11/100][Iter 20/178] lr=0.025000, loss=0.14775, top1=0.93750, top2=1.00000, top4=1.00000
[Train][Epoch 11/100][Iter 21/178] lr=0.025000, loss=0.55707, top1=0.87500, top2=1.00000, top4=1.00000
[Train][Epoch 11/100][Iter 22/178] lr=0.025000, loss=0.14763, top1=0.93750, top2=1.00000, top4=1.00000
[Train][Epoch 11/100][Iter 23/178] lr=0.025000, loss=0.02654, top1=1.00000, top2=1.00000, top4=1.00000
[Train][Epoch 11/100][Iter 24/178] lr=0.025000, loss=0.12748, top1=0.93750, top2=1.00000, top4=1.00000
[Train][Epoch 11/100][Iter 25/178] lr=0.025000, loss=0.02438, top1=1.00000, top2=1.00000, top4=1.00000
[Train][Epoch 11/100][Iter 26/178] lr=0.025000, loss=0.01865, top1=1.00000, top2=1.00000, top4=1.00000
[Train][Epoch 11/100][Iter 27/178] lr=0.025000, loss=0.05115, top1=1.00000, top2=1.00000, top4=1.00000
[Train][Epoch 11/100][Iter 28/178] lr=0.025000, loss=0.05632, top1=1.00000, top2=1.00000, top4=1.00000
[Train][Epoch 11/100][Iter 29/178] lr=0.025000, loss=0.23306, top1=0.93750, top2=1.00000, top4=1.00000
[Train][Epoch 11/100][Iter 30/178] lr=0.025000, loss=0.06386, top1=1.00000, top2=1.00000, top4=1.00000
[Train][Epoch 11/100][Iter 31/178] lr=0.025000, loss=0.05095, top1=1.00000, top2=1.00000, top4=1.00000
[Train][Epoch 11/100][Iter 32/178] lr=0.025000, loss=0.32855, top1=0.93750, top2=1.00000, top4=1.00000
[Train][Epoch 11/100][Iter 33/178] lr=0.025000, loss=0.11974, top1=0.93750, top2=1.00000, top4=1.00000
[Train][Epoch 11/100][Iter 34/178] lr=0.025000, loss=0.01588, top1=1.00000, top2=1.00000, top4=1.00000
[Train][Epoch 11/100][Iter 35/178] lr=0.025000, loss=0.08392, top1=1.00000, top2=1.00000, top4=1.00000
[Train][Epoch 11/100][Iter 36/178] lr=0.025000, loss=0.01094, top1=1.00000, top2=1.00000, top4=1.00000
[Train][Epoch 11/100][Iter 37/178] lr=0.025000, loss=0.34567, top1=0.93750, top2=1.00000, top4=1.00000
[Train][Epoch 11/100][Iter 38/178] lr=0.025000, loss=0.02545, top1=1.00000, top2=1.00000, top4=1.00000
[Train][Epoch 11/100][Iter 39/178] lr=0.025000, loss=0.19097, top1=0.93750, top2=1.00000, top4=1.00000
[Train][Epoch 11/100][Iter 40/178] lr=0.025000, loss=0.02329, top1=1.00000, top2=1.00000, top4=1.00000
[Train][Epoch 11/100][Iter 41/178] lr=0.025000, loss=0.06282, top1=1.00000, top2=1.00000, top4=1.00000
[Train][Epoch 11/100][Iter 42/178] lr=0.025000, loss=0.23454, top1=0.93750, top2=1.00000, top4=1.00000
[Train][Epoch 11/100][Iter 43/178] lr=0.025000, loss=0.06633, top1=1.00000, top2=1.00000, top4=1.00000
[Train][Epoch 11/100][Iter 44/178] lr=0.025000, loss=0.36036, top1=0.93750, top2=0.93750, top4=1.00000
[Train][Epoch 11/100][Iter 45/178] lr=0.025000, loss=0.07703, top1=0.93750, top2=1.00000, top4=1.00000
[Train][Epoch 11/100][Iter 46/178] lr=0.025000, loss=0.06353, top1=1.00000, top2=1.00000, top4=1.00000
[Train][Epoch 11/100][Iter 47/178] lr=0.025000, loss=0.06412, top1=0.93750, top2=1.00000, top4=1.00000
[Train][Epoch 11/100][Iter 48/178] lr=0.025000, loss=0.03084, top1=1.00000, top2=1.00000, top4=1.00000
[Train][Epoch 11/100][Iter 49/178] lr=0.025000, loss=0.01809, top1=1.00000, top2=1.00000, top4=1.00000
[Train][Epoch 11/100][Iter 50/178] lr=0.025000, loss=0.03273, top1=1.00000, top2=1.00000, top4=1.00000
[Train][Epoch 11/100][Iter 51/178] lr=0.025000, loss=0.20024, top1=0.93750, top2=1.00000, top4=1.00000
[Train][Epoch 11/100][Iter 52/178] lr=0.025000, loss=0.11419, top1=0.93750, top2=1.00000, top4=1.00000
[Train][Epoch 11/100][Iter 53/178] lr=0.025000, loss=0.10016, top1=0.93750, top2=1.00000, top4=1.00000
[Train][Epoch 11/100][Iter 54/178] lr=0.025000, loss=0.15964, top1=0.93750, top2=1.00000, top4=1.00000
[Train][Epoch 11/100][Iter 55/178] lr=0.025000, loss=0.12202, top1=0.93750, top2=0.93750, top4=1.00000
[Train][Epoch 11/100][Iter 56/178] lr=0.025000, loss=0.52371, top1=0.75000, top2=0.81250, top4=1.00000
[Train][Epoch 11/100][Iter 57/178] lr=0.025000, loss=0.02440, top1=1.00000, top2=1.00000, top4=1.00000
[Train][Epoch 11/100][Iter 58/178] lr=0.025000, loss=0.10496, top1=0.93750, top2=1.00000, top4=1.00000
[Train][Epoch 11/100][Iter 59/178] lr=0.025000, loss=0.09193, top1=1.00000, top2=1.00000, top4=1.00000
[Train][Epoch 11/100][Iter 60/178] lr=0.025000, loss=0.27826, top1=0.87500, top2=1.00000, top4=1.00000
[Train][Epoch 11/100][Iter 61/178] lr=0.025000, loss=0.10647, top1=1.00000, top2=1.00000, top4=1.00000
[Train][Epoch 11/100][Iter 62/178] lr=0.025000, loss=0.34864, top1=0.87500, top2=1.00000, top4=1.00000
[Train][Epoch 11/100][Iter 63/178] lr=0.025000, loss=0.17285, top1=0.87500, top2=1.00000, top4=1.00000
[Train][Epoch 11/100][Iter 64/178] lr=0.025000, loss=0.29133, top1=0.93750, top2=1.00000, top4=1.00000
[Train][Epoch 11/100][Iter 65/178] lr=0.025000, loss=0.13586, top1=0.93750, top2=1.00000, top4=1.00000
[Train][Epoch 11/100][Iter 66/178] lr=0.025000, loss=0.02740, top1=1.00000, top2=1.00000, top4=1.00000
[Train][Epoch 11/100][Iter 67/178] lr=0.025000, loss=0.12557, top1=1.00000, top2=1.00000, top4=1.00000
[Train][Epoch 11/100][Iter 68/178] lr=0.025000, loss=0.17023, top1=0.87500, top2=1.00000, top4=1.00000
[Train][Epoch 11/100][Iter 69/178] lr=0.025000, loss=0.15533, top1=0.93750, top2=1.00000, top4=1.00000
[Train][Epoch 11/100][Iter 70/178] lr=0.025000, loss=0.06584, top1=0.93750, top2=1.00000, top4=1.00000
[Train][Epoch 11/100][Iter 71/178] lr=0.025000, loss=0.03519, top1=1.00000, top2=1.00000, top4=1.00000
[Train][Epoch 11/100][Iter 72/178] lr=0.025000, loss=0.02217, top1=1.00000, top2=1.00000, top4=1.00000
[Train][Epoch 11/100][Iter 73/178] lr=0.025000, loss=0.06694, top1=1.00000, top2=1.00000, top4=1.00000
[Train][Epoch 11/100][Iter 74/178] lr=0.025000, loss=0.84287, top1=0.81250, top2=0.93750, top4=1.00000
[Train][Epoch 11/100][Iter 75/178] lr=0.025000, loss=0.30218, top1=0.81250, top2=1.00000, top4=1.00000
[Train][Epoch 11/100][Iter 76/178] lr=0.025000, loss=0.09070, top1=1.00000, top2=1.00000, top4=1.00000
[Train][Epoch 11/100][Iter 77/178] lr=0.025000, loss=0.02896, top1=1.00000, top2=1.00000, top4=1.00000
[Train][Epoch 11/100][Iter 78/178] lr=0.025000, loss=0.48536, top1=0.87500, top2=1.00000, top4=1.00000
[Train][Epoch 11/100][Iter 79/178] lr=0.025000, loss=0.12127, top1=0.93750, top2=1.00000, top4=1.00000
[Train][Epoch 11/100][Iter 80/178] lr=0.025000, loss=0.07327, top1=0.93750, top2=1.00000, top4=1.00000
[Train][Epoch 11/100][Iter 81/178] lr=0.025000, loss=0.68434, top1=0.75000, top2=0.93750, top4=1.00000
[Train][Epoch 11/100][Iter 82/178] lr=0.025000, loss=0.41379, top1=0.87500, top2=0.93750, top4=1.00000
[Train][Epoch 11/100][Iter 83/178] lr=0.025000, loss=0.39125, top1=0.93750, top2=1.00000, top4=1.00000
[Train][Epoch 11/100][Iter 84/178] lr=0.025000, loss=0.91718, top1=0.68750, top2=0.93750, top4=1.00000
[Train][Epoch 11/100][Iter 85/178] lr=0.025000, loss=0.01739, top1=1.00000, top2=1.00000, top4=1.00000
[Train][Epoch 11/100][Iter 86/178] lr=0.025000, loss=0.04331, top1=1.00000, top2=1.00000, top4=1.00000
[Train][Epoch 11/100][Iter 87/178] lr=0.025000, loss=0.01693, top1=1.00000, top2=1.00000, top4=1.00000
[Train][Epoch 11/100][Iter 88/178] lr=0.025000, loss=0.45688, top1=0.75000, top2=1.00000, top4=1.00000
[Train][Epoch 11/100][Iter 89/178] lr=0.025000, loss=0.05248, top1=0.93750, top2=1.00000, top4=1.00000
[Train][Epoch 11/100][Iter 90/178] lr=0.025000, loss=0.23260, top1=0.87500, top2=1.00000, top4=1.00000
[Train][Epoch 11/100][Iter 91/178] lr=0.025000, loss=0.17184, top1=0.93750, top2=1.00000, top4=1.00000
[Train][Epoch 11/100][Iter 92/178] lr=0.025000, loss=0.25755, top1=0.87500, top2=1.00000, top4=1.00000
[Train][Epoch 11/100][Iter 93/178] lr=0.025000, loss=0.12938, top1=0.93750, top2=1.00000, top4=1.00000
[Train][Epoch 11/100][Iter 94/178] lr=0.025000, loss=0.24533, top1=0.93750, top2=1.00000, top4=1.00000
[Train][Epoch 11/100][Iter 95/178] lr=0.025000, loss=0.17111, top1=0.93750, top2=1.00000, top4=1.00000
[Train][Epoch 11/100][Iter 96/178] lr=0.025000, loss=0.39030, top1=0.81250, top2=1.00000, top4=1.00000
[Train][Epoch 11/100][Iter 97/178] lr=0.025000, loss=0.03308, top1=1.00000, top2=1.00000, top4=1.00000
[Train][Epoch 11/100][Iter 98/178] lr=0.025000, loss=0.20725, top1=0.93750, top2=1.00000, top4=1.00000
[Train][Epoch 11/100][Iter 99/178] lr=0.025000, loss=0.06587, top1=1.00000, top2=1.00000, top4=1.00000
[Train][Epoch 11/100][Iter 100/178] lr=0.025000, loss=0.05504, top1=1.00000, top2=1.00000, top4=1.00000
[Train][Epoch 11/100][Iter 101/178] lr=0.025000, loss=0.03535, top1=1.00000, top2=1.00000, top4=1.00000
[Train][Epoch 11/100][Iter 102/178] lr=0.025000, loss=0.20272, top1=0.87500, top2=1.00000, top4=1.00000
[Train][Epoch 11/100][Iter 103/178] lr=0.025000, loss=0.21015, top1=0.93750, top2=0.93750, top4=1.00000
[Train][Epoch 11/100][Iter 104/178] lr=0.025000, loss=0.08497, top1=1.00000, top2=1.00000, top4=1.00000
[Train][Epoch 11/100][Iter 105/178] lr=0.025000, loss=0.20125, top1=0.87500, top2=1.00000, top4=1.00000
[Train][Epoch 11/100][Iter 106/178] lr=0.025000, loss=0.44524, top1=0.81250, top2=0.93750, top4=1.00000
[Train][Epoch 11/100][Iter 107/178] lr=0.025000, loss=0.35337, top1=0.81250, top2=1.00000, top4=1.00000
[Train][Epoch 11/100][Iter 108/178] lr=0.025000, loss=0.05983, top1=1.00000, top2=1.00000, top4=1.00000
[Train][Epoch 11/100][Iter 109/178] lr=0.025000, loss=0.19826, top1=0.87500, top2=1.00000, top4=1.00000
[Train][Epoch 11/100][Iter 110/178] lr=0.025000, loss=0.12672, top1=0.93750, top2=1.00000, top4=1.00000
[Train][Epoch 11/100][Iter 111/178] lr=0.025000, loss=0.07329, top1=1.00000, top2=1.00000, top4=1.00000
[Train][Epoch 11/100][Iter 112/178] lr=0.025000, loss=0.14029, top1=0.93750, top2=1.00000, top4=1.00000
[Train][Epoch 11/100][Iter 113/178] lr=0.025000, loss=0.07244, top1=1.00000, top2=1.00000, top4=1.00000
[Train][Epoch 11/100][Iter 114/178] lr=0.025000, loss=0.11380, top1=0.93750, top2=1.00000, top4=1.00000
[Train][Epoch 11/100][Iter 115/178] lr=0.025000, loss=0.10355, top1=0.93750, top2=1.00000, top4=1.00000
[Train][Epoch 11/100][Iter 116/178] lr=0.025000, loss=0.04643, top1=1.00000, top2=1.00000, top4=1.00000
[Train][Epoch 11/100][Iter 117/178] lr=0.025000, loss=0.20583, top1=0.87500, top2=1.00000, top4=1.00000
[Train][Epoch 11/100][Iter 118/178] lr=0.025000, loss=0.20139, top1=0.87500, top2=1.00000, top4=1.00000
[Train][Epoch 11/100][Iter 119/178] lr=0.025000, loss=0.10294, top1=0.93750, top2=1.00000, top4=1.00000
[Train][Epoch 11/100][Iter 120/178] lr=0.025000, loss=0.01952, top1=1.00000, top2=1.00000, top4=1.00000
[Train][Epoch 11/100][Iter 121/178] lr=0.025000, loss=0.14201, top1=0.93750, top2=1.00000, top4=1.00000
[Train][Epoch 11/100][Iter 122/178] lr=0.025000, loss=0.29085, top1=0.81250, top2=1.00000, top4=1.00000
[Train][Epoch 11/100][Iter 123/178] lr=0.025000, loss=0.22938, top1=0.87500, top2=1.00000, top4=1.00000
[Train][Epoch 11/100][Iter 124/178] lr=0.025000, loss=0.31485, top1=0.87500, top2=1.00000, top4=1.00000
[Train][Epoch 11/100][Iter 125/178] lr=0.025000, loss=0.18647, top1=0.93750, top2=1.00000, top4=1.00000
[Train][Epoch 11/100][Iter 126/178] lr=0.025000, loss=0.14848, top1=0.93750, top2=1.00000, top4=1.00000
[Train][Epoch 11/100][Iter 127/178] lr=0.025000, loss=0.02928, top1=1.00000, top2=1.00000, top4=1.00000
[Train][Epoch 11/100][Iter 128/178] lr=0.025000, loss=0.22503, top1=0.93750, top2=1.00000, top4=1.00000
[Train][Epoch 11/100][Iter 129/178] lr=0.025000, loss=0.17419, top1=0.93750, top2=0.93750, top4=1.00000
[Train][Epoch 11/100][Iter 130/178] lr=0.025000, loss=0.04060, top1=1.00000, top2=1.00000, top4=1.00000
[Train][Epoch 11/100][Iter 131/178] lr=0.025000, loss=0.13433, top1=0.87500, top2=1.00000, top4=1.00000
[Train][Epoch 11/100][Iter 132/178] lr=0.025000, loss=0.03049, top1=1.00000, top2=1.00000, top4=1.00000
[Train][Epoch 11/100][Iter 133/178] lr=0.025000, loss=0.05578, top1=1.00000, top2=1.00000, top4=1.00000
[Train][Epoch 11/100][Iter 134/178] lr=0.025000, loss=0.13963, top1=1.00000, top2=1.00000, top4=1.00000
[Train][Epoch 11/100][Iter 135/178] lr=0.025000, loss=0.09481, top1=0.93750, top2=1.00000, top4=1.00000
[Train][Epoch 11/100][Iter 136/178] lr=0.025000, loss=0.08305, top1=0.93750, top2=1.00000, top4=1.00000
[Train][Epoch 11/100][Iter 137/178] lr=0.025000, loss=0.09059, top1=0.93750, top2=1.00000, top4=1.00000
[Train][Epoch 11/100][Iter 138/178] lr=0.025000, loss=0.04439, top1=1.00000, top2=1.00000, top4=1.00000
[Train][Epoch 11/100][Iter 139/178] lr=0.025000, loss=0.55218, top1=0.81250, top2=1.00000, top4=1.00000
[Train][Epoch 11/100][Iter 140/178] lr=0.025000, loss=0.09833, top1=0.87500, top2=1.00000, top4=1.00000
[Train][Epoch 11/100][Iter 141/178] lr=0.025000, loss=0.01451, top1=1.00000, top2=1.00000, top4=1.00000
[Train][Epoch 11/100][Iter 142/178] lr=0.025000, loss=0.13510, top1=0.93750, top2=1.00000, top4=1.00000
[Train][Epoch 11/100][Iter 143/178] lr=0.025000, loss=0.00601, top1=1.00000, top2=1.00000, top4=1.00000
[Train][Epoch 11/100][Iter 144/178] lr=0.025000, loss=0.04156, top1=1.00000, top2=1.00000, top4=1.00000
[Train][Epoch 11/100][Iter 145/178] lr=0.025000, loss=0.21517, top1=0.93750, top2=1.00000, top4=1.00000
[Train][Epoch 11/100][Iter 146/178] lr=0.025000, loss=0.04527, top1=1.00000, top2=1.00000, top4=1.00000
[Train][Epoch 11/100][Iter 147/178] lr=0.025000, loss=0.01160, top1=1.00000, top2=1.00000, top4=1.00000
[Train][Epoch 11/100][Iter 148/178] lr=0.025000, loss=0.03581, top1=1.00000, top2=1.00000, top4=1.00000
[Train][Epoch 11/100][Iter 149/178] lr=0.025000, loss=0.21783, top1=0.93750, top2=0.93750, top4=1.00000
[Train][Epoch 11/100][Iter 150/178] lr=0.025000, loss=0.07222, top1=0.93750, top2=1.00000, top4=1.00000
[Train][Epoch 11/100][Iter 151/178] lr=0.025000, loss=0.01110, top1=1.00000, top2=1.00000, top4=1.00000
[Train][Epoch 11/100][Iter 152/178] lr=0.025000, loss=0.00420, top1=1.00000, top2=1.00000, top4=1.00000
[Train][Epoch 11/100][Iter 153/178] lr=0.025000, loss=0.06508, top1=0.93750, top2=1.00000, top4=1.00000
[Train][Epoch 11/100][Iter 154/178] lr=0.025000, loss=0.27488, top1=0.87500, top2=1.00000, top4=1.00000
[Train][Epoch 11/100][Iter 155/178] lr=0.025000, loss=0.01310, top1=1.00000, top2=1.00000, top4=1.00000
[Train][Epoch 11/100][Iter 156/178] lr=0.025000, loss=0.03085, top1=1.00000, top2=1.00000, top4=1.00000
[Train][Epoch 11/100][Iter 157/178] lr=0.025000, loss=0.03462, top1=1.00000, top2=1.00000, top4=1.00000
[Train][Epoch 11/100][Iter 158/178] lr=0.025000, loss=0.03058, top1=1.00000, top2=1.00000, top4=1.00000
[Train][Epoch 11/100][Iter 159/178] lr=0.025000, loss=0.07854, top1=0.93750, top2=1.00000, top4=1.00000
[Train][Epoch 11/100][Iter 160/178] lr=0.025000, loss=0.28793, top1=0.93750, top2=0.93750, top4=1.00000
[Train][Epoch 11/100][Iter 161/178] lr=0.025000, loss=0.41585, top1=0.87500, top2=0.93750, top4=1.00000
[Train][Epoch 11/100][Iter 162/178] lr=0.025000, loss=0.05149, top1=1.00000, top2=1.00000, top4=1.00000
[Train][Epoch 11/100][Iter 163/178] lr=0.025000, loss=0.13202, top1=0.93750, top2=1.00000, top4=1.00000
[Train][Epoch 11/100][Iter 164/178] lr=0.025000, loss=0.34664, top1=0.87500, top2=1.00000, top4=1.00000
[Train][Epoch 11/100][Iter 165/178] lr=0.025000, loss=0.03384, top1=1.00000, top2=1.00000, top4=1.00000
[Train][Epoch 11/100][Iter 166/178] lr=0.025000, loss=0.01830, top1=1.00000, top2=1.00000, top4=1.00000
[Train][Epoch 11/100][Iter 167/178] lr=0.025000, loss=0.29955, top1=0.87500, top2=1.00000, top4=1.00000
[Train][Epoch 11/100][Iter 168/178] lr=0.025000, loss=0.00577, top1=1.00000, top2=1.00000, top4=1.00000
[Train][Epoch 11/100][Iter 169/178] lr=0.025000, loss=0.15232, top1=0.93750, top2=1.00000, top4=1.00000
[Train][Epoch 11/100][Iter 170/178] lr=0.025000, loss=0.03990, top1=1.00000, top2=1.00000, top4=1.00000
[Train][Epoch 11/100][Iter 171/178] lr=0.025000, loss=0.10425, top1=1.00000, top2=1.00000, top4=1.00000
[Train][Epoch 11/100][Iter 172/178] lr=0.025000, loss=0.10692, top1=0.93750, top2=1.00000, top4=1.00000
[Train][Epoch 11/100][Iter 173/178] lr=0.025000, loss=0.29548, top1=0.87500, top2=0.93750, top4=1.00000
[Train][Epoch 11/100][Iter 174/178] lr=0.025000, loss=0.16646, top1=0.93750, top2=1.00000, top4=1.00000
[Train][Epoch 11/100][Iter 175/178] lr=0.025000, loss=0.07387, top1=1.00000, top2=1.00000, top4=1.00000
[Train][Epoch 11/100][Iter 176/178] lr=0.025000, loss=0.14091, top1=1.00000, top2=1.00000, top4=1.00000
[Train][Epoch 11/100][Iter 177/178] lr=0.025000, loss=0.19615, top1=0.90909, top2=1.00000, top4=1.00000
[Info] epoch_time=5184.5s
[Eval][Epoch 11] loss=0.19528, top1=0.93118, top2=0.99860, top4=1.00000, time=1301.9s
[Info] saved /mnt/synology/wen.zhou/2026.05/Coordinate_Attention/output/best.pt (top1=0.93118)
[Train][Epoch 12/100][Iter 0/178] lr=0.025000, loss=0.01705, top1=1.00000, top2=1.00000, top4=1.00000
[Train][Epoch 12/100][Iter 1/178] lr=0.025000, loss=0.11693, top1=0.93750, top2=1.00000, top4=1.00000
[Train][Epoch 12/100][Iter 2/178] lr=0.025000, loss=0.18491, top1=1.00000, top2=1.00000, top4=1.00000
[Train][Epoch 12/100][Iter 3/178] lr=0.025000, loss=0.03373, top1=1.00000, top2=1.00000, top4=1.00000
[Train][Epoch 12/100][Iter 4/178] lr=0.025000, loss=0.02207, top1=1.00000, top2=1.00000, top4=1.00000
[Train][Epoch 12/100][Iter 5/178] lr=0.025000, loss=0.01634, top1=1.00000, top2=1.00000, top4=1.00000
[Train][Epoch 12/100][Iter 6/178] lr=0.025000, loss=0.04823, top1=1.00000, top2=1.00000, top4=1.00000
[Train][Epoch 12/100][Iter 7/178] lr=0.025000, loss=0.04113, top1=1.00000, top2=1.00000, top4=1.00000
[Train][Epoch 12/100][Iter 8/178] lr=0.025000, loss=0.00533, top1=1.00000, top2=1.00000, top4=1.00000
[Train][Epoch 12/100][Iter 9/178] lr=0.025000, loss=0.57509, top1=0.81250, top2=1.00000, top4=1.00000
[Train][Epoch 12/100][Iter 10/178] lr=0.025000, loss=0.18965, top1=0.93750, top2=1.00000, top4=1.00000
[Train][Epoch 12/100][Iter 11/178] lr=0.025000, loss=0.01622, top1=1.00000, top2=1.00000, top4=1.00000
[Train][Epoch 12/100][Iter 12/178] lr=0.025000, loss=0.09074, top1=1.00000, top2=1.00000, top4=1.00000
[Train][Epoch 12/100][Iter 13/178] lr=0.025000, loss=0.00962, top1=1.00000, top2=1.00000, top4=1.00000
[Train][Epoch 12/100][Iter 14/178] lr=0.025000, loss=0.02420, top1=1.00000, top2=1.00000, top4=1.00000
[Train][Epoch 12/100][Iter 15/178] lr=0.025000, loss=0.02564, top1=1.00000, top2=1.00000, top4=1.00000
[Train][Epoch 12/100][Iter 16/178] lr=0.025000, loss=0.20570, top1=0.93750, top2=1.00000, top4=1.00000
[Train][Epoch 12/100][Iter 17/178] lr=0.025000, loss=0.02881, top1=1.00000, top2=1.00000, top4=1.00000
[Train][Epoch 12/100][Iter 18/178] lr=0.025000, loss=0.14483, top1=0.87500, top2=1.00000, top4=1.00000
[Train][Epoch 12/100][Iter 19/178] lr=0.025000, loss=0.03490, top1=1.00000, top2=1.00000, top4=1.00000
[Train][Epoch 12/100][Iter 20/178] lr=0.025000, loss=0.09733, top1=0.93750, top2=1.00000, top4=1.00000
[Train][Epoch 12/100][Iter 21/178] lr=0.025000, loss=0.07581, top1=0.93750, top2=1.00000, top4=1.00000
[Train][Epoch 12/100][Iter 22/178] lr=0.025000, loss=0.19133, top1=0.93750, top2=1.00000, top4=1.00000
[Train][Epoch 12/100][Iter 23/178] lr=0.025000, loss=0.00915, top1=1.00000, top2=1.00000, top4=1.00000
[Train][Epoch 12/100][Iter 24/178] lr=0.025000, loss=0.02610, top1=1.00000, top2=1.00000, top4=1.00000
[Train][Epoch 12/100][Iter 25/178] lr=0.025000, loss=0.01878, top1=1.00000, top2=1.00000, top4=1.00000
[Train][Epoch 12/100][Iter 26/178] lr=0.025000, loss=0.31055, top1=0.87500, top2=1.00000, top4=1.00000
[Train][Epoch 12/100][Iter 27/178] lr=0.025000, loss=0.08553, top1=0.93750, top2=1.00000, top4=1.00000
[Train][Epoch 12/100][Iter 28/178] lr=0.025000, loss=0.13459, top1=0.93750, top2=1.00000, top4=1.00000
[Train][Epoch 12/100][Iter 29/178] lr=0.025000, loss=0.03790, top1=1.00000, top2=1.00000, top4=1.00000
[Train][Epoch 12/100][Iter 30/178] lr=0.025000, loss=0.23287, top1=0.87500, top2=1.00000, top4=1.00000
[Train][Epoch 12/100][Iter 31/178] lr=0.025000, loss=0.12783, top1=0.93750, top2=1.00000, top4=1.00000
[Train][Epoch 12/100][Iter 32/178] lr=0.025000, loss=0.14279, top1=0.93750, top2=1.00000, top4=1.00000
[Train][Epoch 12/100][Iter 33/178] lr=0.025000, loss=0.11110, top1=0.93750, top2=1.00000, top4=1.00000
[Train][Epoch 12/100][Iter 34/178] lr=0.025000, loss=0.05725, top1=1.00000, top2=1.00000, top4=1.00000
[Train][Epoch 12/100][Iter 35/178] lr=0.025000, loss=0.01701, top1=1.00000, top2=1.00000, top4=1.00000
[Train][Epoch 12/100][Iter 36/178] lr=0.025000, loss=0.03112, top1=1.00000, top2=1.00000, top4=1.00000
[Train][Epoch 12/100][Iter 37/178] lr=0.025000, loss=0.16391, top1=0.93750, top2=1.00000, top4=1.00000
[Train][Epoch 12/100][Iter 38/178] lr=0.025000, loss=0.08866, top1=0.93750, top2=1.00000, top4=1.00000
[Train][Epoch 12/100][Iter 39/178] lr=0.025000, loss=0.00764, top1=1.00000, top2=1.00000, top4=1.00000
[Train][Epoch 12/100][Iter 40/178] lr=0.025000, loss=0.21543, top1=0.93750, top2=1.00000, top4=1.00000
[Train][Epoch 12/100][Iter 41/178] lr=0.025000, loss=0.00624, top1=1.00000, top2=1.00000, top4=1.00000
[Train][Epoch 12/100][Iter 42/178] lr=0.025000, loss=0.14152, top1=0.93750, top2=1.00000, top4=1.00000
[Train][Epoch 12/100][Iter 43/178] lr=0.025000, loss=0.21040, top1=0.87500, top2=1.00000, top4=1.00000
[Train][Epoch 12/100][Iter 44/178] lr=0.025000, loss=0.01972, top1=1.00000, top2=1.00000, top4=1.00000
[Train][Epoch 12/100][Iter 45/178] lr=0.025000, loss=0.53218, top1=0.87500, top2=1.00000, top4=1.00000
[Train][Epoch 12/100][Iter 46/178] lr=0.025000, loss=0.06933, top1=1.00000, top2=1.00000, top4=1.00000
[Train][Epoch 12/100][Iter 47/178] lr=0.025000, loss=0.04442, top1=1.00000, top2=1.00000, top4=1.00000
[Train][Epoch 12/100][Iter 48/178] lr=0.025000, loss=0.02150, top1=1.00000, top2=1.00000, top4=1.00000
[Train][Epoch 12/100][Iter 49/178] lr=0.025000, loss=0.03050, top1=1.00000, top2=1.00000, top4=1.00000
[Train][Epoch 12/100][Iter 50/178] lr=0.025000, loss=0.08620, top1=1.00000, top2=1.00000, top4=1.00000
[Train][Epoch 12/100][Iter 51/178] lr=0.025000, loss=0.02037, top1=1.00000, top2=1.00000, top4=1.00000
[Train][Epoch 12/100][Iter 52/178] lr=0.025000, loss=0.16569, top1=0.93750, top2=1.00000, top4=1.00000
[Train][Epoch 12/100][Iter 53/178] lr=0.025000, loss=0.08112, top1=0.93750, top2=1.00000, top4=1.00000
[Train][Epoch 12/100][Iter 54/178] lr=0.025000, loss=0.13192, top1=0.93750, top2=1.00000, top4=1.00000
[Train][Epoch 12/100][Iter 55/178] lr=0.025000, loss=0.01809, top1=1.00000, top2=1.00000, top4=1.00000
[Train][Epoch 12/100][Iter 56/178] lr=0.025000, loss=0.27478, top1=0.81250, top2=1.00000, top4=1.00000
[Train][Epoch 12/100][Iter 57/178] lr=0.025000, loss=0.40096, top1=0.87500, top2=1.00000, top4=1.00000
[Train][Epoch 12/100][Iter 58/178] lr=0.025000, loss=0.10450, top1=0.93750, top2=1.00000, top4=1.00000
[Train][Epoch 12/100][Iter 59/178] lr=0.025000, loss=0.02582, top1=1.00000, top2=1.00000, top4=1.00000
[Train][Epoch 12/100][Iter 60/178] lr=0.025000, loss=0.18821, top1=0.93750, top2=1.00000, top4=1.00000
[Train][Epoch 12/100][Iter 61/178] lr=0.025000, loss=0.26509, top1=0.87500, top2=1.00000, top4=1.00000
[Train][Epoch 12/100][Iter 62/178] lr=0.025000, loss=0.06012, top1=1.00000, top2=1.00000, top4=1.00000
[Train][Epoch 12/100][Iter 63/178] lr=0.025000, loss=0.12265, top1=0.87500, top2=1.00000, top4=1.00000
[Train][Epoch 12/100][Iter 64/178] lr=0.025000, loss=0.02358, top1=1.00000, top2=1.00000, top4=1.00000
[Train][Epoch 12/100][Iter 65/178] lr=0.025000, loss=0.04769, top1=1.00000, top2=1.00000, top4=1.00000
[Train][Epoch 12/100][Iter 66/178] lr=0.025000, loss=0.19103, top1=0.93750, top2=1.00000, top4=1.00000
[Train][Epoch 12/100][Iter 67/178] lr=0.025000, loss=0.19414, top1=0.93750, top2=1.00000, top4=1.00000
[Train][Epoch 12/100][Iter 68/178] lr=0.025000, loss=0.07713, top1=1.00000, top2=1.00000, top4=1.00000
[Train][Epoch 12/100][Iter 69/178] lr=0.025000, loss=0.08021, top1=1.00000, top2=1.00000, top4=1.00000
[Train][Epoch 12/100][Iter 70/178] lr=0.025000, loss=0.11992, top1=0.93750, top2=1.00000, top4=1.00000
[Train][Epoch 12/100][Iter 71/178] lr=0.025000, loss=0.03229, top1=1.00000, top2=1.00000, top4=1.00000
[Train][Epoch 12/100][Iter 72/178] lr=0.025000, loss=0.05423, top1=0.93750, top2=1.00000, top4=1.00000
[Train][Epoch 12/100][Iter 73/178] lr=0.025000, loss=0.13019, top1=0.93750, top2=1.00000, top4=1.00000
[Train][Epoch 12/100][Iter 74/178] lr=0.025000, loss=0.23463, top1=0.93750, top2=1.00000, top4=1.00000
[Train][Epoch 12/100][Iter 75/178] lr=0.025000, loss=0.07084, top1=0.93750, top2=1.00000, top4=1.00000
[Train][Epoch 12/100][Iter 76/178] lr=0.025000, loss=0.01528, top1=1.00000, top2=1.00000, top4=1.00000
[Train][Epoch 12/100][Iter 77/178] lr=0.025000, loss=0.04428, top1=1.00000, top2=1.00000, top4=1.00000
[Train][Epoch 12/100][Iter 78/178] lr=0.025000, loss=0.00445, top1=1.00000, top2=1.00000, top4=1.00000
[Train][Epoch 12/100][Iter 79/178] lr=0.025000, loss=0.02031, top1=1.00000, top2=1.00000, top4=1.00000
[Train][Epoch 12/100][Iter 80/178] lr=0.025000, loss=0.23685, top1=0.81250, top2=1.00000, top4=1.00000
[Train][Epoch 12/100][Iter 81/178] lr=0.025000, loss=0.16670, top1=0.93750, top2=1.00000, top4=1.00000
[Train][Epoch 12/100][Iter 82/178] lr=0.025000, loss=0.16833, top1=0.87500, top2=1.00000, top4=1.00000
[Train][Epoch 12/100][Iter 83/178] lr=0.025000, loss=0.03545, top1=1.00000, top2=1.00000, top4=1.00000
[Train][Epoch 12/100][Iter 84/178] lr=0.025000, loss=0.24236, top1=0.87500, top2=1.00000, top4=1.00000
[Train][Epoch 12/100][Iter 85/178] lr=0.025000, loss=0.01265, top1=1.00000, top2=1.00000, top4=1.00000
[Train][Epoch 12/100][Iter 86/178] lr=0.025000, loss=0.05758, top1=1.00000, top2=1.00000, top4=1.00000
[Train][Epoch 12/100][Iter 87/178] lr=0.025000, loss=0.09201, top1=0.93750, top2=1.00000, top4=1.00000
[Train][Epoch 12/100][Iter 88/178] lr=0.025000, loss=0.05824, top1=1.00000, top2=1.00000, top4=1.00000
[Train][Epoch 12/100][Iter 89/178] lr=0.025000, loss=0.14018, top1=0.87500, top2=1.00000, top4=1.00000
[Train][Epoch 12/100][Iter 90/178] lr=0.025000, loss=0.01349, top1=1.00000, top2=1.00000, top4=1.00000
[Train][Epoch 12/100][Iter 91/178] lr=0.025000, loss=0.00673, top1=1.00000, top2=1.00000, top4=1.00000
[Train][Epoch 12/100][Iter 92/178] lr=0.025000, loss=0.01428, top1=1.00000, top2=1.00000, top4=1.00000
[Train][Epoch 12/100][Iter 93/178] lr=0.025000, loss=0.14725, top1=0.93750, top2=1.00000, top4=1.00000
[Train][Epoch 12/100][Iter 94/178] lr=0.025000, loss=0.12492, top1=0.93750, top2=1.00000, top4=1.00000
[Train][Epoch 12/100][Iter 95/178] lr=0.025000, loss=0.25614, top1=0.93750, top2=1.00000, top4=1.00000
[Train][Epoch 12/100][Iter 96/178] lr=0.025000, loss=0.05189, top1=1.00000, top2=1.00000, top4=1.00000
[Train][Epoch 12/100][Iter 97/178] lr=0.025000, loss=0.46476, top1=0.81250, top2=1.00000, top4=1.00000
[Train][Epoch 12/100][Iter 98/178] lr=0.025000, loss=0.07617, top1=1.00000, top2=1.00000, top4=1.00000
[Train][Epoch 12/100][Iter 99/178] lr=0.025000, loss=0.02337, top1=1.00000, top2=1.00000, top4=1.00000
[Train][Epoch 12/100][Iter 100/178] lr=0.025000, loss=0.01023, top1=1.00000, top2=1.00000, top4=1.00000
[Train][Epoch 12/100][Iter 101/178] lr=0.025000, loss=0.25061, top1=0.87500, top2=1.00000, top4=1.00000
[Train][Epoch 12/100][Iter 102/178] lr=0.025000, loss=0.19713, top1=0.93750, top2=1.00000, top4=1.00000
[Train][Epoch 12/100][Iter 103/178] lr=0.025000, loss=0.21510, top1=0.93750, top2=1.00000, top4=1.00000
[Train][Epoch 12/100][Iter 104/178] lr=0.025000, loss=0.10729, top1=1.00000, top2=1.00000, top4=1.00000
[Train][Epoch 12/100][Iter 105/178] lr=0.025000, loss=0.22170, top1=0.93750, top2=1.00000, top4=1.00000
[Train][Epoch 12/100][Iter 106/178] lr=0.025000, loss=0.21360, top1=0.93750, top2=1.00000, top4=1.00000
[Train][Epoch 12/100][Iter 107/178] lr=0.025000, loss=0.02620, top1=1.00000, top2=1.00000, top4=1.00000
[Train][Epoch 12/100][Iter 108/178] lr=0.025000, loss=0.11833, top1=0.93750, top2=1.00000, top4=1.00000
[Train][Epoch 12/100][Iter 109/178] lr=0.025000, loss=0.16041, top1=0.93750, top2=1.00000, top4=1.00000
[Train][Epoch 12/100][Iter 110/178] lr=0.025000, loss=0.02246, top1=1.00000, top2=1.00000, top4=1.00000
[Train][Epoch 12/100][Iter 111/178] lr=0.025000, loss=0.04711, top1=1.00000, top2=1.00000, top4=1.00000
[Train][Epoch 12/100][Iter 112/178] lr=0.025000, loss=0.21328, top1=0.87500, top2=1.00000, top4=1.00000
[Train][Epoch 12/100][Iter 113/178] lr=0.025000, loss=0.05335, top1=1.00000, top2=1.00000, top4=1.00000
[Train][Epoch 12/100][Iter 114/178] lr=0.025000, loss=0.07399, top1=1.00000, top2=1.00000, top4=1.00000
[Train][Epoch 12/100][Iter 115/178] lr=0.025000, loss=0.01602, top1=1.00000, top2=1.00000, top4=1.00000
[Train][Epoch 12/100][Iter 116/178] lr=0.025000, loss=0.31409, top1=0.87500, top2=1.00000, top4=1.00000
[Train][Epoch 12/100][Iter 117/178] lr=0.025000, loss=0.40519, top1=0.81250, top2=1.00000, top4=1.00000
[Train][Epoch 12/100][Iter 118/178] lr=0.025000, loss=0.04198, top1=1.00000, top2=1.00000, top4=1.00000
[Train][Epoch 12/100][Iter 119/178] lr=0.025000, loss=0.03513, top1=1.00000, top2=1.00000, top4=1.00000
[Train][Epoch 12/100][Iter 120/178] lr=0.025000, loss=0.22612, top1=0.93750, top2=1.00000, top4=1.00000
[Train][Epoch 12/100][Iter 121/178] lr=0.025000, loss=0.06476, top1=1.00000, top2=1.00000, top4=1.00000
[Train][Epoch 12/100][Iter 122/178] lr=0.025000, loss=0.02164, top1=1.00000, top2=1.00000, top4=1.00000
[Train][Epoch 12/100][Iter 123/178] lr=0.025000, loss=0.64228, top1=0.87500, top2=0.93750, top4=1.00000
[Train][Epoch 12/100][Iter 124/178] lr=0.025000, loss=0.01388, top1=1.00000, top2=1.00000, top4=1.00000
[Train][Epoch 12/100][Iter 125/178] lr=0.025000, loss=0.54412, top1=0.93750, top2=0.93750, top4=1.00000
[Train][Epoch 12/100][Iter 126/178] lr=0.025000, loss=0.10389, top1=0.93750, top2=1.00000, top4=1.00000
[Train][Epoch 12/100][Iter 127/178] lr=0.025000, loss=0.03478, top1=1.00000, top2=1.00000, top4=1.00000
[Train][Epoch 12/100][Iter 128/178] lr=0.025000, loss=0.11673, top1=0.93750, top2=1.00000, top4=1.00000
[Train][Epoch 12/100][Iter 129/178] lr=0.025000, loss=0.44185, top1=0.87500, top2=0.93750, top4=1.00000
[Train][Epoch 12/100][Iter 130/178] lr=0.025000, loss=0.23335, top1=0.87500, top2=1.00000, top4=1.00000
[Train][Epoch 12/100][Iter 131/178] lr=0.025000, loss=0.41754, top1=0.81250, top2=1.00000, top4=1.00000
[Train][Epoch 12/100][Iter 132/178] lr=0.025000, loss=0.12430, top1=0.93750, top2=1.00000, top4=1.00000
[Train][Epoch 12/100][Iter 133/178] lr=0.025000, loss=0.23238, top1=0.93750, top2=1.00000, top4=1.00000
[Train][Epoch 12/100][Iter 134/178] lr=0.025000, loss=0.19416, top1=0.87500, top2=1.00000, top4=1.00000
[Train][Epoch 12/100][Iter 135/178] lr=0.025000, loss=0.14182, top1=0.93750, top2=1.00000, top4=1.00000
[Train][Epoch 12/100][Iter 136/178] lr=0.025000, loss=0.18722, top1=0.87500, top2=1.00000, top4=1.00000
[Train][Epoch 12/100][Iter 137/178] lr=0.025000, loss=0.14486, top1=0.93750, top2=1.00000, top4=1.00000
[Train][Epoch 12/100][Iter 138/178] lr=0.025000, loss=0.14894, top1=1.00000, top2=1.00000, top4=1.00000
[Train][Epoch 12/100][Iter 139/178] lr=0.025000, loss=0.24946, top1=0.93750, top2=1.00000, top4=1.00000
[Train][Epoch 12/100][Iter 140/178] lr=0.025000, loss=0.00941, top1=1.00000, top2=1.00000, top4=1.00000
[Train][Epoch 12/100][Iter 141/178] lr=0.025000, loss=0.01614, top1=1.00000, top2=1.00000, top4=1.00000
[Train][Epoch 12/100][Iter 142/178] lr=0.025000, loss=0.07887, top1=0.93750, top2=1.00000, top4=1.00000
[Train][Epoch 12/100][Iter 143/178] lr=0.025000, loss=0.07407, top1=0.93750, top2=1.00000, top4=1.00000
[Train][Epoch 12/100][Iter 144/178] lr=0.025000, loss=0.07142, top1=1.00000, top2=1.00000, top4=1.00000
[Train][Epoch 12/100][Iter 145/178] lr=0.025000, loss=0.12858, top1=0.93750, top2=1.00000, top4=1.00000
[Train][Epoch 12/100][Iter 146/178] lr=0.025000, loss=0.21136, top1=0.93750, top2=1.00000, top4=1.00000
[Train][Epoch 12/100][Iter 147/178] lr=0.025000, loss=0.02230, top1=1.00000, top2=1.00000, top4=1.00000
[Train][Epoch 12/100][Iter 148/178] lr=0.025000, loss=0.03180, top1=1.00000, top2=1.00000, top4=1.00000
[Train][Epoch 12/100][Iter 149/178] lr=0.025000, loss=0.05084, top1=1.00000, top2=1.00000, top4=1.00000
[Train][Epoch 12/100][Iter 150/178] lr=0.025000, loss=0.05550, top1=1.00000, top2=1.00000, top4=1.00000
[Train][Epoch 12/100][Iter 151/178] lr=0.025000, loss=0.29311, top1=0.93750, top2=1.00000, top4=1.00000
[Train][Epoch 12/100][Iter 152/178] lr=0.025000, loss=0.03131, top1=1.00000, top2=1.00000, top4=1.00000
[Train][Epoch 12/100][Iter 153/178] lr=0.025000, loss=0.27107, top1=0.81250, top2=1.00000, top4=1.00000
[Train][Epoch 12/100][Iter 154/178] lr=0.025000, loss=0.01525, top1=1.00000, top2=1.00000, top4=1.00000
[Train][Epoch 12/100][Iter 155/178] lr=0.025000, loss=0.03263, top1=1.00000, top2=1.00000, top4=1.00000
[Train][Epoch 12/100][Iter 156/178] lr=0.025000, loss=0.01755, top1=1.00000, top2=1.00000, top4=1.00000
[Train][Epoch 12/100][Iter 157/178] lr=0.025000, loss=0.08634, top1=0.93750, top2=1.00000, top4=1.00000
[Train][Epoch 12/100][Iter 158/178] lr=0.025000, loss=0.14722, top1=0.93750, top2=1.00000, top4=1.00000
[Train][Epoch 12/100][Iter 159/178] lr=0.025000, loss=0.13271, top1=0.87500, top2=1.00000, top4=1.00000
[Train][Epoch 12/100][Iter 160/178] lr=0.025000, loss=0.02320, top1=1.00000, top2=1.00000, top4=1.00000
[Train][Epoch 12/100][Iter 161/178] lr=0.025000, loss=0.06795, top1=0.93750, top2=1.00000, top4=1.00000
[Train][Epoch 12/100][Iter 162/178] lr=0.025000, loss=0.32121, top1=0.87500, top2=1.00000, top4=1.00000
[Train][Epoch 12/100][Iter 163/178] lr=0.025000, loss=0.03472, top1=1.00000, top2=1.00000, top4=1.00000
[Train][Epoch 12/100][Iter 164/178] lr=0.025000, loss=0.10621, top1=0.93750, top2=1.00000, top4=1.00000
[Train][Epoch 12/100][Iter 165/178] lr=0.025000, loss=0.15493, top1=0.93750, top2=1.00000, top4=1.00000
[Train][Epoch 12/100][Iter 166/178] lr=0.025000, loss=0.12666, top1=0.87500, top2=1.00000, top4=1.00000
[Train][Epoch 12/100][Iter 167/178] lr=0.025000, loss=0.04131, top1=1.00000, top2=1.00000, top4=1.00000
[Train][Epoch 12/100][Iter 168/178] lr=0.025000, loss=0.17675, top1=0.87500, top2=1.00000, top4=1.00000
[Train][Epoch 12/100][Iter 169/178] lr=0.025000, loss=0.07729, top1=0.93750, top2=1.00000, top4=1.00000
[Train][Epoch 12/100][Iter 170/178] lr=0.025000, loss=0.13601, top1=0.93750, top2=1.00000, top4=1.00000
[Train][Epoch 12/100][Iter 171/178] lr=0.025000, loss=0.01997, top1=1.00000, top2=1.00000, top4=1.00000
[Train][Epoch 12/100][Iter 172/178] lr=0.025000, loss=0.05688, top1=1.00000, top2=1.00000, top4=1.00000
[Train][Epoch 12/100][Iter 173/178] lr=0.025000, loss=0.00553, top1=1.00000, top2=1.00000, top4=1.00000
[Train][Epoch 12/100][Iter 174/178] lr=0.025000, loss=0.71717, top1=0.87500, top2=0.87500, top4=1.00000
[Train][Epoch 12/100][Iter 175/178] lr=0.025000, loss=0.09711, top1=0.93750, top2=1.00000, top4=1.00000
[Train][Epoch 12/100][Iter 176/178] lr=0.025000, loss=0.00682, top1=1.00000, top2=1.00000, top4=1.00000
[Train][Epoch 12/100][Iter 177/178] lr=0.025000, loss=0.00242, top1=1.00000, top2=1.00000, top4=1.00000
[Info] epoch_time=5217.1s
[Eval][Epoch 12] loss=1.13458, top1=0.79494, top2=0.89888, top4=1.00000, time=1311.5s
[Train][Epoch 13/100][Iter 0/178] lr=0.025000, loss=0.11009, top1=0.93750, top2=0.93750, top4=1.00000
[Train][Epoch 13/100][Iter 1/178] lr=0.025000, loss=0.24639, top1=0.93750, top2=0.93750, top4=1.00000
[Train][Epoch 13/100][Iter 2/178] lr=0.025000, loss=0.02633, top1=1.00000, top2=1.00000, top4=1.00000
[Train][Epoch 13/100][Iter 3/178] lr=0.025000, loss=0.29804, top1=0.81250, top2=1.00000, top4=1.00000
[Train][Epoch 13/100][Iter 4/178] lr=0.025000, loss=0.63637, top1=0.81250, top2=1.00000, top4=1.00000
[Train][Epoch 13/100][Iter 5/178] lr=0.025000, loss=0.23731, top1=0.87500, top2=1.00000, top4=1.00000
[Train][Epoch 13/100][Iter 6/178] lr=0.025000, loss=0.03916, top1=1.00000, top2=1.00000, top4=1.00000
[Train][Epoch 13/100][Iter 7/178] lr=0.025000, loss=0.13349, top1=0.93750, top2=1.00000, top4=1.00000
[Train][Epoch 13/100][Iter 8/178] lr=0.025000, loss=0.06297, top1=1.00000, top2=1.00000, top4=1.00000
[Train][Epoch 13/100][Iter 9/178] lr=0.025000, loss=0.05101, top1=1.00000, top2=1.00000, top4=1.00000
[Train][Epoch 13/100][Iter 10/178] lr=0.025000, loss=0.14380, top1=0.93750, top2=1.00000, top4=1.00000
[Train][Epoch 13/100][Iter 11/178] lr=0.025000, loss=0.04012, top1=1.00000, top2=1.00000, top4=1.00000
[Train][Epoch 13/100][Iter 12/178] lr=0.025000, loss=0.23690, top1=0.81250, top2=1.00000, top4=1.00000
[Train][Epoch 13/100][Iter 13/178] lr=0.025000, loss=0.20300, top1=0.93750, top2=1.00000, top4=1.00000
[Train][Epoch 13/100][Iter 14/178] lr=0.025000, loss=0.06115, top1=1.00000, top2=1.00000, top4=1.00000
[Train][Epoch 13/100][Iter 15/178] lr=0.025000, loss=0.63042, top1=0.75000, top2=1.00000, top4=1.00000
[Train][Epoch 13/100][Iter 16/178] lr=0.025000, loss=0.40933, top1=0.87500, top2=1.00000, top4=1.00000
[Train][Epoch 13/100][Iter 17/178] lr=0.025000, loss=0.19491, top1=0.87500, top2=0.93750, top4=1.00000
[Train][Epoch 13/100][Iter 18/178] lr=0.025000, loss=0.01011, top1=1.00000, top2=1.00000, top4=1.00000
[Train][Epoch 13/100][Iter 19/178] lr=0.025000, loss=0.01095, top1=1.00000, top2=1.00000, top4=1.00000
[Train][Epoch 13/100][Iter 20/178] lr=0.025000, loss=0.13488, top1=0.87500, top2=1.00000, top4=1.00000
[Train][Epoch 13/100][Iter 21/178] lr=0.025000, loss=0.10643, top1=0.93750, top2=1.00000, top4=1.00000
[Train][Epoch 13/100][Iter 22/178] lr=0.025000, loss=0.66029, top1=0.75000, top2=1.00000, top4=1.00000
[Train][Epoch 13/100][Iter 23/178] lr=0.025000, loss=0.46473, top1=0.93750, top2=1.00000, top4=1.00000
[Train][Epoch 13/100][Iter 24/178] lr=0.025000, loss=0.05458, top1=1.00000, top2=1.00000, top4=1.00000
[Train][Epoch 13/100][Iter 25/178] lr=0.025000, loss=0.00607, top1=1.00000, top2=1.00000, top4=1.00000
[Train][Epoch 13/100][Iter 26/178] lr=0.025000, loss=0.19602, top1=0.87500, top2=1.00000, top4=1.00000
[Train][Epoch 13/100][Iter 27/178] lr=0.025000, loss=0.20795, top1=0.87500, top2=1.00000, top4=1.00000
[Train][Epoch 13/100][Iter 28/178] lr=0.025000, loss=0.03146, top1=1.00000, top2=1.00000, top4=1.00000
[Train][Epoch 13/100][Iter 29/178] lr=0.025000, loss=0.25929, top1=0.87500, top2=1.00000, top4=1.00000
[Train][Epoch 13/100][Iter 30/178] lr=0.025000, loss=0.42166, top1=0.87500, top2=0.87500, top4=1.00000
[Train][Epoch 13/100][Iter 31/178] lr=0.025000, loss=0.01240, top1=1.00000, top2=1.00000, top4=1.00000
[Train][Epoch 13/100][Iter 32/178] lr=0.025000, loss=0.02654, top1=1.00000, top2=1.00000, top4=1.00000
[Train][Epoch 13/100][Iter 33/178] lr=0.025000, loss=0.23793, top1=0.87500, top2=1.00000, top4=1.00000
[Train][Epoch 13/100][Iter 34/178] lr=0.025000, loss=0.41823, top1=0.87500, top2=0.93750, top4=1.00000
[Train][Epoch 13/100][Iter 35/178] lr=0.025000, loss=0.37202, top1=0.87500, top2=0.93750, top4=1.00000
[Train][Epoch 13/100][Iter 36/178] lr=0.025000, loss=0.03192, top1=1.00000, top2=1.00000, top4=1.00000
[Train][Epoch 13/100][Iter 37/178] lr=0.025000, loss=0.05317, top1=1.00000, top2=1.00000, top4=1.00000
[Train][Epoch 13/100][Iter 38/178] lr=0.025000, loss=0.01219, top1=1.00000, top2=1.00000, top4=1.00000
[Train][Epoch 13/100][Iter 39/178] lr=0.025000, loss=0.41131, top1=0.93750, top2=1.00000, top4=1.00000
[Train][Epoch 13/100][Iter 40/178] lr=0.025000, loss=0.16619, top1=0.93750, top2=1.00000, top4=1.00000
[Train][Epoch 13/100][Iter 41/178] lr=0.025000, loss=0.13580, top1=0.93750, top2=1.00000, top4=1.00000
[Train][Epoch 13/100][Iter 42/178] lr=0.025000, loss=0.28962, top1=0.93750, top2=1.00000, top4=1.00000
[Train][Epoch 13/100][Iter 43/178] lr=0.025000, loss=0.04581, top1=1.00000, top2=1.00000, top4=1.00000
[Train][Epoch 13/100][Iter 44/178] lr=0.025000, loss=0.59381, top1=0.81250, top2=0.93750, top4=1.00000
[Train][Epoch 13/100][Iter 45/178] lr=0.025000, loss=0.23745, top1=0.87500, top2=1.00000, top4=1.00000
[Train][Epoch 13/100][Iter 46/178] lr=0.025000, loss=0.02158, top1=1.00000, top2=1.00000, top4=1.00000
[Train][Epoch 13/100][Iter 47/178] lr=0.025000, loss=0.03134, top1=1.00000, top2=1.00000, top4=1.00000
[Train][Epoch 13/100][Iter 48/178] lr=0.025000, loss=0.10667, top1=1.00000, top2=1.00000, top4=1.00000
[Train][Epoch 13/100][Iter 49/178] lr=0.025000, loss=0.26003, top1=0.93750, top2=1.00000, top4=1.00000
[Train][Epoch 13/100][Iter 50/178] lr=0.025000, loss=0.15802, top1=0.93750, top2=1.00000, top4=1.00000
[Train][Epoch 13/100][Iter 51/178] lr=0.025000, loss=0.15459, top1=0.93750, top2=1.00000, top4=1.00000
[Train][Epoch 13/100][Iter 52/178] lr=0.025000, loss=0.33498, top1=0.87500, top2=1.00000, top4=1.00000
[Train][Epoch 13/100][Iter 53/178] lr=0.025000, loss=0.02106, top1=1.00000, top2=1.00000, top4=1.00000
[Train][Epoch 13/100][Iter 54/178] lr=0.025000, loss=0.02585, top1=1.00000, top2=1.00000, top4=1.00000
[Train][Epoch 13/100][Iter 55/178] lr=0.025000, loss=0.09451, top1=0.93750, top2=1.00000, top4=1.00000
[Train][Epoch 13/100][Iter 56/178] lr=0.025000, loss=0.09848, top1=1.00000, top2=1.00000, top4=1.00000
[Train][Epoch 13/100][Iter 57/178] lr=0.025000, loss=0.65910, top1=0.75000, top2=1.00000, top4=1.00000
[Train][Epoch 13/100][Iter 58/178] lr=0.025000, loss=0.10815, top1=0.93750, top2=1.00000, top4=1.00000
[Train][Epoch 13/100][Iter 59/178] lr=0.025000, loss=0.40253, top1=0.87500, top2=0.93750, top4=1.00000
[Train][Epoch 13/100][Iter 60/178] lr=0.025000, loss=0.37338, top1=0.93750, top2=1.00000, top4=1.00000
[Train][Epoch 13/100][Iter 61/178] lr=0.025000, loss=0.31835, top1=0.87500, top2=1.00000, top4=1.00000
[Train][Epoch 13/100][Iter 62/178] lr=0.025000, loss=0.19986, top1=0.93750, top2=1.00000, top4=1.00000
[Train][Epoch 13/100][Iter 63/178] lr=0.025000, loss=0.03752, top1=1.00000, top2=1.00000, top4=1.00000
[Train][Epoch 13/100][Iter 64/178] lr=0.025000, loss=0.14541, top1=0.93750, top2=1.00000, top4=1.00000
[Train][Epoch 13/100][Iter 65/178] lr=0.025000, loss=0.08472, top1=1.00000, top2=1.00000, top4=1.00000
[Train][Epoch 13/100][Iter 66/178] lr=0.025000, loss=0.26839, top1=0.87500, top2=1.00000, top4=1.00000
[Train][Epoch 13/100][Iter 67/178] lr=0.025000, loss=0.01248, top1=1.00000, top2=1.00000, top4=1.00000
[Train][Epoch 13/100][Iter 68/178] lr=0.025000, loss=0.18816, top1=0.93750, top2=1.00000, top4=1.00000
[Train][Epoch 13/100][Iter 69/178] lr=0.025000, loss=0.16322, top1=0.93750, top2=1.00000, top4=1.00000
[Train][Epoch 13/100][Iter 70/178] lr=0.025000, loss=0.05036, top1=1.00000, top2=1.00000, top4=1.00000
[Train][Epoch 13/100][Iter 71/178] lr=0.025000, loss=0.02152, top1=1.00000, top2=1.00000, top4=1.00000
[Train][Epoch 13/100][Iter 72/178] lr=0.025000, loss=0.27410, top1=0.87500, top2=1.00000, top4=1.00000
[Train][Epoch 13/100][Iter 73/178] lr=0.025000, loss=0.51368, top1=0.81250, top2=0.87500, top4=1.00000
[Train][Epoch 13/100][Iter 74/178] lr=0.025000, loss=0.05692, top1=1.00000, top2=1.00000, top4=1.00000
[Train][Epoch 13/100][Iter 75/178] lr=0.025000, loss=0.06985, top1=1.00000, top2=1.00000, top4=1.00000
[Train][Epoch 13/100][Iter 76/178] lr=0.025000, loss=0.10015, top1=0.93750, top2=1.00000, top4=1.00000
[Train][Epoch 13/100][Iter 77/178] lr=0.025000, loss=0.08325, top1=1.00000, top2=1.00000, top4=1.00000
[Train][Epoch 13/100][Iter 78/178] lr=0.025000, loss=0.27908, top1=0.87500, top2=1.00000, top4=1.00000
[Train][Epoch 13/100][Iter 79/178] lr=0.025000, loss=0.15575, top1=0.93750, top2=1.00000, top4=1.00000
[Train][Epoch 13/100][Iter 80/178] lr=0.025000, loss=0.27670, top1=0.87500, top2=1.00000, top4=1.00000
[Train][Epoch 13/100][Iter 81/178] lr=0.025000, loss=0.07504, top1=1.00000, top2=1.00000, top4=1.00000
[Train][Epoch 13/100][Iter 82/178] lr=0.025000, loss=0.02341, top1=1.00000, top2=1.00000, top4=1.00000
[Train][Epoch 13/100][Iter 83/178] lr=0.025000, loss=0.14791, top1=0.93750, top2=1.00000, top4=1.00000
[Train][Epoch 13/100][Iter 84/178] lr=0.025000, loss=0.52008, top1=0.93750, top2=1.00000, top4=1.00000
[Train][Epoch 13/100][Iter 85/178] lr=0.025000, loss=0.23833, top1=0.93750, top2=1.00000, top4=1.00000
[Train][Epoch 13/100][Iter 86/178] lr=0.025000, loss=0.07944, top1=1.00000, top2=1.00000, top4=1.00000
[Train][Epoch 13/100][Iter 87/178] lr=0.025000, loss=0.28093, top1=0.93750, top2=1.00000, top4=1.00000
[Train][Epoch 13/100][Iter 88/178] lr=0.025000, loss=0.14432, top1=0.93750, top2=1.00000, top4=1.00000
[Train][Epoch 13/100][Iter 89/178] lr=0.025000, loss=0.19091, top1=0.93750, top2=1.00000, top4=1.00000
[Train][Epoch 13/100][Iter 90/178] lr=0.025000, loss=0.18015, top1=0.93750, top2=1.00000, top4=1.00000
[Train][Epoch 13/100][Iter 91/178] lr=0.025000, loss=0.20060, top1=0.93750, top2=1.00000, top4=1.00000
[Train][Epoch 13/100][Iter 92/178] lr=0.025000, loss=0.13417, top1=0.87500, top2=1.00000, top4=1.00000
[Train][Epoch 13/100][Iter 93/178] lr=0.025000, loss=0.04191, top1=1.00000, top2=1.00000, top4=1.00000
[Train][Epoch 13/100][Iter 94/178] lr=0.025000, loss=0.05812, top1=1.00000, top2=1.00000, top4=1.00000
[Train][Epoch 13/100][Iter 95/178] lr=0.025000, loss=0.02372, top1=1.00000, top2=1.00000, top4=1.00000
[Train][Epoch 13/100][Iter 96/178] lr=0.025000, loss=0.02345, top1=1.00000, top2=1.00000, top4=1.00000
[Train][Epoch 13/100][Iter 97/178] lr=0.025000, loss=0.01463, top1=1.00000, top2=1.00000, top4=1.00000
[Train][Epoch 13/100][Iter 98/178] lr=0.025000, loss=0.05119, top1=1.00000, top2=1.00000, top4=1.00000
[Train][Epoch 13/100][Iter 99/178] lr=0.025000, loss=0.14697, top1=1.00000, top2=1.00000, top4=1.00000
[Train][Epoch 13/100][Iter 100/178] lr=0.025000, loss=0.13919, top1=0.93750, top2=1.00000, top4=1.00000
[Train][Epoch 13/100][Iter 101/178] lr=0.025000, loss=0.23753, top1=0.93750, top2=1.00000, top4=1.00000
[Train][Epoch 13/100][Iter 102/178] lr=0.025000, loss=0.02745, top1=1.00000, top2=1.00000, top4=1.00000
[Train][Epoch 13/100][Iter 103/178] lr=0.025000, loss=0.01942, top1=1.00000, top2=1.00000, top4=1.00000
[Train][Epoch 13/100][Iter 104/178] lr=0.025000, loss=0.14354, top1=0.93750, top2=1.00000, top4=1.00000
[Train][Epoch 13/100][Iter 105/178] lr=0.025000, loss=0.11900, top1=0.93750, top2=1.00000, top4=1.00000
[Train][Epoch 13/100][Iter 106/178] lr=0.025000, loss=0.13809, top1=0.93750, top2=1.00000, top4=1.00000
[Train][Epoch 13/100][Iter 107/178] lr=0.025000, loss=0.45291, top1=0.81250, top2=0.93750, top4=1.00000
[Train][Epoch 13/100][Iter 108/178] lr=0.025000, loss=0.02159, top1=1.00000, top2=1.00000, top4=1.00000
[Train][Epoch 13/100][Iter 109/178] lr=0.025000, loss=0.24308, top1=0.93750, top2=0.93750, top4=1.00000
[Train][Epoch 13/100][Iter 110/178] lr=0.025000, loss=0.08620, top1=0.93750, top2=1.00000, top4=1.00000
[Train][Epoch 13/100][Iter 111/178] lr=0.025000, loss=0.01274, top1=1.00000, top2=1.00000, top4=1.00000
[Train][Epoch 13/100][Iter 112/178] lr=0.025000, loss=0.02318, top1=1.00000, top2=1.00000, top4=1.00000
[Train][Epoch 13/100][Iter 113/178] lr=0.025000, loss=0.08611, top1=0.93750, top2=1.00000, top4=1.00000
[Train][Epoch 13/100][Iter 114/178] lr=0.025000, loss=0.44947, top1=0.93750, top2=1.00000, top4=1.00000
[Train][Epoch 13/100][Iter 115/178] lr=0.025000, loss=0.10942, top1=0.93750, top2=1.00000, top4=1.00000
[Train][Epoch 13/100][Iter 116/178] lr=0.025000, loss=0.21141, top1=0.87500, top2=1.00000, top4=1.00000
[Train][Epoch 13/100][Iter 117/178] lr=0.025000, loss=0.03395, top1=1.00000, top2=1.00000, top4=1.00000
[Train][Epoch 13/100][Iter 118/178] lr=0.025000, loss=0.02803, top1=1.00000, top2=1.00000, top4=1.00000
[Train][Epoch 13/100][Iter 119/178] lr=0.025000, loss=0.47616, top1=0.93750, top2=1.00000, top4=1.00000
[Train][Epoch 13/100][Iter 120/178] lr=0.025000, loss=0.01545, top1=1.00000, top2=1.00000, top4=1.00000
[Train][Epoch 13/100][Iter 121/178] lr=0.025000, loss=0.02274, top1=1.00000, top2=1.00000, top4=1.00000
[Train][Epoch 13/100][Iter 122/178] lr=0.025000, loss=0.02980, top1=1.00000, top2=1.00000, top4=1.00000
[Train][Epoch 13/100][Iter 123/178] lr=0.025000, loss=0.29692, top1=0.93750, top2=1.00000, top4=1.00000
[Train][Epoch 13/100][Iter 124/178] lr=0.025000, loss=0.31267, top1=0.81250, top2=1.00000, top4=1.00000
[Train][Epoch 13/100][Iter 125/178] lr=0.025000, loss=0.03103, top1=1.00000, top2=1.00000, top4=1.00000
[Train][Epoch 13/100][Iter 126/178] lr=0.025000, loss=0.13636, top1=0.93750, top2=1.00000, top4=1.00000
[Train][Epoch 13/100][Iter 127/178] lr=0.025000, loss=0.09338, top1=0.93750, top2=1.00000, top4=1.00000
[Train][Epoch 13/100][Iter 128/178] lr=0.025000, loss=0.18438, top1=0.93750, top2=1.00000, top4=1.00000
[Train][Epoch 13/100][Iter 129/178] lr=0.025000, loss=0.01642, top1=1.00000, top2=1.00000, top4=1.00000
[Train][Epoch 13/100][Iter 130/178] lr=0.025000, loss=0.01776, top1=1.00000, top2=1.00000, top4=1.00000
[Train][Epoch 13/100][Iter 131/178] lr=0.025000, loss=0.05674, top1=1.00000, top2=1.00000, top4=1.00000
[Train][Epoch 13/100][Iter 132/178] lr=0.025000, loss=0.02499, top1=1.00000, top2=1.00000, top4=1.00000
[Train][Epoch 13/100][Iter 133/178] lr=0.025000, loss=0.03768, top1=1.00000, top2=1.00000, top4=1.00000
[Train][Epoch 13/100][Iter 134/178] lr=0.025000, loss=0.08457, top1=0.93750, top2=1.00000, top4=1.00000
[Train][Epoch 13/100][Iter 135/178] lr=0.025000, loss=0.04287, top1=1.00000, top2=1.00000, top4=1.00000
[Train][Epoch 13/100][Iter 136/178] lr=0.025000, loss=0.07336, top1=1.00000, top2=1.00000, top4=1.00000
[Train][Epoch 13/100][Iter 137/178] lr=0.025000, loss=0.02841, top1=1.00000, top2=1.00000, top4=1.00000
[Train][Epoch 13/100][Iter 138/178] lr=0.025000, loss=0.03292, top1=1.00000, top2=1.00000, top4=1.00000
[Train][Epoch 13/100][Iter 139/178] lr=0.025000, loss=0.17512, top1=0.93750, top2=1.00000, top4=1.00000
[Train][Epoch 13/100][Iter 140/178] lr=0.025000, loss=0.00647, top1=1.00000, top2=1.00000, top4=1.00000
[Train][Epoch 13/100][Iter 141/178] lr=0.025000, loss=0.06896, top1=1.00000, top2=1.00000, top4=1.00000
[Train][Epoch 13/100][Iter 142/178] lr=0.025000, loss=0.02967, top1=1.00000, top2=1.00000, top4=1.00000
[Train][Epoch 13/100][Iter 143/178] lr=0.025000, loss=0.04352, top1=1.00000, top2=1.00000, top4=1.00000
[Train][Epoch 13/100][Iter 144/178] lr=0.025000, loss=0.03416, top1=1.00000, top2=1.00000, top4=1.00000
[Train][Epoch 13/100][Iter 145/178] lr=0.025000, loss=0.04658, top1=1.00000, top2=1.00000, top4=1.00000
[Train][Epoch 13/100][Iter 146/178] lr=0.025000, loss=0.03992, top1=1.00000, top2=1.00000, top4=1.00000
[Train][Epoch 13/100][Iter 147/178] lr=0.025000, loss=0.02402, top1=1.00000, top2=1.00000, top4=1.00000
[Train][Epoch 13/100][Iter 148/178] lr=0.025000, loss=0.04312, top1=1.00000, top2=1.00000, top4=1.00000
[Train][Epoch 13/100][Iter 149/178] lr=0.025000, loss=0.28810, top1=0.93750, top2=1.00000, top4=1.00000
[Train][Epoch 13/100][Iter 150/178] lr=0.025000, loss=0.38676, top1=0.87500, top2=1.00000, top4=1.00000
[Train][Epoch 13/100][Iter 151/178] lr=0.025000, loss=0.37053, top1=0.93750, top2=0.93750, top4=1.00000
[Train][Epoch 13/100][Iter 152/178] lr=0.025000, loss=0.01129, top1=1.00000, top2=1.00000, top4=1.00000
[Train][Epoch 13/100][Iter 153/178] lr=0.025000, loss=0.06914, top1=1.00000, top2=1.00000, top4=1.00000
[Train][Epoch 13/100][Iter 154/178] lr=0.025000, loss=0.19530, top1=0.93750, top2=1.00000, top4=1.00000
[Train][Epoch 13/100][Iter 155/178] lr=0.025000, loss=0.15115, top1=0.87500, top2=1.00000, top4=1.00000
[Train][Epoch 13/100][Iter 156/178] lr=0.025000, loss=0.02942, top1=1.00000, top2=1.00000, top4=1.00000
[Train][Epoch 13/100][Iter 157/178] lr=0.025000, loss=0.00890, top1=1.00000, top2=1.00000, top4=1.00000
[Train][Epoch 13/100][Iter 158/178] lr=0.025000, loss=0.15941, top1=0.93750, top2=1.00000, top4=1.00000
[Train][Epoch 13/100][Iter 159/178] lr=0.025000, loss=0.13030, top1=0.93750, top2=1.00000, top4=1.00000
[Train][Epoch 13/100][Iter 160/178] lr=0.025000, loss=0.05543, top1=1.00000, top2=1.00000, top4=1.00000
[Train][Epoch 13/100][Iter 161/178] lr=0.025000, loss=0.01758, top1=1.00000, top2=1.00000, top4=1.00000
[Train][Epoch 13/100][Iter 162/178] lr=0.025000, loss=0.07853, top1=0.93750, top2=1.00000, top4=1.00000
[Train][Epoch 13/100][Iter 163/178] lr=0.025000, loss=0.09587, top1=0.93750, top2=1.00000, top4=1.00000
[Train][Epoch 13/100][Iter 164/178] lr=0.025000, loss=0.17594, top1=0.93750, top2=1.00000, top4=1.00000
[Train][Epoch 13/100][Iter 165/178] lr=0.025000, loss=0.08593, top1=1.00000, top2=1.00000, top4=1.00000
[Train][Epoch 13/100][Iter 166/178] lr=0.025000, loss=0.02664, top1=1.00000, top2=1.00000, top4=1.00000
[Train][Epoch 13/100][Iter 167/178] lr=0.025000, loss=0.20872, top1=0.93750, top2=0.93750, top4=1.00000
[Train][Epoch 13/100][Iter 168/178] lr=0.025000, loss=0.01042, top1=1.00000, top2=1.00000, top4=1.00000
[Train][Epoch 13/100][Iter 169/178] lr=0.025000, loss=0.01565, top1=1.00000, top2=1.00000, top4=1.00000
[Train][Epoch 13/100][Iter 170/178] lr=0.025000, loss=0.09635, top1=0.93750, top2=1.00000, top4=1.00000
[Train][Epoch 13/100][Iter 171/178] lr=0.025000, loss=0.24358, top1=0.81250, top2=1.00000, top4=1.00000
[Train][Epoch 13/100][Iter 172/178] lr=0.025000, loss=0.11883, top1=1.00000, top2=1.00000, top4=1.00000
[Train][Epoch 13/100][Iter 173/178] lr=0.025000, loss=0.02926, top1=1.00000, top2=1.00000, top4=1.00000
[Train][Epoch 13/100][Iter 174/178] lr=0.025000, loss=0.05250, top1=0.93750, top2=1.00000, top4=1.00000
[Train][Epoch 13/100][Iter 175/178] lr=0.025000, loss=0.06433, top1=0.93750, top2=1.00000, top4=1.00000
[Train][Epoch 13/100][Iter 176/178] lr=0.025000, loss=0.14068, top1=0.87500, top2=1.00000, top4=1.00000
[Train][Epoch 13/100][Iter 177/178] lr=0.025000, loss=0.09684, top1=0.90909, top2=1.00000, top4=1.00000
[Info] epoch_time=5188.9s
[Eval][Epoch 13] loss=0.16125, top1=0.94101, top2=1.00000, top4=1.00000, time=1300.5s
[Info] saved /mnt/synology/wen.zhou/2026.05/Coordinate_Attention/output/best.pt (top1=0.94101)
[Train][Epoch 14/100][Iter 0/178] lr=0.025000, loss=0.05852, top1=1.00000, top2=1.00000, top4=1.00000
[Train][Epoch 14/100][Iter 1/178] lr=0.025000, loss=0.06287, top1=1.00000, top2=1.00000, top4=1.00000
[Train][Epoch 14/100][Iter 2/178] lr=0.025000, loss=0.26673, top1=0.93750, top2=1.00000, top4=1.00000
[Train][Epoch 14/100][Iter 3/178] lr=0.025000, loss=0.12030, top1=0.93750, top2=1.00000, top4=1.00000
[Train][Epoch 14/100][Iter 4/178] lr=0.025000, loss=0.04774, top1=1.00000, top2=1.00000, top4=1.00000
[Train][Epoch 14/100][Iter 5/178] lr=0.025000, loss=0.33559, top1=0.87500, top2=1.00000, top4=1.00000
[Train][Epoch 14/100][Iter 6/178] lr=0.025000, loss=0.00602, top1=1.00000, top2=1.00000, top4=1.00000
[Train][Epoch 14/100][Iter 7/178] lr=0.025000, loss=0.00981, top1=1.00000, top2=1.00000, top4=1.00000
[Train][Epoch 14/100][Iter 8/178] lr=0.025000, loss=0.05635, top1=1.00000, top2=1.00000, top4=1.00000
[Train][Epoch 14/100][Iter 9/178] lr=0.025000, loss=0.04391, top1=1.00000, top2=1.00000, top4=1.00000
[Train][Epoch 14/100][Iter 10/178] lr=0.025000, loss=0.07822, top1=0.93750, top2=1.00000, top4=1.00000
[Train][Epoch 14/100][Iter 11/178] lr=0.025000, loss=0.06482, top1=0.93750, top2=1.00000, top4=1.00000
[Train][Epoch 14/100][Iter 12/178] lr=0.025000, loss=0.10586, top1=0.93750, top2=1.00000, top4=1.00000
[Train][Epoch 14/100][Iter 13/178] lr=0.025000, loss=0.07948, top1=0.93750, top2=1.00000, top4=1.00000
[Train][Epoch 14/100][Iter 14/178] lr=0.025000, loss=0.24601, top1=0.87500, top2=1.00000, top4=1.00000
[Train][Epoch 14/100][Iter 15/178] lr=0.025000, loss=0.23405, top1=0.87500, top2=1.00000, top4=1.00000
[Train][Epoch 14/100][Iter 16/178] lr=0.025000, loss=0.00599, top1=1.00000, top2=1.00000, top4=1.00000
[Train][Epoch 14/100][Iter 17/178] lr=0.025000, loss=0.01403, top1=1.00000, top2=1.00000, top4=1.00000
[Train][Epoch 14/100][Iter 18/178] lr=0.025000, loss=0.18091, top1=0.87500, top2=1.00000, top4=1.00000
[Train][Epoch 14/100][Iter 19/178] lr=0.025000, loss=0.36334, top1=0.93750, top2=1.00000, top4=1.00000
[Train][Epoch 14/100][Iter 20/178] lr=0.025000, loss=0.12435, top1=0.93750, top2=1.00000, top4=1.00000
[Train][Epoch 14/100][Iter 21/178] lr=0.025000, loss=0.16107, top1=0.93750, top2=1.00000, top4=1.00000
[Train][Epoch 14/100][Iter 22/178] lr=0.025000, loss=0.16206, top1=0.93750, top2=0.93750, top4=1.00000
[Train][Epoch 14/100][Iter 23/178] lr=0.025000, loss=0.08575, top1=0.93750, top2=1.00000, top4=1.00000
[Train][Epoch 14/100][Iter 24/178] lr=0.025000, loss=0.02589, top1=1.00000, top2=1.00000, top4=1.00000
[Train][Epoch 14/100][Iter 25/178] lr=0.025000, loss=0.03720, top1=1.00000, top2=1.00000, top4=1.00000
[Train][Epoch 14/100][Iter 26/178] lr=0.025000, loss=0.06333, top1=1.00000, top2=1.00000, top4=1.00000
[Train][Epoch 14/100][Iter 27/178] lr=0.025000, loss=0.10318, top1=1.00000, top2=1.00000, top4=1.00000
[Train][Epoch 14/100][Iter 28/178] lr=0.025000, loss=0.21634, top1=0.93750, top2=1.00000, top4=1.00000
[Train][Epoch 14/100][Iter 29/178] lr=0.025000, loss=0.04041, top1=1.00000, top2=1.00000, top4=1.00000
[Train][Epoch 14/100][Iter 30/178] lr=0.025000, loss=0.08790, top1=0.93750, top2=1.00000, top4=1.00000
[Train][Epoch 14/100][Iter 31/178] lr=0.025000, loss=0.03409, top1=1.00000, top2=1.00000, top4=1.00000
[Train][Epoch 14/100][Iter 32/178] lr=0.025000, loss=0.08348, top1=0.93750, top2=1.00000, top4=1.00000
[Train][Epoch 14/100][Iter 33/178] lr=0.025000, loss=0.20441, top1=0.87500, top2=1.00000, top4=1.00000
[Train][Epoch 14/100][Iter 34/178] lr=0.025000, loss=0.09752, top1=0.93750, top2=1.00000, top4=1.00000
[Train][Epoch 14/100][Iter 35/178] lr=0.025000, loss=0.02143, top1=1.00000, top2=1.00000, top4=1.00000
[Train][Epoch 14/100][Iter 36/178] lr=0.025000, loss=0.02502, top1=1.00000, top2=1.00000, top4=1.00000
[Train][Epoch 14/100][Iter 37/178] lr=0.025000, loss=0.00983, top1=1.00000, top2=1.00000, top4=1.00000
[Train][Epoch 14/100][Iter 38/178] lr=0.025000, loss=0.25054, top1=0.93750, top2=1.00000, top4=1.00000
[Train][Epoch 14/100][Iter 39/178] lr=0.025000, loss=0.01309, top1=1.00000, top2=1.00000, top4=1.00000
[Train][Epoch 14/100][Iter 40/178] lr=0.025000, loss=0.04283, top1=1.00000, top2=1.00000, top4=1.00000
[Train][Epoch 14/100][Iter 41/178] lr=0.025000, loss=0.13971, top1=0.93750, top2=1.00000, top4=1.00000
[Train][Epoch 14/100][Iter 42/178] lr=0.025000, loss=0.21134, top1=0.87500, top2=0.93750, top4=1.00000
[Train][Epoch 14/100][Iter 43/178] lr=0.025000, loss=0.25194, top1=0.87500, top2=1.00000, top4=1.00000
[Train][Epoch 14/100][Iter 44/178] lr=0.025000, loss=0.44836, top1=0.87500, top2=1.00000, top4=1.00000
[Train][Epoch 14/100][Iter 45/178] lr=0.025000, loss=0.01553, top1=1.00000, top2=1.00000, top4=1.00000
[Train][Epoch 14/100][Iter 46/178] lr=0.025000, loss=0.03106, top1=1.00000, top2=1.00000, top4=1.00000
[Train][Epoch 14/100][Iter 47/178] lr=0.025000, loss=0.00420, top1=1.00000, top2=1.00000, top4=1.00000
[Train][Epoch 14/100][Iter 48/178] lr=0.025000, loss=0.09153, top1=0.93750, top2=1.00000, top4=1.00000
[Train][Epoch 14/100][Iter 49/178] lr=0.025000, loss=0.00894, top1=1.00000, top2=1.00000, top4=1.00000
[Train][Epoch 14/100][Iter 50/178] lr=0.025000, loss=0.01090, top1=1.00000, top2=1.00000, top4=1.00000
[Train][Epoch 14/100][Iter 51/178] lr=0.025000, loss=0.05132, top1=1.00000, top2=1.00000, top4=1.00000
[Train][Epoch 14/100][Iter 52/178] lr=0.025000, loss=0.17809, top1=0.93750, top2=1.00000, top4=1.00000
[Train][Epoch 14/100][Iter 53/178] lr=0.025000, loss=0.02301, top1=1.00000, top2=1.00000, top4=1.00000
[Train][Epoch 14/100][Iter 54/178] lr=0.025000, loss=0.28446, top1=0.87500, top2=1.00000, top4=1.00000
[Train][Epoch 14/100][Iter 55/178] lr=0.025000, loss=0.04976, top1=1.00000, top2=1.00000, top4=1.00000
[Train][Epoch 14/100][Iter 56/178] lr=0.025000, loss=0.00350, top1=1.00000, top2=1.00000, top4=1.00000
[Train][Epoch 14/100][Iter 57/178] lr=0.025000, loss=0.04885, top1=0.93750, top2=1.00000, top4=1.00000
[Train][Epoch 14/100][Iter 58/178] lr=0.025000, loss=0.07534, top1=1.00000, top2=1.00000, top4=1.00000
[Train][Epoch 14/100][Iter 59/178] lr=0.025000, loss=0.01237, top1=1.00000, top2=1.00000, top4=1.00000
[Train][Epoch 14/100][Iter 60/178] lr=0.025000, loss=0.04767, top1=1.00000, top2=1.00000, top4=1.00000
[Train][Epoch 14/100][Iter 61/178] lr=0.025000, loss=0.02940, top1=1.00000, top2=1.00000, top4=1.00000
[Train][Epoch 14/100][Iter 62/178] lr=0.025000, loss=0.01373, top1=1.00000, top2=1.00000, top4=1.00000
[Train][Epoch 14/100][Iter 63/178] lr=0.025000, loss=0.22401, top1=0.87500, top2=1.00000, top4=1.00000
[Train][Epoch 14/100][Iter 64/178] lr=0.025000, loss=0.68140, top1=0.87500, top2=1.00000, top4=1.00000
[Train][Epoch 14/100][Iter 65/178] lr=0.025000, loss=0.37405, top1=0.93750, top2=1.00000, top4=1.00000
[Train][Epoch 14/100][Iter 66/178] lr=0.025000, loss=0.01329, top1=1.00000, top2=1.00000, top4=1.00000
[Train][Epoch 14/100][Iter 67/178] lr=0.025000, loss=0.07537, top1=0.93750, top2=1.00000, top4=1.00000
[Train][Epoch 14/100][Iter 68/178] lr=0.025000, loss=0.01029, top1=1.00000, top2=1.00000, top4=1.00000
[Train][Epoch 14/100][Iter 69/178] lr=0.025000, loss=0.01830, top1=1.00000, top2=1.00000, top4=1.00000
[Train][Epoch 14/100][Iter 70/178] lr=0.025000, loss=0.04381, top1=1.00000, top2=1.00000, top4=1.00000
[Train][Epoch 14/100][Iter 71/178] lr=0.025000, loss=0.01086, top1=1.00000, top2=1.00000, top4=1.00000
[Train][Epoch 14/100][Iter 72/178] lr=0.025000, loss=0.02161, top1=1.00000, top2=1.00000, top4=1.00000
[Train][Epoch 14/100][Iter 73/178] lr=0.025000, loss=0.17295, top1=0.87500, top2=1.00000, top4=1.00000
[Train][Epoch 14/100][Iter 74/178] lr=0.025000, loss=0.11089, top1=0.93750, top2=1.00000, top4=1.00000
[Train][Epoch 14/100][Iter 75/178] lr=0.025000, loss=0.25104, top1=0.87500, top2=1.00000, top4=1.00000
[Train][Epoch 14/100][Iter 76/178] lr=0.025000, loss=0.78973, top1=0.68750, top2=0.87500, top4=1.00000
[Train][Epoch 14/100][Iter 77/178] lr=0.025000, loss=0.02786, top1=1.00000, top2=1.00000, top4=1.00000
[Train][Epoch 14/100][Iter 78/178] lr=0.025000, loss=0.07466, top1=0.93750, top2=1.00000, top4=1.00000
[Train][Epoch 14/100][Iter 79/178] lr=0.025000, loss=0.02144, top1=1.00000, top2=1.00000, top4=1.00000
[Train][Epoch 14/100][Iter 80/178] lr=0.025000, loss=0.07560, top1=0.93750, top2=1.00000, top4=1.00000
[Train][Epoch 14/100][Iter 81/178] lr=0.025000, loss=0.01616, top1=1.00000, top2=1.00000, top4=1.00000
[Train][Epoch 14/100][Iter 82/178] lr=0.025000, loss=0.27844, top1=0.87500, top2=1.00000, top4=1.00000
[Train][Epoch 14/100][Iter 83/178] lr=0.025000, loss=0.03073, top1=1.00000, top2=1.00000, top4=1.00000
[Train][Epoch 14/100][Iter 84/178] lr=0.025000, loss=0.15359, top1=0.87500, top2=1.00000, top4=1.00000
[Train][Epoch 14/100][Iter 85/178] lr=0.025000, loss=0.16081, top1=1.00000, top2=1.00000, top4=1.00000
[Train][Epoch 14/100][Iter 86/178] lr=0.025000, loss=0.06695, top1=0.93750, top2=1.00000, top4=1.00000
[Train][Epoch 14/100][Iter 87/178] lr=0.025000, loss=0.05248, top1=1.00000, top2=1.00000, top4=1.00000
[Train][Epoch 14/100][Iter 88/178] lr=0.025000, loss=0.16185, top1=0.87500, top2=1.00000, top4=1.00000
[Train][Epoch 14/100][Iter 89/178] lr=0.025000, loss=0.23050, top1=0.93750, top2=0.93750, top4=1.00000
[Train][Epoch 14/100][Iter 90/178] lr=0.025000, loss=0.25937, top1=0.81250, top2=1.00000, top4=1.00000
[Train][Epoch 14/100][Iter 91/178] lr=0.025000, loss=0.01492, top1=1.00000, top2=1.00000, top4=1.00000
[Train][Epoch 14/100][Iter 92/178] lr=0.025000, loss=0.64445, top1=0.87500, top2=1.00000, top4=1.00000
[Train][Epoch 14/100][Iter 93/178] lr=0.025000, loss=0.02592, top1=1.00000, top2=1.00000, top4=1.00000
[Train][Epoch 14/100][Iter 94/178] lr=0.025000, loss=0.07154, top1=0.93750, top2=1.00000, top4=1.00000
[Train][Epoch 14/100][Iter 95/178] lr=0.025000, loss=0.01130, top1=1.00000, top2=1.00000, top4=1.00000
[Train][Epoch 14/100][Iter 96/178] lr=0.025000, loss=0.02533, top1=1.00000, top2=1.00000, top4=1.00000
[Train][Epoch 14/100][Iter 97/178] lr=0.025000, loss=0.32904, top1=0.93750, top2=0.93750, top4=1.00000
[Train][Epoch 14/100][Iter 98/178] lr=0.025000, loss=0.04512, top1=1.00000, top2=1.00000, top4=1.00000
[Train][Epoch 14/100][Iter 99/178] lr=0.025000, loss=0.31189, top1=0.93750, top2=1.00000, top4=1.00000
[Train][Epoch 14/100][Iter 100/178] lr=0.025000, loss=0.02275, top1=1.00000, top2=1.00000, top4=1.00000
[Train][Epoch 14/100][Iter 101/178] lr=0.025000, loss=0.01491, top1=1.00000, top2=1.00000, top4=1.00000
[Train][Epoch 14/100][Iter 102/178] lr=0.025000, loss=0.06532, top1=1.00000, top2=1.00000, top4=1.00000
[Train][Epoch 14/100][Iter 103/178] lr=0.025000, loss=0.09082, top1=1.00000, top2=1.00000, top4=1.00000
[Train][Epoch 14/100][Iter 104/178] lr=0.025000, loss=0.14051, top1=0.93750, top2=1.00000, top4=1.00000
[Train][Epoch 14/100][Iter 105/178] lr=0.025000, loss=0.04490, top1=1.00000, top2=1.00000, top4=1.00000
[Train][Epoch 14/100][Iter 106/178] lr=0.025000, loss=0.01271, top1=1.00000, top2=1.00000, top4=1.00000
[Train][Epoch 14/100][Iter 107/178] lr=0.025000, loss=0.05708, top1=1.00000, top2=1.00000, top4=1.00000
[Train][Epoch 14/100][Iter 108/178] lr=0.025000, loss=0.05942, top1=1.00000, top2=1.00000, top4=1.00000
[Train][Epoch 14/100][Iter 109/178] lr=0.025000, loss=0.38507, top1=0.87500, top2=0.93750, top4=1.00000
[Train][Epoch 14/100][Iter 110/178] lr=0.025000, loss=0.11920, top1=0.93750, top2=1.00000, top4=1.00000
[Train][Epoch 14/100][Iter 111/178] lr=0.025000, loss=0.00559, top1=1.00000, top2=1.00000, top4=1.00000
[Train][Epoch 14/100][Iter 112/178] lr=0.025000, loss=0.03111, top1=1.00000, top2=1.00000, top4=1.00000
[Train][Epoch 14/100][Iter 113/178] lr=0.025000, loss=0.11365, top1=0.93750, top2=1.00000, top4=1.00000
[Train][Epoch 14/100][Iter 114/178] lr=0.025000, loss=0.23245, top1=0.93750, top2=1.00000, top4=1.00000
[Train][Epoch 14/100][Iter 115/178] lr=0.025000, loss=0.14038, top1=0.93750, top2=1.00000, top4=1.00000
[Train][Epoch 14/100][Iter 116/178] lr=0.025000, loss=0.10013, top1=0.93750, top2=1.00000, top4=1.00000
[Train][Epoch 14/100][Iter 117/178] lr=0.025000, loss=0.35938, top1=0.93750, top2=0.93750, top4=1.00000
[Train][Epoch 14/100][Iter 118/178] lr=0.025000, loss=0.28752, top1=0.93750, top2=1.00000, top4=1.00000
[Train][Epoch 14/100][Iter 119/178] lr=0.025000, loss=0.02832, top1=1.00000, top2=1.00000, top4=1.00000
[Train][Epoch 14/100][Iter 120/178] lr=0.025000, loss=0.51317, top1=0.87500, top2=0.93750, top4=1.00000
[Train][Epoch 14/100][Iter 121/178] lr=0.025000, loss=0.00915, top1=1.00000, top2=1.00000, top4=1.00000
[Train][Epoch 14/100][Iter 122/178] lr=0.025000, loss=0.12252, top1=0.93750, top2=1.00000, top4=1.00000
[Train][Epoch 14/100][Iter 123/178] lr=0.025000, loss=0.05239, top1=1.00000, top2=1.00000, top4=1.00000
[Train][Epoch 14/100][Iter 124/178] lr=0.025000, loss=0.03111, top1=1.00000, top2=1.00000, top4=1.00000
[Train][Epoch 14/100][Iter 125/178] lr=0.025000, loss=0.03805, top1=1.00000, top2=1.00000, top4=1.00000
[Train][Epoch 14/100][Iter 126/178] lr=0.025000, loss=0.04719, top1=1.00000, top2=1.00000, top4=1.00000
[Train][Epoch 14/100][Iter 127/178] lr=0.025000, loss=0.00561, top1=1.00000, top2=1.00000, top4=1.00000
[Train][Epoch 14/100][Iter 128/178] lr=0.025000, loss=0.11780, top1=0.93750, top2=1.00000, top4=1.00000
[Train][Epoch 14/100][Iter 129/178] lr=0.025000, loss=0.27874, top1=0.75000, top2=1.00000, top4=1.00000
[Train][Epoch 14/100][Iter 130/178] lr=0.025000, loss=0.32192, top1=0.81250, top2=1.00000, top4=1.00000
[Train][Epoch 14/100][Iter 131/178] lr=0.025000, loss=0.17414, top1=0.93750, top2=1.00000, top4=1.00000
[Train][Epoch 14/100][Iter 132/178] lr=0.025000, loss=0.18121, top1=0.93750, top2=1.00000, top4=1.00000
[Train][Epoch 14/100][Iter 133/178] lr=0.025000, loss=0.10336, top1=0.93750, top2=1.00000, top4=1.00000
[Train][Epoch 14/100][Iter 134/178] lr=0.025000, loss=0.10715, top1=0.93750, top2=1.00000, top4=1.00000
[Train][Epoch 14/100][Iter 135/178] lr=0.025000, loss=0.02220, top1=1.00000, top2=1.00000, top4=1.00000
[Train][Epoch 14/100][Iter 136/178] lr=0.025000, loss=0.34044, top1=0.81250, top2=1.00000, top4=1.00000
[Train][Epoch 14/100][Iter 137/178] lr=0.025000, loss=0.01111, top1=1.00000, top2=1.00000, top4=1.00000
[Train][Epoch 14/100][Iter 138/178] lr=0.025000, loss=0.35571, top1=0.87500, top2=1.00000, top4=1.00000
[Train][Epoch 14/100][Iter 139/178] lr=0.025000, loss=0.27458, top1=0.93750, top2=1.00000, top4=1.00000
[Train][Epoch 14/100][Iter 140/178] lr=0.025000, loss=0.28166, top1=0.87500, top2=1.00000, top4=1.00000
[Train][Epoch 14/100][Iter 141/178] lr=0.025000, loss=0.05643, top1=0.93750, top2=1.00000, top4=1.00000
[Train][Epoch 14/100][Iter 142/178] lr=0.025000, loss=0.03593, top1=1.00000, top2=1.00000, top4=1.00000
[Train][Epoch 14/100][Iter 143/178] lr=0.025000, loss=0.05240, top1=1.00000, top2=1.00000, top4=1.00000
[Train][Epoch 14/100][Iter 144/178] lr=0.025000, loss=0.09695, top1=0.93750, top2=1.00000, top4=1.00000
[Train][Epoch 14/100][Iter 145/178] lr=0.025000, loss=0.10108, top1=0.93750, top2=1.00000, top4=1.00000
[Train][Epoch 14/100][Iter 146/178] lr=0.025000, loss=0.02765, top1=1.00000, top2=1.00000, top4=1.00000
[Train][Epoch 14/100][Iter 147/178] lr=0.025000, loss=0.08393, top1=1.00000, top2=1.00000, top4=1.00000
[Train][Epoch 14/100][Iter 148/178] lr=0.025000, loss=0.01988, top1=1.00000, top2=1.00000, top4=1.00000
[Train][Epoch 14/100][Iter 149/178] lr=0.025000, loss=0.07113, top1=1.00000, top2=1.00000, top4=1.00000
[Train][Epoch 14/100][Iter 150/178] lr=0.025000, loss=0.30118, top1=0.87500, top2=1.00000, top4=1.00000
[Train][Epoch 14/100][Iter 151/178] lr=0.025000, loss=0.14612, top1=0.93750, top2=1.00000, top4=1.00000
[Train][Epoch 14/100][Iter 152/178] lr=0.025000, loss=0.02551, top1=1.00000, top2=1.00000, top4=1.00000
[Train][Epoch 14/100][Iter 153/178] lr=0.025000, loss=0.01757, top1=1.00000, top2=1.00000, top4=1.00000
[Train][Epoch 14/100][Iter 154/178] lr=0.025000, loss=0.01241, top1=1.00000, top2=1.00000, top4=1.00000
[Train][Epoch 14/100][Iter 155/178] lr=0.025000, loss=0.01739, top1=1.00000, top2=1.00000, top4=1.00000
[Train][Epoch 14/100][Iter 156/178] lr=0.025000, loss=0.43135, top1=0.87500, top2=1.00000, top4=1.00000
[Train][Epoch 14/100][Iter 157/178] lr=0.025000, loss=0.07423, top1=1.00000, top2=1.00000, top4=1.00000
[Train][Epoch 14/100][Iter 158/178] lr=0.025000, loss=0.17804, top1=0.93750, top2=1.00000, top4=1.00000
[Train][Epoch 14/100][Iter 159/178] lr=0.025000, loss=0.02468, top1=1.00000, top2=1.00000, top4=1.00000
[Train][Epoch 14/100][Iter 160/178] lr=0.025000, loss=0.06652, top1=0.93750, top2=1.00000, top4=1.00000
[Train][Epoch 14/100][Iter 161/178] lr=0.025000, loss=0.12384, top1=0.93750, top2=1.00000, top4=1.00000
[Train][Epoch 14/100][Iter 162/178] lr=0.025000, loss=0.04208, top1=1.00000, top2=1.00000, top4=1.00000
[Train][Epoch 14/100][Iter 163/178] lr=0.025000, loss=0.01461, top1=1.00000, top2=1.00000, top4=1.00000
[Train][Epoch 14/100][Iter 164/178] lr=0.025000, loss=0.21039, top1=0.93750, top2=1.00000, top4=1.00000
[Train][Epoch 14/100][Iter 165/178] lr=0.025000, loss=0.06378, top1=0.93750, top2=1.00000, top4=1.00000
[Train][Epoch 14/100][Iter 166/178] lr=0.025000, loss=0.28100, top1=0.87500, top2=1.00000, top4=1.00000
[Train][Epoch 14/100][Iter 167/178] lr=0.025000, loss=0.15045, top1=0.93750, top2=1.00000, top4=1.00000
[Train][Epoch 14/100][Iter 168/178] lr=0.025000, loss=0.05043, top1=1.00000, top2=1.00000, top4=1.00000
[Train][Epoch 14/100][Iter 169/178] lr=0.025000, loss=0.12482, top1=1.00000, top2=1.00000, top4=1.00000
[Train][Epoch 14/100][Iter 170/178] lr=0.025000, loss=0.16563, top1=0.93750, top2=1.00000, top4=1.00000
[Train][Epoch 14/100][Iter 171/178] lr=0.025000, loss=0.19398, top1=0.93750, top2=1.00000, top4=1.00000
[Train][Epoch 14/100][Iter 172/178] lr=0.025000, loss=0.02580, top1=1.00000, top2=1.00000, top4=1.00000
[Train][Epoch 14/100][Iter 173/178] lr=0.025000, loss=0.24475, top1=0.93750, top2=1.00000, top4=1.00000
[Train][Epoch 14/100][Iter 174/178] lr=0.025000, loss=0.58100, top1=0.81250, top2=1.00000, top4=1.00000
[Train][Epoch 14/100][Iter 175/178] lr=0.025000, loss=0.29586, top1=0.93750, top2=1.00000, top4=1.00000
[Train][Epoch 14/100][Iter 176/178] lr=0.025000, loss=0.02013, top1=1.00000, top2=1.00000, top4=1.00000
[Train][Epoch 14/100][Iter 177/178] lr=0.025000, loss=0.65192, top1=0.72727, top2=1.00000, top4=1.00000
[Info] epoch_time=5216.5s
[Eval][Epoch 14] loss=1.44771, top1=0.73736, top2=0.91713, top4=1.00000, time=1356.4s
[Train][Epoch 15/100][Iter 0/178] lr=0.025000, loss=0.02059, top1=1.00000, top2=1.00000, top4=1.00000
[Train][Epoch 15/100][Iter 1/178] lr=0.025000, loss=0.03455, top1=1.00000, top2=1.00000, top4=1.00000
[Train][Epoch 15/100][Iter 2/178] lr=0.025000, loss=0.00612, top1=1.00000, top2=1.00000, top4=1.00000
[Train][Epoch 15/100][Iter 3/178] lr=0.025000, loss=0.08494, top1=0.93750, top2=1.00000, top4=1.00000
[Train][Epoch 15/100][Iter 4/178] lr=0.025000, loss=0.09565, top1=0.93750, top2=1.00000, top4=1.00000
[Train][Epoch 15/100][Iter 5/178] lr=0.025000, loss=0.01682, top1=1.00000, top2=1.00000, top4=1.00000
[Train][Epoch 15/100][Iter 6/178] lr=0.025000, loss=0.67627, top1=0.81250, top2=0.81250, top4=1.00000
[Train][Epoch 15/100][Iter 7/178] lr=0.025000, loss=0.05387, top1=1.00000, top2=1.00000, top4=1.00000
[Train][Epoch 15/100][Iter 8/178] lr=0.025000, loss=0.03962, top1=1.00000, top2=1.00000, top4=1.00000
[Train][Epoch 15/100][Iter 9/178] lr=0.025000, loss=0.23599, top1=0.87500, top2=1.00000, top4=1.00000
[Train][Epoch 15/100][Iter 10/178] lr=0.025000, loss=0.12602, top1=0.87500, top2=1.00000, top4=1.00000
[Train][Epoch 15/100][Iter 11/178] lr=0.025000, loss=0.10743, top1=0.93750, top2=1.00000, top4=1.00000
[Train][Epoch 15/100][Iter 12/178] lr=0.025000, loss=0.22774, top1=0.87500, top2=0.93750, top4=1.00000
[Train][Epoch 15/100][Iter 13/178] lr=0.025000, loss=0.14236, top1=0.93750, top2=1.00000, top4=1.00000
[Train][Epoch 15/100][Iter 14/178] lr=0.025000, loss=0.08072, top1=1.00000, top2=1.00000, top4=1.00000
[Train][Epoch 15/100][Iter 15/178] lr=0.025000, loss=0.35079, top1=0.81250, top2=0.87500, top4=1.00000
[Train][Epoch 15/100][Iter 16/178] lr=0.025000, loss=0.51812, top1=0.81250, top2=0.93750, top4=1.00000
[Train][Epoch 15/100][Iter 17/178] lr=0.025000, loss=0.19560, top1=0.93750, top2=1.00000, top4=1.00000
[Train][Epoch 15/100][Iter 18/178] lr=0.025000, loss=0.01873, top1=1.00000, top2=1.00000, top4=1.00000
[Train][Epoch 15/100][Iter 19/178] lr=0.025000, loss=0.09277, top1=0.93750, top2=1.00000, top4=1.00000
[Train][Epoch 15/100][Iter 20/178] lr=0.025000, loss=0.00881, top1=1.00000, top2=1.00000, top4=1.00000
[Train][Epoch 15/100][Iter 21/178] lr=0.025000, loss=0.05300, top1=1.00000, top2=1.00000, top4=1.00000
[Train][Epoch 15/100][Iter 22/178] lr=0.025000, loss=0.25332, top1=0.87500, top2=1.00000, top4=1.00000
[Train][Epoch 15/100][Iter 23/178] lr=0.025000, loss=0.01546, top1=1.00000, top2=1.00000, top4=1.00000
[Train][Epoch 15/100][Iter 24/178] lr=0.025000, loss=0.02036, top1=1.00000, top2=1.00000, top4=1.00000
[Train][Epoch 15/100][Iter 25/178] lr=0.025000, loss=0.01511, top1=1.00000, top2=1.00000, top4=1.00000
[Train][Epoch 15/100][Iter 26/178] lr=0.025000, loss=0.12989, top1=0.93750, top2=1.00000, top4=1.00000
[Train][Epoch 15/100][Iter 27/178] lr=0.025000, loss=0.21390, top1=0.93750, top2=1.00000, top4=1.00000
[Train][Epoch 15/100][Iter 28/178] lr=0.025000, loss=0.02134, top1=1.00000, top2=1.00000, top4=1.00000
[Train][Epoch 15/100][Iter 29/178] lr=0.025000, loss=0.05916, top1=1.00000, top2=1.00000, top4=1.00000
[Train][Epoch 15/100][Iter 30/178] lr=0.025000, loss=0.01855, top1=1.00000, top2=1.00000, top4=1.00000
[Train][Epoch 15/100][Iter 31/178] lr=0.025000, loss=0.19879, top1=0.93750, top2=0.93750, top4=1.00000
[Train][Epoch 15/100][Iter 32/178] lr=0.025000, loss=0.11956, top1=0.93750, top2=1.00000, top4=1.00000
[Train][Epoch 15/100][Iter 33/178] lr=0.025000, loss=0.09898, top1=0.93750, top2=1.00000, top4=1.00000
[Train][Epoch 15/100][Iter 34/178] lr=0.025000, loss=0.09015, top1=0.93750, top2=1.00000, top4=1.00000
[Train][Epoch 15/100][Iter 35/178] lr=0.025000, loss=0.25009, top1=0.93750, top2=1.00000, top4=1.00000
[Train][Epoch 15/100][Iter 36/178] lr=0.025000, loss=0.05008, top1=1.00000, top2=1.00000, top4=1.00000
[Train][Epoch 15/100][Iter 37/178] lr=0.025000, loss=0.02832, top1=1.00000, top2=1.00000, top4=1.00000
[Train][Epoch 15/100][Iter 38/178] lr=0.025000, loss=0.09160, top1=0.93750, top2=1.00000, top4=1.00000
[Train][Epoch 15/100][Iter 39/178] lr=0.025000, loss=0.02646, top1=1.00000, top2=1.00000, top4=1.00000
[Train][Epoch 15/100][Iter 40/178] lr=0.025000, loss=0.00648, top1=1.00000, top2=1.00000, top4=1.00000
[Train][Epoch 15/100][Iter 41/178] lr=0.025000, loss=0.00474, top1=1.00000, top2=1.00000, top4=1.00000
[Train][Epoch 15/100][Iter 42/178] lr=0.025000, loss=0.00872, top1=1.00000, top2=1.00000, top4=1.00000
[Train][Epoch 15/100][Iter 43/178] lr=0.025000, loss=0.04496, top1=1.00000, top2=1.00000, top4=1.00000
[Train][Epoch 15/100][Iter 44/178] lr=0.025000, loss=0.18764, top1=0.93750, top2=1.00000, top4=1.00000
[Train][Epoch 15/100][Iter 45/178] lr=0.025000, loss=0.20580, top1=0.93750, top2=1.00000, top4=1.00000
[Train][Epoch 15/100][Iter 46/178] lr=0.025000, loss=0.14149, top1=0.93750, top2=1.00000, top4=1.00000
[Train][Epoch 15/100][Iter 47/178] lr=0.025000, loss=0.01793, top1=1.00000, top2=1.00000, top4=1.00000
[Train][Epoch 15/100][Iter 48/178] lr=0.025000, loss=0.01924, top1=1.00000, top2=1.00000, top4=1.00000
[Train][Epoch 15/100][Iter 49/178] lr=0.025000, loss=0.01146, top1=1.00000, top2=1.00000, top4=1.00000
[Train][Epoch 15/100][Iter 50/178] lr=0.025000, loss=0.00552, top1=1.00000, top2=1.00000, top4=1.00000
[Train][Epoch 15/100][Iter 51/178] lr=0.025000, loss=0.00669, top1=1.00000, top2=1.00000, top4=1.00000
[Train][Epoch 15/100][Iter 52/178] lr=0.025000, loss=0.01663, top1=1.00000, top2=1.00000, top4=1.00000
[Train][Epoch 15/100][Iter 53/178] lr=0.025000, loss=0.37101, top1=0.87500, top2=0.93750, top4=1.00000
[Train][Epoch 15/100][Iter 54/178] lr=0.025000, loss=0.00236, top1=1.00000, top2=1.00000, top4=1.00000
[Train][Epoch 15/100][Iter 55/178] lr=0.025000, loss=0.05880, top1=0.93750, top2=1.00000, top4=1.00000
[Train][Epoch 15/100][Iter 56/178] lr=0.025000, loss=0.09748, top1=0.93750, top2=1.00000, top4=1.00000
[Train][Epoch 15/100][Iter 57/178] lr=0.025000, loss=0.00102, top1=1.00000, top2=1.00000, top4=1.00000
[Train][Epoch 15/100][Iter 58/178] lr=0.025000, loss=0.03507, top1=1.00000, top2=1.00000, top4=1.00000
[Train][Epoch 15/100][Iter 59/178] lr=0.025000, loss=0.03272, top1=1.00000, top2=1.00000, top4=1.00000
[Train][Epoch 15/100][Iter 60/178] lr=0.025000, loss=0.07887, top1=0.93750, top2=1.00000, top4=1.00000
[Train][Epoch 15/100][Iter 61/178] lr=0.025000, loss=0.19836, top1=0.93750, top2=1.00000, top4=1.00000
[Train][Epoch 15/100][Iter 62/178] lr=0.025000, loss=0.39362, top1=0.93750, top2=1.00000, top4=1.00000
[Train][Epoch 15/100][Iter 63/178] lr=0.025000, loss=0.25472, top1=0.93750, top2=1.00000, top4=1.00000
[Train][Epoch 15/100][Iter 64/178] lr=0.025000, loss=0.01613, top1=1.00000, top2=1.00000, top4=1.00000
[Train][Epoch 15/100][Iter 65/178] lr=0.025000, loss=0.01603, top1=1.00000, top2=1.00000, top4=1.00000
[Train][Epoch 15/100][Iter 66/178] lr=0.025000, loss=0.07200, top1=1.00000, top2=1.00000, top4=1.00000
[Train][Epoch 15/100][Iter 67/178] lr=0.025000, loss=0.06165, top1=1.00000, top2=1.00000, top4=1.00000
[Train][Epoch 15/100][Iter 68/178] lr=0.025000, loss=0.02304, top1=1.00000, top2=1.00000, top4=1.00000
[Train][Epoch 15/100][Iter 69/178] lr=0.025000, loss=0.15970, top1=0.93750, top2=1.00000, top4=1.00000
[Train][Epoch 15/100][Iter 70/178] lr=0.025000, loss=0.05077, top1=1.00000, top2=1.00000, top4=1.00000
[Train][Epoch 15/100][Iter 71/178] lr=0.025000, loss=0.11120, top1=0.93750, top2=1.00000, top4=1.00000
[Train][Epoch 15/100][Iter 72/178] lr=0.025000, loss=0.04743, top1=1.00000, top2=1.00000, top4=1.00000
[Train][Epoch 15/100][Iter 73/178] lr=0.025000, loss=0.10592, top1=0.93750, top2=1.00000, top4=1.00000
[Train][Epoch 15/100][Iter 74/178] lr=0.025000, loss=0.03795, top1=1.00000, top2=1.00000, top4=1.00000
[Train][Epoch 15/100][Iter 75/178] lr=0.025000, loss=0.11803, top1=0.93750, top2=1.00000, top4=1.00000
[Train][Epoch 15/100][Iter 76/178] lr=0.025000, loss=0.17250, top1=0.87500, top2=1.00000, top4=1.00000
[Train][Epoch 15/100][Iter 77/178] lr=0.025000, loss=0.01179, top1=1.00000, top2=1.00000, top4=1.00000
[Train][Epoch 15/100][Iter 78/178] lr=0.025000, loss=0.37649, top1=0.93750, top2=1.00000, top4=1.00000
[Train][Epoch 15/100][Iter 79/178] lr=0.025000, loss=0.14146, top1=0.93750, top2=1.00000, top4=1.00000
[Train][Epoch 15/100][Iter 80/178] lr=0.025000, loss=0.07970, top1=0.93750, top2=1.00000, top4=1.00000
[Train][Epoch 15/100][Iter 81/178] lr=0.025000, loss=0.13632, top1=0.93750, top2=0.93750, top4=1.00000
[Train][Epoch 15/100][Iter 82/178] lr=0.025000, loss=0.01014, top1=1.00000, top2=1.00000, top4=1.00000
[Train][Epoch 15/100][Iter 83/178] lr=0.025000, loss=0.03705, top1=1.00000, top2=1.00000, top4=1.00000
[Train][Epoch 15/100][Iter 84/178] lr=0.025000, loss=0.00295, top1=1.00000, top2=1.00000, top4=1.00000
[Train][Epoch 15/100][Iter 85/178] lr=0.025000, loss=0.15420, top1=0.93750, top2=1.00000, top4=1.00000
[Train][Epoch 15/100][Iter 86/178] lr=0.025000, loss=0.23464, top1=0.93750, top2=1.00000, top4=1.00000
[Train][Epoch 15/100][Iter 87/178] lr=0.025000, loss=0.25194, top1=0.93750, top2=1.00000, top4=1.00000
[Train][Epoch 15/100][Iter 88/178] lr=0.025000, loss=0.06584, top1=0.93750, top2=1.00000, top4=1.00000
[Train][Epoch 15/100][Iter 89/178] lr=0.025000, loss=0.03212, top1=1.00000, top2=1.00000, top4=1.00000
[Train][Epoch 15/100][Iter 90/178] lr=0.025000, loss=0.12826, top1=0.87500, top2=1.00000, top4=1.00000
[Train][Epoch 15/100][Iter 91/178] lr=0.025000, loss=0.23106, top1=0.93750, top2=1.00000, top4=1.00000
[Train][Epoch 15/100][Iter 92/178] lr=0.025000, loss=0.00765, top1=1.00000, top2=1.00000, top4=1.00000
[Train][Epoch 15/100][Iter 93/178] lr=0.025000, loss=0.07589, top1=0.93750, top2=1.00000, top4=1.00000
[Train][Epoch 15/100][Iter 94/178] lr=0.025000, loss=0.08049, top1=0.93750, top2=1.00000, top4=1.00000
[Train][Epoch 15/100][Iter 95/178] lr=0.025000, loss=0.00895, top1=1.00000, top2=1.00000, top4=1.00000
[Train][Epoch 15/100][Iter 96/178] lr=0.025000, loss=0.23840, top1=0.93750, top2=1.00000, top4=1.00000
[Train][Epoch 15/100][Iter 97/178] lr=0.025000, loss=0.17210, top1=0.93750, top2=1.00000, top4=1.00000
[Train][Epoch 15/100][Iter 98/178] lr=0.025000, loss=0.38673, top1=0.93750, top2=1.00000, top4=1.00000
[Train][Epoch 15/100][Iter 99/178] lr=0.025000, loss=0.05275, top1=1.00000, top2=1.00000, top4=1.00000
[Train][Epoch 15/100][Iter 100/178] lr=0.025000, loss=0.06586, top1=0.93750, top2=1.00000, top4=1.00000
[Train][Epoch 15/100][Iter 101/178] lr=0.025000, loss=0.31232, top1=0.87500, top2=1.00000, top4=1.00000
[Train][Epoch 15/100][Iter 102/178] lr=0.025000, loss=0.00518, top1=1.00000, top2=1.00000, top4=1.00000
[Train][Epoch 15/100][Iter 103/178] lr=0.025000, loss=0.23466, top1=0.93750, top2=1.00000, top4=1.00000
[Train][Epoch 15/100][Iter 104/178] lr=0.025000, loss=0.04400, top1=1.00000, top2=1.00000, top4=1.00000
[Train][Epoch 15/100][Iter 105/178] lr=0.025000, loss=0.08932, top1=0.93750, top2=1.00000, top4=1.00000
[Train][Epoch 15/100][Iter 106/178] lr=0.025000, loss=0.00775, top1=1.00000, top2=1.00000, top4=1.00000
[Train][Epoch 15/100][Iter 107/178] lr=0.025000, loss=0.02560, top1=1.00000, top2=1.00000, top4=1.00000
[Train][Epoch 15/100][Iter 108/178] lr=0.025000, loss=0.04936, top1=1.00000, top2=1.00000, top4=1.00000
[Train][Epoch 15/100][Iter 109/178] lr=0.025000, loss=0.25572, top1=0.87500, top2=1.00000, top4=1.00000
[Train][Epoch 15/100][Iter 110/178] lr=0.025000, loss=0.10754, top1=0.93750, top2=1.00000, top4=1.00000
[Train][Epoch 15/100][Iter 111/178] lr=0.025000, loss=0.23243, top1=0.93750, top2=0.93750, top4=1.00000
[Train][Epoch 15/100][Iter 112/178] lr=0.025000, loss=0.29863, top1=0.93750, top2=1.00000, top4=1.00000
[Train][Epoch 15/100][Iter 113/178] lr=0.025000, loss=0.07949, top1=1.00000, top2=1.00000, top4=1.00000
[Train][Epoch 15/100][Iter 114/178] lr=0.025000, loss=0.43046, top1=0.87500, top2=1.00000, top4=1.00000
[Train][Epoch 15/100][Iter 115/178] lr=0.025000, loss=0.30155, top1=0.93750, top2=1.00000, top4=1.00000
[Train][Epoch 15/100][Iter 116/178] lr=0.025000, loss=0.02924, top1=1.00000, top2=1.00000, top4=1.00000
[Train][Epoch 15/100][Iter 117/178] lr=0.025000, loss=0.06021, top1=1.00000, top2=1.00000, top4=1.00000
[Train][Epoch 15/100][Iter 118/178] lr=0.025000, loss=0.04904, top1=1.00000, top2=1.00000, top4=1.00000
[Train][Epoch 15/100][Iter 119/178] lr=0.025000, loss=0.48393, top1=0.87500, top2=1.00000, top4=1.00000
[Train][Epoch 15/100][Iter 120/178] lr=0.025000, loss=0.02590, top1=1.00000, top2=1.00000, top4=1.00000
[Train][Epoch 15/100][Iter 121/178] lr=0.025000, loss=0.02133, top1=1.00000, top2=1.00000, top4=1.00000
[Train][Epoch 15/100][Iter 122/178] lr=0.025000, loss=0.06351, top1=0.93750, top2=1.00000, top4=1.00000
[Train][Epoch 15/100][Iter 123/178] lr=0.025000, loss=0.14755, top1=0.93750, top2=1.00000, top4=1.00000
[Train][Epoch 15/100][Iter 124/178] lr=0.025000, loss=0.05788, top1=1.00000, top2=1.00000, top4=1.00000
[Train][Epoch 15/100][Iter 125/178] lr=0.025000, loss=0.03036, top1=1.00000, top2=1.00000, top4=1.00000
[Train][Epoch 15/100][Iter 126/178] lr=0.025000, loss=0.00648, top1=1.00000, top2=1.00000, top4=1.00000
[Train][Epoch 15/100][Iter 127/178] lr=0.025000, loss=0.28269, top1=0.87500, top2=1.00000, top4=1.00000
[Train][Epoch 15/100][Iter 128/178] lr=0.025000, loss=0.03856, top1=1.00000, top2=1.00000, top4=1.00000
[Train][Epoch 15/100][Iter 129/178] lr=0.025000, loss=0.04952, top1=1.00000, top2=1.00000, top4=1.00000
[Train][Epoch 15/100][Iter 130/178] lr=0.025000, loss=0.11405, top1=0.93750, top2=1.00000, top4=1.00000
[Train][Epoch 15/100][Iter 131/178] lr=0.025000, loss=0.06674, top1=1.00000, top2=1.00000, top4=1.00000
[Train][Epoch 15/100][Iter 132/178] lr=0.025000, loss=0.01075, top1=1.00000, top2=1.00000, top4=1.00000
[Train][Epoch 15/100][Iter 133/178] lr=0.025000, loss=0.09881, top1=0.93750, top2=1.00000, top4=1.00000
[Train][Epoch 15/100][Iter 134/178] lr=0.025000, loss=0.30176, top1=0.87500, top2=1.00000, top4=1.00000
[Train][Epoch 15/100][Iter 135/178] lr=0.025000, loss=0.04138, top1=1.00000, top2=1.00000, top4=1.00000
[Train][Epoch 15/100][Iter 136/178] lr=0.025000, loss=0.10076, top1=0.93750, top2=1.00000, top4=1.00000
[Train][Epoch 15/100][Iter 137/178] lr=0.025000, loss=0.05342, top1=1.00000, top2=1.00000, top4=1.00000
[Train][Epoch 15/100][Iter 138/178] lr=0.025000, loss=0.05106, top1=1.00000, top2=1.00000, top4=1.00000
[Train][Epoch 15/100][Iter 139/178] lr=0.025000, loss=0.00498, top1=1.00000, top2=1.00000, top4=1.00000
[Train][Epoch 15/100][Iter 140/178] lr=0.025000, loss=0.26950, top1=0.93750, top2=1.00000, top4=1.00000
[Train][Epoch 15/100][Iter 141/178] lr=0.025000, loss=0.02443, top1=1.00000, top2=1.00000, top4=1.00000
[Train][Epoch 15/100][Iter 142/178] lr=0.025000, loss=0.00245, top1=1.00000, top2=1.00000, top4=1.00000
[Train][Epoch 15/100][Iter 143/178] lr=0.025000, loss=0.01774, top1=1.00000, top2=1.00000, top4=1.00000
[Train][Epoch 15/100][Iter 144/178] lr=0.025000, loss=0.17389, top1=0.87500, top2=1.00000, top4=1.00000
[Train][Epoch 15/100][Iter 145/178] lr=0.025000, loss=0.06128, top1=1.00000, top2=1.00000, top4=1.00000
[Train][Epoch 15/100][Iter 146/178] lr=0.025000, loss=0.17650, top1=0.87500, top2=1.00000, top4=1.00000
[Train][Epoch 15/100][Iter 147/178] lr=0.025000, loss=0.00843, top1=1.00000, top2=1.00000, top4=1.00000
[Train][Epoch 15/100][Iter 148/178] lr=0.025000, loss=0.25656, top1=0.81250, top2=1.00000, top4=1.00000
[Train][Epoch 15/100][Iter 149/178] lr=0.025000, loss=0.00832, top1=1.00000, top2=1.00000, top4=1.00000
[Train][Epoch 15/100][Iter 150/178] lr=0.025000, loss=0.50496, top1=0.87500, top2=1.00000, top4=1.00000
[Train][Epoch 15/100][Iter 151/178] lr=0.025000, loss=0.15341, top1=0.93750, top2=1.00000, top4=1.00000
[Train][Epoch 15/100][Iter 152/178] lr=0.025000, loss=0.02136, top1=1.00000, top2=1.00000, top4=1.00000
[Train][Epoch 15/100][Iter 153/178] lr=0.025000, loss=0.19540, top1=0.93750, top2=1.00000, top4=1.00000
[Train][Epoch 15/100][Iter 154/178] lr=0.025000, loss=0.22978, top1=0.87500, top2=1.00000, top4=1.00000
[Train][Epoch 15/100][Iter 155/178] lr=0.025000, loss=0.14990, top1=0.93750, top2=1.00000, top4=1.00000
[Train][Epoch 15/100][Iter 156/178] lr=0.025000, loss=0.01397, top1=1.00000, top2=1.00000, top4=1.00000
[Train][Epoch 15/100][Iter 157/178] lr=0.025000, loss=0.17075, top1=0.93750, top2=1.00000, top4=1.00000
[Train][Epoch 15/100][Iter 158/178] lr=0.025000, loss=0.09211, top1=0.93750, top2=1.00000, top4=1.00000
[Train][Epoch 15/100][Iter 159/178] lr=0.025000, loss=0.02890, top1=1.00000, top2=1.00000, top4=1.00000
[Train][Epoch 15/100][Iter 160/178] lr=0.025000, loss=0.00965, top1=1.00000, top2=1.00000, top4=1.00000
[Train][Epoch 15/100][Iter 161/178] lr=0.025000, loss=0.20152, top1=0.93750, top2=0.93750, top4=1.00000
[Train][Epoch 15/100][Iter 162/178] lr=0.025000, loss=0.00975, top1=1.00000, top2=1.00000, top4=1.00000
[Train][Epoch 15/100][Iter 163/178] lr=0.025000, loss=0.03811, top1=1.00000, top2=1.00000, top4=1.00000
[Train][Epoch 15/100][Iter 164/178] lr=0.025000, loss=0.07392, top1=0.93750, top2=1.00000, top4=1.00000
[Train][Epoch 15/100][Iter 165/178] lr=0.025000, loss=0.06366, top1=1.00000, top2=1.00000, top4=1.00000
[Train][Epoch 15/100][Iter 166/178] lr=0.025000, loss=0.28009, top1=0.87500, top2=0.93750, top4=1.00000
[Train][Epoch 15/100][Iter 167/178] lr=0.025000, loss=0.22130, top1=0.93750, top2=1.00000, top4=1.00000
[Train][Epoch 15/100][Iter 168/178] lr=0.025000, loss=0.14587, top1=0.93750, top2=1.00000, top4=1.00000
[Train][Epoch 15/100][Iter 169/178] lr=0.025000, loss=0.02377, top1=1.00000, top2=1.00000, top4=1.00000
[Train][Epoch 15/100][Iter 170/178] lr=0.025000, loss=0.02875, top1=1.00000, top2=1.00000, top4=1.00000
[Train][Epoch 15/100][Iter 171/178] lr=0.025000, loss=0.12551, top1=0.87500, top2=1.00000, top4=1.00000
[Train][Epoch 15/100][Iter 172/178] lr=0.025000, loss=0.35423, top1=0.87500, top2=1.00000, top4=1.00000
[Train][Epoch 15/100][Iter 173/178] lr=0.025000, loss=0.12048, top1=0.93750, top2=1.00000, top4=1.00000
[Train][Epoch 15/100][Iter 174/178] lr=0.025000, loss=0.12168, top1=0.93750, top2=1.00000, top4=1.00000
[Train][Epoch 15/100][Iter 175/178] lr=0.025000, loss=0.05827, top1=0.93750, top2=1.00000, top4=1.00000
[Train][Epoch 15/100][Iter 176/178] lr=0.025000, loss=0.01873, top1=1.00000, top2=1.00000, top4=1.00000
[Train][Epoch 15/100][Iter 177/178] lr=0.025000, loss=0.01380, top1=1.00000, top2=1.00000, top4=1.00000
[Info] epoch_time=5209.9s
[Eval][Epoch 15] loss=0.61995, top1=0.84410, top2=0.94663, top4=1.00000, time=1288.6s
[Train][Epoch 16/100][Iter 0/178] lr=0.025000, loss=0.02707, top1=1.00000, top2=1.00000, top4=1.00000
[Train][Epoch 16/100][Iter 1/178] lr=0.025000, loss=0.16142, top1=0.93750, top2=0.93750, top4=1.00000
[Train][Epoch 16/100][Iter 2/178] lr=0.025000, loss=0.28995, top1=0.87500, top2=1.00000, top4=1.00000
[Train][Epoch 16/100][Iter 3/178] lr=0.025000, loss=0.09855, top1=0.93750, top2=1.00000, top4=1.00000
[Train][Epoch 16/100][Iter 4/178] lr=0.025000, loss=0.12280, top1=0.93750, top2=1.00000, top4=1.00000
[Train][Epoch 16/100][Iter 5/178] lr=0.025000, loss=0.37223, top1=0.93750, top2=1.00000, top4=1.00000
[Train][Epoch 16/100][Iter 6/178] lr=0.025000, loss=0.05534, top1=1.00000, top2=1.00000, top4=1.00000
[Train][Epoch 16/100][Iter 7/178] lr=0.025000, loss=0.20679, top1=0.87500, top2=1.00000, top4=1.00000
[Train][Epoch 16/100][Iter 8/178] lr=0.025000, loss=0.03352, top1=1.00000, top2=1.00000, top4=1.00000
[Train][Epoch 16/100][Iter 9/178] lr=0.025000, loss=0.01122, top1=1.00000, top2=1.00000, top4=1.00000
[Train][Epoch 16/100][Iter 10/178] lr=0.025000, loss=0.36132, top1=0.87500, top2=1.00000, top4=1.00000
[Train][Epoch 16/100][Iter 11/178] lr=0.025000, loss=0.05316, top1=1.00000, top2=1.00000, top4=1.00000
[Train][Epoch 16/100][Iter 12/178] lr=0.025000, loss=0.03742, top1=1.00000, top2=1.00000, top4=1.00000
[Train][Epoch 16/100][Iter 13/178] lr=0.025000, loss=0.26985, top1=0.93750, top2=1.00000, top4=1.00000
[Train][Epoch 16/100][Iter 14/178] lr=0.025000, loss=0.03174, top1=1.00000, top2=1.00000, top4=1.00000
[Train][Epoch 16/100][Iter 15/178] lr=0.025000, loss=0.04487, top1=1.00000, top2=1.00000, top4=1.00000
[Train][Epoch 16/100][Iter 16/178] lr=0.025000, loss=0.04491, top1=1.00000, top2=1.00000, top4=1.00000
[Train][Epoch 16/100][Iter 17/178] lr=0.025000, loss=0.18539, top1=0.93750, top2=1.00000, top4=1.00000
[Train][Epoch 16/100][Iter 18/178] lr=0.025000, loss=0.08601, top1=0.93750, top2=1.00000, top4=1.00000
[Train][Epoch 16/100][Iter 19/178] lr=0.025000, loss=0.08264, top1=1.00000, top2=1.00000, top4=1.00000
[Train][Epoch 16/100][Iter 20/178] lr=0.025000, loss=0.27617, top1=0.87500, top2=1.00000, top4=1.00000
[Train][Epoch 16/100][Iter 21/178] lr=0.025000, loss=0.19523, top1=0.93750, top2=1.00000, top4=1.00000
[Train][Epoch 16/100][Iter 22/178] lr=0.025000, loss=0.07515, top1=0.93750, top2=1.00000, top4=1.00000
[Train][Epoch 16/100][Iter 23/178] lr=0.025000, loss=0.01275, top1=1.00000, top2=1.00000, top4=1.00000
[Train][Epoch 16/100][Iter 24/178] lr=0.025000, loss=0.03312, top1=1.00000, top2=1.00000, top4=1.00000
[Train][Epoch 16/100][Iter 25/178] lr=0.025000, loss=0.07255, top1=0.93750, top2=1.00000, top4=1.00000
[Train][Epoch 16/100][Iter 26/178] lr=0.025000, loss=0.15283, top1=0.93750, top2=1.00000, top4=1.00000
[Train][Epoch 16/100][Iter 27/178] lr=0.025000, loss=0.28187, top1=0.93750, top2=1.00000, top4=1.00000
[Train][Epoch 16/100][Iter 28/178] lr=0.025000, loss=0.13175, top1=0.93750, top2=1.00000, top4=1.00000
[Train][Epoch 16/100][Iter 29/178] lr=0.025000, loss=0.01661, top1=1.00000, top2=1.00000, top4=1.00000
[Train][Epoch 16/100][Iter 30/178] lr=0.025000, loss=0.18582, top1=0.93750, top2=1.00000, top4=1.00000
[Train][Epoch 16/100][Iter 31/178] lr=0.025000, loss=0.02241, top1=1.00000, top2=1.00000, top4=1.00000
[Train][Epoch 16/100][Iter 32/178] lr=0.025000, loss=0.02211, top1=1.00000, top2=1.00000, top4=1.00000
[Train][Epoch 16/100][Iter 33/178] lr=0.025000, loss=0.02078, top1=1.00000, top2=1.00000, top4=1.00000
[Train][Epoch 16/100][Iter 34/178] lr=0.025000, loss=0.07049, top1=0.93750, top2=1.00000, top4=1.00000
[Train][Epoch 16/100][Iter 35/178] lr=0.025000, loss=0.13790, top1=0.93750, top2=0.93750, top4=1.00000
[Train][Epoch 16/100][Iter 36/178] lr=0.025000, loss=0.01253, top1=1.00000, top2=1.00000, top4=1.00000
[Train][Epoch 16/100][Iter 37/178] lr=0.025000, loss=0.03564, top1=1.00000, top2=1.00000, top4=1.00000
[Train][Epoch 16/100][Iter 38/178] lr=0.025000, loss=0.36187, top1=0.87500, top2=1.00000, top4=1.00000
[Train][Epoch 16/100][Iter 39/178] lr=0.025000, loss=0.09038, top1=1.00000, top2=1.00000, top4=1.00000
[Train][Epoch 16/100][Iter 40/178] lr=0.025000, loss=0.00682, top1=1.00000, top2=1.00000, top4=1.00000
[Train][Epoch 16/100][Iter 41/178] lr=0.025000, loss=0.01419, top1=1.00000, top2=1.00000, top4=1.00000
[Train][Epoch 16/100][Iter 42/178] lr=0.025000, loss=0.02552, top1=1.00000, top2=1.00000, top4=1.00000
[Train][Epoch 16/100][Iter 43/178] lr=0.025000, loss=0.03965, top1=1.00000, top2=1.00000, top4=1.00000
[Train][Epoch 16/100][Iter 44/178] lr=0.025000, loss=0.02798, top1=1.00000, top2=1.00000, top4=1.00000
[Train][Epoch 16/100][Iter 45/178] lr=0.025000, loss=0.13779, top1=0.93750, top2=1.00000, top4=1.00000
[Train][Epoch 16/100][Iter 46/178] lr=0.025000, loss=0.02123, top1=1.00000, top2=1.00000, top4=1.00000
[Train][Epoch 16/100][Iter 47/178] lr=0.025000, loss=0.03028, top1=1.00000, top2=1.00000, top4=1.00000
[Train][Epoch 16/100][Iter 48/178] lr=0.025000, loss=0.16364, top1=0.93750, top2=1.00000, top4=1.00000
[Train][Epoch 16/100][Iter 49/178] lr=0.025000, loss=0.22039, top1=0.93750, top2=1.00000, top4=1.00000
[Train][Epoch 16/100][Iter 50/178] lr=0.025000, loss=0.00170, top1=1.00000, top2=1.00000, top4=1.00000
[Train][Epoch 16/100][Iter 51/178] lr=0.025000, loss=0.00822, top1=1.00000, top2=1.00000, top4=1.00000
[Train][Epoch 16/100][Iter 52/178] lr=0.025000, loss=0.01717, top1=1.00000, top2=1.00000, top4=1.00000
[Train][Epoch 16/100][Iter 53/178] lr=0.025000, loss=0.00272, top1=1.00000, top2=1.00000, top4=1.00000
[Train][Epoch 16/100][Iter 54/178] lr=0.025000, loss=0.06242, top1=1.00000, top2=1.00000, top4=1.00000
[Train][Epoch 16/100][Iter 55/178] lr=0.025000, loss=0.19560, top1=0.87500, top2=1.00000, top4=1.00000
[Train][Epoch 16/100][Iter 56/178] lr=0.025000, loss=0.15849, top1=0.93750, top2=1.00000, top4=1.00000
[Train][Epoch 16/100][Iter 57/178] lr=0.025000, loss=0.03500, top1=1.00000, top2=1.00000, top4=1.00000
[Train][Epoch 16/100][Iter 58/178] lr=0.025000, loss=0.00312, top1=1.00000, top2=1.00000, top4=1.00000
[Train][Epoch 16/100][Iter 59/178] lr=0.025000, loss=0.36327, top1=0.93750, top2=1.00000, top4=1.00000
[Train][Epoch 16/100][Iter 60/178] lr=0.025000, loss=0.09491, top1=0.93750, top2=1.00000, top4=1.00000
[Train][Epoch 16/100][Iter 61/178] lr=0.025000, loss=0.03358, top1=1.00000, top2=1.00000, top4=1.00000
[Train][Epoch 16/100][Iter 62/178] lr=0.025000, loss=0.04329, top1=1.00000, top2=1.00000, top4=1.00000
[Train][Epoch 16/100][Iter 63/178] lr=0.025000, loss=0.14846, top1=0.87500, top2=1.00000, top4=1.00000
[Train][Epoch 16/100][Iter 64/178] lr=0.025000, loss=0.01002, top1=1.00000, top2=1.00000, top4=1.00000
[Train][Epoch 16/100][Iter 65/178] lr=0.025000, loss=0.07336, top1=0.93750, top2=1.00000, top4=1.00000
[Train][Epoch 16/100][Iter 66/178] lr=0.025000, loss=0.40220, top1=0.93750, top2=1.00000, top4=1.00000
[Train][Epoch 16/100][Iter 67/178] lr=0.025000, loss=0.06337, top1=1.00000, top2=1.00000, top4=1.00000
[Train][Epoch 16/100][Iter 68/178] lr=0.025000, loss=0.01099, top1=1.00000, top2=1.00000, top4=1.00000
[Train][Epoch 16/100][Iter 69/178] lr=0.025000, loss=0.00786, top1=1.00000, top2=1.00000, top4=1.00000
[Train][Epoch 16/100][Iter 70/178] lr=0.025000, loss=0.01409, top1=1.00000, top2=1.00000, top4=1.00000
[Train][Epoch 16/100][Iter 71/178] lr=0.025000, loss=0.16063, top1=0.87500, top2=1.00000, top4=1.00000
[Train][Epoch 16/100][Iter 72/178] lr=0.025000, loss=0.12091, top1=0.93750, top2=1.00000, top4=1.00000
[Train][Epoch 16/100][Iter 73/178] lr=0.025000, loss=0.46456, top1=0.87500, top2=0.93750, top4=1.00000
[Train][Epoch 16/100][Iter 74/178] lr=0.025000, loss=0.02256, top1=1.00000, top2=1.00000, top4=1.00000
[Train][Epoch 16/100][Iter 75/178] lr=0.025000, loss=0.03582, top1=1.00000, top2=1.00000, top4=1.00000
[Train][Epoch 16/100][Iter 76/178] lr=0.025000, loss=0.04825, top1=1.00000, top2=1.00000, top4=1.00000
[Train][Epoch 16/100][Iter 77/178] lr=0.025000, loss=0.03162, top1=1.00000, top2=1.00000, top4=1.00000
[Train][Epoch 16/100][Iter 78/178] lr=0.025000, loss=0.10692, top1=0.87500, top2=1.00000, top4=1.00000
[Train][Epoch 16/100][Iter 79/178] lr=0.025000, loss=0.00667, top1=1.00000, top2=1.00000, top4=1.00000
[Train][Epoch 16/100][Iter 80/178] lr=0.025000, loss=0.01918, top1=1.00000, top2=1.00000, top4=1.00000
[Train][Epoch 16/100][Iter 81/178] lr=0.025000, loss=0.19157, top1=0.93750, top2=0.93750, top4=1.00000
[Train][Epoch 16/100][Iter 82/178] lr=0.025000, loss=0.02577, top1=1.00000, top2=1.00000, top4=1.00000
[Train][Epoch 16/100][Iter 83/178] lr=0.025000, loss=0.09131, top1=0.93750, top2=1.00000, top4=1.00000
[Train][Epoch 16/100][Iter 84/178] lr=0.025000, loss=0.03706, top1=1.00000, top2=1.00000, top4=1.00000
[Train][Epoch 16/100][Iter 85/178] lr=0.025000, loss=0.01525, top1=1.00000, top2=1.00000, top4=1.00000
[Train][Epoch 16/100][Iter 86/178] lr=0.025000, loss=0.17737, top1=0.87500, top2=1.00000, top4=1.00000
[Train][Epoch 16/100][Iter 87/178] lr=0.025000, loss=0.07503, top1=0.93750, top2=1.00000, top4=1.00000
[Train][Epoch 16/100][Iter 88/178] lr=0.025000, loss=0.01201, top1=1.00000, top2=1.00000, top4=1.00000
[Train][Epoch 16/100][Iter 89/178] lr=0.025000, loss=0.00757, top1=1.00000, top2=1.00000, top4=1.00000
[Train][Epoch 16/100][Iter 90/178] lr=0.025000, loss=0.27676, top1=0.87500, top2=1.00000, top4=1.00000
[Train][Epoch 16/100][Iter 91/178] lr=0.025000, loss=0.07765, top1=0.93750, top2=1.00000, top4=1.00000
[Train][Epoch 16/100][Iter 92/178] lr=0.025000, loss=0.08434, top1=0.93750, top2=1.00000, top4=1.00000
[Train][Epoch 16/100][Iter 93/178] lr=0.025000, loss=0.01569, top1=1.00000, top2=1.00000, top4=1.00000
[Train][Epoch 16/100][Iter 94/178] lr=0.025000, loss=0.30928, top1=0.87500, top2=1.00000, top4=1.00000
[Train][Epoch 16/100][Iter 95/178] lr=0.025000, loss=0.03419, top1=1.00000, top2=1.00000, top4=1.00000
[Train][Epoch 16/100][Iter 96/178] lr=0.025000, loss=0.08735, top1=0.93750, top2=1.00000, top4=1.00000
[Train][Epoch 16/100][Iter 97/178] lr=0.025000, loss=0.06160, top1=1.00000, top2=1.00000, top4=1.00000
[Train][Epoch 16/100][Iter 98/178] lr=0.025000, loss=0.02676, top1=1.00000, top2=1.00000, top4=1.00000
[Train][Epoch 16/100][Iter 99/178] lr=0.025000, loss=0.04020, top1=1.00000, top2=1.00000, top4=1.00000
[Train][Epoch 16/100][Iter 100/178] lr=0.025000, loss=0.00604, top1=1.00000, top2=1.00000, top4=1.00000
[Train][Epoch 16/100][Iter 101/178] lr=0.025000, loss=0.11283, top1=0.93750, top2=1.00000, top4=1.00000
[Train][Epoch 16/100][Iter 102/178] lr=0.025000, loss=0.01808, top1=1.00000, top2=1.00000, top4=1.00000
[Train][Epoch 16/100][Iter 103/178] lr=0.025000, loss=0.01373, top1=1.00000, top2=1.00000, top4=1.00000
[Train][Epoch 16/100][Iter 104/178] lr=0.025000, loss=0.03315, top1=1.00000, top2=1.00000, top4=1.00000
[Train][Epoch 16/100][Iter 105/178] lr=0.025000, loss=0.03536, top1=1.00000, top2=1.00000, top4=1.00000
[Train][Epoch 16/100][Iter 106/178] lr=0.025000, loss=0.08520, top1=0.93750, top2=1.00000, top4=1.00000
[Train][Epoch 16/100][Iter 107/178] lr=0.025000, loss=0.00716, top1=1.00000, top2=1.00000, top4=1.00000
[Train][Epoch 16/100][Iter 108/178] lr=0.025000, loss=0.03694, top1=1.00000, top2=1.00000, top4=1.00000
[Train][Epoch 16/100][Iter 109/178] lr=0.025000, loss=0.00651, top1=1.00000, top2=1.00000, top4=1.00000
[Train][Epoch 16/100][Iter 110/178] lr=0.025000, loss=0.18435, top1=0.93750, top2=1.00000, top4=1.00000
[Train][Epoch 16/100][Iter 111/178] lr=0.025000, loss=0.00282, top1=1.00000, top2=1.00000, top4=1.00000
[Train][Epoch 16/100][Iter 112/178] lr=0.025000, loss=0.01430, top1=1.00000, top2=1.00000, top4=1.00000
[Train][Epoch 16/100][Iter 113/178] lr=0.025000, loss=0.07925, top1=0.93750, top2=1.00000, top4=1.00000
[Train][Epoch 16/100][Iter 114/178] lr=0.025000, loss=0.00725, top1=1.00000, top2=1.00000, top4=1.00000
[Train][Epoch 16/100][Iter 115/178] lr=0.025000, loss=0.01208, top1=1.00000, top2=1.00000, top4=1.00000
[Train][Epoch 16/100][Iter 116/178] lr=0.025000, loss=0.17688, top1=0.93750, top2=1.00000, top4=1.00000
[Train][Epoch 16/100][Iter 117/178] lr=0.025000, loss=0.04707, top1=1.00000, top2=1.00000, top4=1.00000
[Train][Epoch 16/100][Iter 118/178] lr=0.025000, loss=0.01272, top1=1.00000, top2=1.00000, top4=1.00000
[Train][Epoch 16/100][Iter 119/178] lr=0.025000, loss=0.07557, top1=0.93750, top2=1.00000, top4=1.00000
[Train][Epoch 16/100][Iter 120/178] lr=0.025000, loss=0.52438, top1=0.87500, top2=1.00000, top4=1.00000
[Train][Epoch 16/100][Iter 121/178] lr=0.025000, loss=0.02319, top1=1.00000, top2=1.00000, top4=1.00000
[Train][Epoch 16/100][Iter 122/178] lr=0.025000, loss=0.03817, top1=1.00000, top2=1.00000, top4=1.00000
[Train][Epoch 16/100][Iter 123/178] lr=0.025000, loss=0.02804, top1=1.00000, top2=1.00000, top4=1.00000
[Train][Epoch 16/100][Iter 124/178] lr=0.025000, loss=0.11057, top1=0.93750, top2=1.00000, top4=1.00000
[Train][Epoch 16/100][Iter 125/178] lr=0.025000, loss=0.08137, top1=0.93750, top2=1.00000, top4=1.00000
[Train][Epoch 16/100][Iter 126/178] lr=0.025000, loss=0.24385, top1=0.87500, top2=1.00000, top4=1.00000
[Train][Epoch 16/100][Iter 127/178] lr=0.025000, loss=0.08799, top1=1.00000, top2=1.00000, top4=1.00000
[Train][Epoch 16/100][Iter 128/178] lr=0.025000, loss=0.01166, top1=1.00000, top2=1.00000, top4=1.00000
[Train][Epoch 16/100][Iter 129/178] lr=0.025000, loss=0.04910, top1=1.00000, top2=1.00000, top4=1.00000
[Train][Epoch 16/100][Iter 130/178] lr=0.025000, loss=0.00736, top1=1.00000, top2=1.00000, top4=1.00000
[Train][Epoch 16/100][Iter 131/178] lr=0.025000, loss=0.06199, top1=1.00000, top2=1.00000, top4=1.00000
[Train][Epoch 16/100][Iter 132/178] lr=0.025000, loss=0.21897, top1=0.93750, top2=1.00000, top4=1.00000
[Train][Epoch 16/100][Iter 133/178] lr=0.025000, loss=0.11063, top1=0.93750, top2=1.00000, top4=1.00000
[Train][Epoch 16/100][Iter 134/178] lr=0.025000, loss=0.04332, top1=1.00000, top2=1.00000, top4=1.00000
[Train][Epoch 16/100][Iter 135/178] lr=0.025000, loss=0.00927, top1=1.00000, top2=1.00000, top4=1.00000
[Train][Epoch 16/100][Iter 136/178] lr=0.025000, loss=0.10863, top1=0.93750, top2=1.00000, top4=1.00000
[Train][Epoch 16/100][Iter 137/178] lr=0.025000, loss=0.02726, top1=1.00000, top2=1.00000, top4=1.00000
[Train][Epoch 16/100][Iter 138/178] lr=0.025000, loss=0.27276, top1=0.93750, top2=1.00000, top4=1.00000
[Train][Epoch 16/100][Iter 139/178] lr=0.025000, loss=0.40992, top1=0.81250, top2=1.00000, top4=1.00000
[Train][Epoch 16/100][Iter 140/178] lr=0.025000, loss=0.04719, top1=1.00000, top2=1.00000, top4=1.00000
[Train][Epoch 16/100][Iter 141/178] lr=0.025000, loss=0.00356, top1=1.00000, top2=1.00000, top4=1.00000
[Train][Epoch 16/100][Iter 142/178] lr=0.025000, loss=0.12187, top1=0.93750, top2=1.00000, top4=1.00000
[Train][Epoch 16/100][Iter 143/178] lr=0.025000, loss=0.05405, top1=1.00000, top2=1.00000, top4=1.00000
[Train][Epoch 16/100][Iter 144/178] lr=0.025000, loss=0.29712, top1=0.87500, top2=1.00000, top4=1.00000
[Train][Epoch 16/100][Iter 145/178] lr=0.025000, loss=0.02110, top1=1.00000, top2=1.00000, top4=1.00000
[Train][Epoch 16/100][Iter 146/178] lr=0.025000, loss=0.02062, top1=1.00000, top2=1.00000, top4=1.00000
[Train][Epoch 16/100][Iter 147/178] lr=0.025000, loss=0.06044, top1=1.00000, top2=1.00000, top4=1.00000
[Train][Epoch 16/100][Iter 148/178] lr=0.025000, loss=0.06110, top1=1.00000, top2=1.00000, top4=1.00000
[Train][Epoch 16/100][Iter 149/178] lr=0.025000, loss=0.02725, top1=1.00000, top2=1.00000, top4=1.00000
[Train][Epoch 16/100][Iter 150/178] lr=0.025000, loss=0.00914, top1=1.00000, top2=1.00000, top4=1.00000
[Train][Epoch 16/100][Iter 151/178] lr=0.025000, loss=0.13067, top1=0.93750, top2=1.00000, top4=1.00000
[Train][Epoch 16/100][Iter 152/178] lr=0.025000, loss=0.04742, top1=1.00000, top2=1.00000, top4=1.00000
[Train][Epoch 16/100][Iter 153/178] lr=0.025000, loss=0.06955, top1=0.93750, top2=1.00000, top4=1.00000
[Train][Epoch 16/100][Iter 154/178] lr=0.025000, loss=0.15883, top1=0.93750, top2=1.00000, top4=1.00000
[Train][Epoch 16/100][Iter 155/178] lr=0.025000, loss=0.23548, top1=0.87500, top2=1.00000, top4=1.00000
[Train][Epoch 16/100][Iter 156/178] lr=0.025000, loss=0.01839, top1=1.00000, top2=1.00000, top4=1.00000
[Train][Epoch 16/100][Iter 157/178] lr=0.025000, loss=0.03504, top1=1.00000, top2=1.00000, top4=1.00000
[Train][Epoch 16/100][Iter 158/178] lr=0.025000, loss=0.00354, top1=1.00000, top2=1.00000, top4=1.00000
[Train][Epoch 16/100][Iter 159/178] lr=0.025000, loss=0.02970, top1=1.00000, top2=1.00000, top4=1.00000
[Train][Epoch 16/100][Iter 160/178] lr=0.025000, loss=0.02149, top1=1.00000, top2=1.00000, top4=1.00000
[Train][Epoch 16/100][Iter 161/178] lr=0.025000, loss=0.06683, top1=1.00000, top2=1.00000, top4=1.00000
[Train][Epoch 16/100][Iter 162/178] lr=0.025000, loss=0.09738, top1=0.93750, top2=1.00000, top4=1.00000
[Train][Epoch 16/100][Iter 163/178] lr=0.025000, loss=0.10059, top1=0.93750, top2=1.00000, top4=1.00000
[Train][Epoch 16/100][Iter 164/178] lr=0.025000, loss=0.02959, top1=1.00000, top2=1.00000, top4=1.00000
[Train][Epoch 16/100][Iter 165/178] lr=0.025000, loss=0.25875, top1=0.93750, top2=1.00000, top4=1.00000
[Train][Epoch 16/100][Iter 166/178] lr=0.025000, loss=0.44992, top1=0.93750, top2=1.00000, top4=1.00000
[Train][Epoch 16/100][Iter 167/178] lr=0.025000, loss=0.07350, top1=0.93750, top2=1.00000, top4=1.00000
[Train][Epoch 16/100][Iter 168/178] lr=0.025000, loss=0.10235, top1=0.93750, top2=1.00000, top4=1.00000
[Train][Epoch 16/100][Iter 169/178] lr=0.025000, loss=0.03095, top1=1.00000, top2=1.00000, top4=1.00000
[Train][Epoch 16/100][Iter 170/178] lr=0.025000, loss=0.00987, top1=1.00000, top2=1.00000, top4=1.00000
[Train][Epoch 16/100][Iter 171/178] lr=0.025000, loss=0.06268, top1=0.93750, top2=1.00000, top4=1.00000
[Train][Epoch 16/100][Iter 172/178] lr=0.025000, loss=0.01459, top1=1.00000, top2=1.00000, top4=1.00000
[Train][Epoch 16/100][Iter 173/178] lr=0.025000, loss=0.02142, top1=1.00000, top2=1.00000, top4=1.00000
[Train][Epoch 16/100][Iter 174/178] lr=0.025000, loss=0.04074, top1=1.00000, top2=1.00000, top4=1.00000
[Train][Epoch 16/100][Iter 175/178] lr=0.025000, loss=0.25999, top1=0.87500, top2=1.00000, top4=1.00000
[Train][Epoch 16/100][Iter 176/178] lr=0.025000, loss=0.32803, top1=0.87500, top2=1.00000, top4=1.00000
[Train][Epoch 16/100][Iter 177/178] lr=0.025000, loss=0.00385, top1=1.00000, top2=1.00000, top4=1.00000
[Info] epoch_time=5121.3s
[Eval][Epoch 16] loss=0.18247, top1=0.94242, top2=0.99017, top4=1.00000, time=1330.3s
[Info] saved /mnt/synology/wen.zhou/2026.05/Coordinate_Attention/output/best.pt (top1=0.94242)
[Train][Epoch 17/100][Iter 0/178] lr=0.025000, loss=0.13423, top1=0.93750, top2=1.00000, top4=1.00000
[Train][Epoch 17/100][Iter 1/178] lr=0.025000, loss=0.01305, top1=1.00000, top2=1.00000, top4=1.00000
[Train][Epoch 17/100][Iter 2/178] lr=0.025000, loss=0.02978, top1=1.00000, top2=1.00000, top4=1.00000
[Train][Epoch 17/100][Iter 3/178] lr=0.025000, loss=0.00452, top1=1.00000, top2=1.00000, top4=1.00000
[Train][Epoch 17/100][Iter 4/178] lr=0.025000, loss=0.01210, top1=1.00000, top2=1.00000, top4=1.00000
[Train][Epoch 17/100][Iter 5/178] lr=0.025000, loss=0.16769, top1=0.93750, top2=1.00000, top4=1.00000
[Train][Epoch 17/100][Iter 6/178] lr=0.025000, loss=0.03386, top1=1.00000, top2=1.00000, top4=1.00000
[Train][Epoch 17/100][Iter 7/178] lr=0.025000, loss=0.03393, top1=1.00000, top2=1.00000, top4=1.00000
[Train][Epoch 17/100][Iter 8/178] lr=0.025000, loss=0.01693, top1=1.00000, top2=1.00000, top4=1.00000
[Train][Epoch 17/100][Iter 9/178] lr=0.025000, loss=0.23510, top1=0.93750, top2=1.00000, top4=1.00000
[Train][Epoch 17/100][Iter 10/178] lr=0.025000, loss=0.02168, top1=1.00000, top2=1.00000, top4=1.00000
[Train][Epoch 17/100][Iter 11/178] lr=0.025000, loss=0.14429, top1=0.93750, top2=1.00000, top4=1.00000
[Train][Epoch 17/100][Iter 12/178] lr=0.025000, loss=0.01881, top1=1.00000, top2=1.00000, top4=1.00000
[Train][Epoch 17/100][Iter 13/178] lr=0.025000, loss=0.18747, top1=0.93750, top2=0.93750, top4=1.00000
[Train][Epoch 17/100][Iter 14/178] lr=0.025000, loss=0.00993, top1=1.00000, top2=1.00000, top4=1.00000
[Train][Epoch 17/100][Iter 15/178] lr=0.025000, loss=0.02232, top1=1.00000, top2=1.00000, top4=1.00000
[Train][Epoch 17/100][Iter 16/178] lr=0.025000, loss=0.00363, top1=1.00000, top2=1.00000, top4=1.00000
[Train][Epoch 17/100][Iter 17/178] lr=0.025000, loss=0.01701, top1=1.00000, top2=1.00000, top4=1.00000
[Train][Epoch 17/100][Iter 18/178] lr=0.025000, loss=0.00917, top1=1.00000, top2=1.00000, top4=1.00000
[Train][Epoch 17/100][Iter 19/178] lr=0.025000, loss=0.05521, top1=0.93750, top2=1.00000, top4=1.00000
[Train][Epoch 17/100][Iter 20/178] lr=0.025000, loss=0.11630, top1=0.93750, top2=1.00000, top4=1.00000
[Train][Epoch 17/100][Iter 21/178] lr=0.025000, loss=0.22181, top1=0.93750, top2=1.00000, top4=1.00000
[Train][Epoch 17/100][Iter 22/178] lr=0.025000, loss=0.00837, top1=1.00000, top2=1.00000, top4=1.00000
[Train][Epoch 17/100][Iter 23/178] lr=0.025000, loss=0.03058, top1=1.00000, top2=1.00000, top4=1.00000
[Train][Epoch 17/100][Iter 24/178] lr=0.025000, loss=0.01385, top1=1.00000, top2=1.00000, top4=1.00000
[Train][Epoch 17/100][Iter 25/178] lr=0.025000, loss=0.14682, top1=1.00000, top2=1.00000, top4=1.00000
[Train][Epoch 17/100][Iter 26/178] lr=0.025000, loss=0.01382, top1=1.00000, top2=1.00000, top4=1.00000
[Train][Epoch 17/100][Iter 27/178] lr=0.025000, loss=0.05361, top1=1.00000, top2=1.00000, top4=1.00000
[Train][Epoch 17/100][Iter 28/178] lr=0.025000, loss=0.03514, top1=1.00000, top2=1.00000, top4=1.00000
[Train][Epoch 17/100][Iter 29/178] lr=0.025000, loss=0.01622, top1=1.00000, top2=1.00000, top4=1.00000
[Train][Epoch 17/100][Iter 30/178] lr=0.025000, loss=0.05671, top1=1.00000, top2=1.00000, top4=1.00000
[Train][Epoch 17/100][Iter 31/178] lr=0.025000, loss=0.02339, top1=1.00000, top2=1.00000, top4=1.00000
[Train][Epoch 17/100][Iter 32/178] lr=0.025000, loss=0.00822, top1=1.00000, top2=1.00000, top4=1.00000
[Train][Epoch 17/100][Iter 33/178] lr=0.025000, loss=0.33771, top1=0.87500, top2=1.00000, top4=1.00000
[Train][Epoch 17/100][Iter 34/178] lr=0.025000, loss=0.00578, top1=1.00000, top2=1.00000, top4=1.00000
[Train][Epoch 17/100][Iter 35/178] lr=0.025000, loss=0.02875, top1=1.00000, top2=1.00000, top4=1.00000
[Train][Epoch 17/100][Iter 36/178] lr=0.025000, loss=0.02401, top1=1.00000, top2=1.00000, top4=1.00000
[Train][Epoch 17/100][Iter 37/178] lr=0.025000, loss=0.27181, top1=0.93750, top2=1.00000, top4=1.00000
[Train][Epoch 17/100][Iter 38/178] lr=0.025000, loss=0.02843, top1=1.00000, top2=1.00000, top4=1.00000
[Train][Epoch 17/100][Iter 39/178] lr=0.025000, loss=0.36393, top1=0.93750, top2=1.00000, top4=1.00000
[Train][Epoch 17/100][Iter 40/178] lr=0.025000, loss=0.11377, top1=0.93750, top2=1.00000, top4=1.00000
[Train][Epoch 17/100][Iter 41/178] lr=0.025000, loss=0.07619, top1=0.93750, top2=1.00000, top4=1.00000
[Train][Epoch 17/100][Iter 42/178] lr=0.025000, loss=0.01361, top1=1.00000, top2=1.00000, top4=1.00000
[Train][Epoch 17/100][Iter 43/178] lr=0.025000, loss=0.02985, top1=1.00000, top2=1.00000, top4=1.00000
[Train][Epoch 17/100][Iter 44/178] lr=0.025000, loss=0.06304, top1=0.93750, top2=1.00000, top4=1.00000
[Train][Epoch 17/100][Iter 45/178] lr=0.025000, loss=0.03099, top1=1.00000, top2=1.00000, top4=1.00000
[Train][Epoch 17/100][Iter 46/178] lr=0.025000, loss=0.21569, top1=0.87500, top2=1.00000, top4=1.00000
[Train][Epoch 17/100][Iter 47/178] lr=0.025000, loss=0.02423, top1=1.00000, top2=1.00000, top4=1.00000
[Train][Epoch 17/100][Iter 48/178] lr=0.025000, loss=0.03518, top1=1.00000, top2=1.00000, top4=1.00000
[Train][Epoch 17/100][Iter 49/178] lr=0.025000, loss=0.00846, top1=1.00000, top2=1.00000, top4=1.00000
[Train][Epoch 17/100][Iter 50/178] lr=0.025000, loss=0.00268, top1=1.00000, top2=1.00000, top4=1.00000
[Train][Epoch 17/100][Iter 51/178] lr=0.025000, loss=0.22177, top1=0.93750, top2=1.00000, top4=1.00000
[Train][Epoch 17/100][Iter 52/178] lr=0.025000, loss=0.01627, top1=1.00000, top2=1.00000, top4=1.00000
[Train][Epoch 17/100][Iter 53/178] lr=0.025000, loss=0.12374, top1=0.93750, top2=1.00000, top4=1.00000
[Train][Epoch 17/100][Iter 54/178] lr=0.025000, loss=0.06898, top1=1.00000, top2=1.00000, top4=1.00000
[Train][Epoch 17/100][Iter 55/178] lr=0.025000, loss=0.01018, top1=1.00000, top2=1.00000, top4=1.00000
[Train][Epoch 17/100][Iter 56/178] lr=0.025000, loss=0.00459, top1=1.00000, top2=1.00000, top4=1.00000
[Train][Epoch 17/100][Iter 57/178] lr=0.025000, loss=0.02012, top1=1.00000, top2=1.00000, top4=1.00000
[Train][Epoch 17/100][Iter 58/178] lr=0.025000, loss=0.43177, top1=0.87500, top2=1.00000, top4=1.00000
[Train][Epoch 17/100][Iter 59/178] lr=0.025000, loss=0.01295, top1=1.00000, top2=1.00000, top4=1.00000
[Train][Epoch 17/100][Iter 60/178] lr=0.025000, loss=0.01591, top1=1.00000, top2=1.00000, top4=1.00000
[Train][Epoch 17/100][Iter 61/178] lr=0.025000, loss=0.09574, top1=0.93750, top2=1.00000, top4=1.00000
[Train][Epoch 17/100][Iter 62/178] lr=0.025000, loss=0.02613, top1=1.00000, top2=1.00000, top4=1.00000
[Train][Epoch 17/100][Iter 63/178] lr=0.025000, loss=0.01826, top1=1.00000, top2=1.00000, top4=1.00000
[Train][Epoch 17/100][Iter 64/178] lr=0.025000, loss=0.02926, top1=1.00000, top2=1.00000, top4=1.00000
[Train][Epoch 17/100][Iter 65/178] lr=0.025000, loss=0.08200, top1=0.93750, top2=1.00000, top4=1.00000
[Train][Epoch 17/100][Iter 66/178] lr=0.025000, loss=0.13119, top1=0.93750, top2=1.00000, top4=1.00000
[Train][Epoch 17/100][Iter 67/178] lr=0.025000, loss=0.08619, top1=0.93750, top2=1.00000, top4=1.00000
[Train][Epoch 17/100][Iter 68/178] lr=0.025000, loss=0.10795, top1=0.93750, top2=1.00000, top4=1.00000
[Train][Epoch 17/100][Iter 69/178] lr=0.025000, loss=0.08591, top1=0.93750, top2=1.00000, top4=1.00000
[Train][Epoch 17/100][Iter 70/178] lr=0.025000, loss=0.00930, top1=1.00000, top2=1.00000, top4=1.00000
[Train][Epoch 17/100][Iter 71/178] lr=0.025000, loss=0.01204, top1=1.00000, top2=1.00000, top4=1.00000
[Train][Epoch 17/100][Iter 72/178] lr=0.025000, loss=0.01170, top1=1.00000, top2=1.00000, top4=1.00000
[Train][Epoch 17/100][Iter 73/178] lr=0.025000, loss=0.03053, top1=1.00000, top2=1.00000, top4=1.00000
[Train][Epoch 17/100][Iter 74/178] lr=0.025000, loss=0.06820, top1=0.93750, top2=1.00000, top4=1.00000
[Train][Epoch 17/100][Iter 75/178] lr=0.025000, loss=0.02687, top1=1.00000, top2=1.00000, top4=1.00000
[Train][Epoch 17/100][Iter 76/178] lr=0.025000, loss=0.01974, top1=1.00000, top2=1.00000, top4=1.00000
[Train][Epoch 17/100][Iter 77/178] lr=0.025000, loss=0.09370, top1=0.93750, top2=1.00000, top4=1.00000
[Train][Epoch 17/100][Iter 78/178] lr=0.025000, loss=0.16724, top1=0.87500, top2=1.00000, top4=1.00000
[Train][Epoch 17/100][Iter 79/178] lr=0.025000, loss=0.22937, top1=0.93750, top2=1.00000, top4=1.00000
[Train][Epoch 17/100][Iter 80/178] lr=0.025000, loss=0.07055, top1=0.93750, top2=1.00000, top4=1.00000
[Train][Epoch 17/100][Iter 81/178] lr=0.025000, loss=0.01608, top1=1.00000, top2=1.00000, top4=1.00000
[Train][Epoch 17/100][Iter 82/178] lr=0.025000, loss=0.00369, top1=1.00000, top2=1.00000, top4=1.00000
[Train][Epoch 17/100][Iter 83/178] lr=0.025000, loss=0.27762, top1=0.81250, top2=1.00000, top4=1.00000
[Train][Epoch 17/100][Iter 84/178] lr=0.025000, loss=0.00382, top1=1.00000, top2=1.00000, top4=1.00000
[Train][Epoch 17/100][Iter 85/178] lr=0.025000, loss=0.12876, top1=0.93750, top2=1.00000, top4=1.00000
[Train][Epoch 17/100][Iter 86/178] lr=0.025000, loss=0.13077, top1=0.93750, top2=1.00000, top4=1.00000
[Train][Epoch 17/100][Iter 87/178] lr=0.025000, loss=0.05237, top1=1.00000, top2=1.00000, top4=1.00000
[Train][Epoch 17/100][Iter 88/178] lr=0.025000, loss=0.14893, top1=0.93750, top2=1.00000, top4=1.00000
[Train][Epoch 17/100][Iter 89/178] lr=0.025000, loss=0.34986, top1=0.93750, top2=1.00000, top4=1.00000
[Train][Epoch 17/100][Iter 90/178] lr=0.025000, loss=0.04284, top1=1.00000, top2=1.00000, top4=1.00000
[Train][Epoch 17/100][Iter 91/178] lr=0.025000, loss=0.01969, top1=1.00000, top2=1.00000, top4=1.00000
[Train][Epoch 17/100][Iter 92/178] lr=0.025000, loss=0.06052, top1=1.00000, top2=1.00000, top4=1.00000
[Train][Epoch 17/100][Iter 93/178] lr=0.025000, loss=0.02683, top1=1.00000, top2=1.00000, top4=1.00000
[Train][Epoch 17/100][Iter 94/178] lr=0.025000, loss=0.04061, top1=1.00000, top2=1.00000, top4=1.00000
[Train][Epoch 17/100][Iter 95/178] lr=0.025000, loss=0.08142, top1=0.93750, top2=1.00000, top4=1.00000
[Train][Epoch 17/100][Iter 96/178] lr=0.025000, loss=0.01991, top1=1.00000, top2=1.00000, top4=1.00000
[Train][Epoch 17/100][Iter 97/178] lr=0.025000, loss=0.05727, top1=1.00000, top2=1.00000, top4=1.00000
[Train][Epoch 17/100][Iter 98/178] lr=0.025000, loss=0.04498, top1=1.00000, top2=1.00000, top4=1.00000
[Train][Epoch 17/100][Iter 99/178] lr=0.025000, loss=0.07734, top1=0.93750, top2=1.00000, top4=1.00000
[Train][Epoch 17/100][Iter 100/178] lr=0.025000, loss=0.14429, top1=0.87500, top2=1.00000, top4=1.00000
[Train][Epoch 17/100][Iter 101/178] lr=0.025000, loss=0.05588, top1=1.00000, top2=1.00000, top4=1.00000
[Train][Epoch 17/100][Iter 102/178] lr=0.025000, loss=0.01082, top1=1.00000, top2=1.00000, top4=1.00000
[Train][Epoch 17/100][Iter 103/178] lr=0.025000, loss=0.01375, top1=1.00000, top2=1.00000, top4=1.00000
[Train][Epoch 17/100][Iter 104/178] lr=0.025000, loss=0.04449, top1=1.00000, top2=1.00000, top4=1.00000
[Train][Epoch 17/100][Iter 105/178] lr=0.025000, loss=0.32098, top1=0.87500, top2=1.00000, top4=1.00000
[Train][Epoch 17/100][Iter 106/178] lr=0.025000, loss=0.19112, top1=0.87500, top2=1.00000, top4=1.00000
[Train][Epoch 17/100][Iter 107/178] lr=0.025000, loss=0.40092, top1=0.81250, top2=1.00000, top4=1.00000
[Train][Epoch 17/100][Iter 108/178] lr=0.025000, loss=0.01816, top1=1.00000, top2=1.00000, top4=1.00000
[Train][Epoch 17/100][Iter 109/178] lr=0.025000, loss=0.20870, top1=0.93750, top2=1.00000, top4=1.00000
[Train][Epoch 17/100][Iter 110/178] lr=0.025000, loss=0.01756, top1=1.00000, top2=1.00000, top4=1.00000
[Train][Epoch 17/100][Iter 111/178] lr=0.025000, loss=0.05764, top1=0.93750, top2=1.00000, top4=1.00000
[Train][Epoch 17/100][Iter 112/178] lr=0.025000, loss=0.69177, top1=0.87500, top2=1.00000, top4=1.00000
[Train][Epoch 17/100][Iter 113/178] lr=0.025000, loss=0.02715, top1=1.00000, top2=1.00000, top4=1.00000
[Train][Epoch 17/100][Iter 114/178] lr=0.025000, loss=0.13888, top1=0.93750, top2=1.00000, top4=1.00000
[Train][Epoch 17/100][Iter 115/178] lr=0.025000, loss=0.05207, top1=1.00000, top2=1.00000, top4=1.00000
[Train][Epoch 17/100][Iter 116/178] lr=0.025000, loss=0.02280, top1=1.00000, top2=1.00000, top4=1.00000
[Train][Epoch 17/100][Iter 117/178] lr=0.025000, loss=0.00176, top1=1.00000, top2=1.00000, top4=1.00000
[Train][Epoch 17/100][Iter 118/178] lr=0.025000, loss=0.02127, top1=1.00000, top2=1.00000, top4=1.00000
[Train][Epoch 17/100][Iter 119/178] lr=0.025000, loss=0.35243, top1=0.93750, top2=1.00000, top4=1.00000
[Train][Epoch 17/100][Iter 120/178] lr=0.025000, loss=0.05578, top1=1.00000, top2=1.00000, top4=1.00000
[Train][Epoch 17/100][Iter 121/178] lr=0.025000, loss=0.80782, top1=0.87500, top2=1.00000, top4=1.00000
[Train][Epoch 17/100][Iter 122/178] lr=0.025000, loss=0.09467, top1=0.93750, top2=1.00000, top4=1.00000
[Train][Epoch 17/100][Iter 123/178] lr=0.025000, loss=0.01230, top1=1.00000, top2=1.00000, top4=1.00000
[Train][Epoch 17/100][Iter 124/178] lr=0.025000, loss=0.00796, top1=1.00000, top2=1.00000, top4=1.00000
[Train][Epoch 17/100][Iter 125/178] lr=0.025000, loss=0.32502, top1=0.87500, top2=1.00000, top4=1.00000
[Train][Epoch 17/100][Iter 126/178] lr=0.025000, loss=0.00673, top1=1.00000, top2=1.00000, top4=1.00000
[Train][Epoch 17/100][Iter 127/178] lr=0.025000, loss=0.00457, top1=1.00000, top2=1.00000, top4=1.00000
[Train][Epoch 17/100][Iter 128/178] lr=0.025000, loss=0.16334, top1=0.93750, top2=0.93750, top4=1.00000
[Train][Epoch 17/100][Iter 129/178] lr=0.025000, loss=0.02841, top1=1.00000, top2=1.00000, top4=1.00000
[Train][Epoch 17/100][Iter 130/178] lr=0.025000, loss=0.08162, top1=0.93750, top2=1.00000, top4=1.00000
[Train][Epoch 17/100][Iter 131/178] lr=0.025000, loss=0.04025, top1=1.00000, top2=1.00000, top4=1.00000
[Train][Epoch 17/100][Iter 132/178] lr=0.025000, loss=0.07333, top1=1.00000, top2=1.00000, top4=1.00000
[Train][Epoch 17/100][Iter 133/178] lr=0.025000, loss=0.02388, top1=1.00000, top2=1.00000, top4=1.00000
[Train][Epoch 17/100][Iter 134/178] lr=0.025000, loss=0.08033, top1=0.93750, top2=1.00000, top4=1.00000
[Train][Epoch 17/100][Iter 135/178] lr=0.025000, loss=0.19383, top1=0.93750, top2=1.00000, top4=1.00000
[Train][Epoch 17/100][Iter 136/178] lr=0.025000, loss=0.01883, top1=1.00000, top2=1.00000, top4=1.00000
[Train][Epoch 17/100][Iter 137/178] lr=0.025000, loss=0.01014, top1=1.00000, top2=1.00000, top4=1.00000
[Train][Epoch 17/100][Iter 138/178] lr=0.025000, loss=0.15095, top1=0.93750, top2=1.00000, top4=1.00000
[Train][Epoch 17/100][Iter 139/178] lr=0.025000, loss=0.06938, top1=0.93750, top2=1.00000, top4=1.00000
[Train][Epoch 17/100][Iter 140/178] lr=0.025000, loss=0.08339, top1=1.00000, top2=1.00000, top4=1.00000
[Train][Epoch 17/100][Iter 141/178] lr=0.025000, loss=0.01670, top1=1.00000, top2=1.00000, top4=1.00000
[Train][Epoch 17/100][Iter 142/178] lr=0.025000, loss=0.02445, top1=1.00000, top2=1.00000, top4=1.00000
[Train][Epoch 17/100][Iter 143/178] lr=0.025000, loss=0.10865, top1=0.93750, top2=1.00000, top4=1.00000
[Train][Epoch 17/100][Iter 144/178] lr=0.025000, loss=0.00949, top1=1.00000, top2=1.00000, top4=1.00000
[Train][Epoch 17/100][Iter 145/178] lr=0.025000, loss=0.12395, top1=0.93750, top2=1.00000, top4=1.00000
[Train][Epoch 17/100][Iter 146/178] lr=0.025000, loss=0.02965, top1=1.00000, top2=1.00000, top4=1.00000
[Train][Epoch 17/100][Iter 147/178] lr=0.025000, loss=0.06961, top1=0.93750, top2=1.00000, top4=1.00000
[Train][Epoch 17/100][Iter 148/178] lr=0.025000, loss=0.05066, top1=1.00000, top2=1.00000, top4=1.00000
[Train][Epoch 17/100][Iter 149/178] lr=0.025000, loss=0.11963, top1=1.00000, top2=1.00000, top4=1.00000
[Train][Epoch 17/100][Iter 150/178] lr=0.025000, loss=0.06673, top1=1.00000, top2=1.00000, top4=1.00000
[Train][Epoch 17/100][Iter 151/178] lr=0.025000, loss=0.16812, top1=0.87500, top2=1.00000, top4=1.00000
[Train][Epoch 17/100][Iter 152/178] lr=0.025000, loss=0.01916, top1=1.00000, top2=1.00000, top4=1.00000
[Train][Epoch 17/100][Iter 153/178] lr=0.025000, loss=0.12590, top1=0.93750, top2=1.00000, top4=1.00000
[Train][Epoch 17/100][Iter 154/178] lr=0.025000, loss=0.01902, top1=1.00000, top2=1.00000, top4=1.00000
[Train][Epoch 17/100][Iter 155/178] lr=0.025000, loss=0.58332, top1=0.87500, top2=1.00000, top4=1.00000
[Train][Epoch 17/100][Iter 156/178] lr=0.025000, loss=0.09831, top1=0.93750, top2=1.00000, top4=1.00000
[Train][Epoch 17/100][Iter 157/178] lr=0.025000, loss=0.03249, top1=1.00000, top2=1.00000, top4=1.00000
[Train][Epoch 17/100][Iter 158/178] lr=0.025000, loss=0.15997, top1=0.93750, top2=1.00000, top4=1.00000
[Train][Epoch 17/100][Iter 159/178] lr=0.025000, loss=0.16779, top1=0.93750, top2=1.00000, top4=1.00000
[Train][Epoch 17/100][Iter 160/178] lr=0.025000, loss=0.00953, top1=1.00000, top2=1.00000, top4=1.00000
[Train][Epoch 17/100][Iter 161/178] lr=0.025000, loss=0.06633, top1=0.93750, top2=1.00000, top4=1.00000
[Train][Epoch 17/100][Iter 162/178] lr=0.025000, loss=0.13169, top1=0.87500, top2=1.00000, top4=1.00000
[Train][Epoch 17/100][Iter 163/178] lr=0.025000, loss=0.02147, top1=1.00000, top2=1.00000, top4=1.00000
[Train][Epoch 17/100][Iter 164/178] lr=0.025000, loss=0.02731, top1=1.00000, top2=1.00000, top4=1.00000
[Train][Epoch 17/100][Iter 165/178] lr=0.025000, loss=0.09204, top1=1.00000, top2=1.00000, top4=1.00000
[Train][Epoch 17/100][Iter 166/178] lr=0.025000, loss=0.02264, top1=1.00000, top2=1.00000, top4=1.00000
[Train][Epoch 17/100][Iter 167/178] lr=0.025000, loss=0.14047, top1=0.93750, top2=1.00000, top4=1.00000
[Train][Epoch 17/100][Iter 168/178] lr=0.025000, loss=0.00775, top1=1.00000, top2=1.00000, top4=1.00000
[Train][Epoch 17/100][Iter 169/178] lr=0.025000, loss=0.03150, top1=1.00000, top2=1.00000, top4=1.00000
[Train][Epoch 17/100][Iter 170/178] lr=0.025000, loss=0.02085, top1=1.00000, top2=1.00000, top4=1.00000
[Train][Epoch 17/100][Iter 171/178] lr=0.025000, loss=0.02960, top1=1.00000, top2=1.00000, top4=1.00000
[Train][Epoch 17/100][Iter 172/178] lr=0.025000, loss=0.00448, top1=1.00000, top2=1.00000, top4=1.00000
[Train][Epoch 17/100][Iter 173/178] lr=0.025000, loss=0.29211, top1=0.87500, top2=0.93750, top4=1.00000
[Train][Epoch 17/100][Iter 174/178] lr=0.025000, loss=0.14355, top1=0.93750, top2=1.00000, top4=1.00000
[Train][Epoch 17/100][Iter 175/178] lr=0.025000, loss=0.15981, top1=0.87500, top2=1.00000, top4=1.00000
[Train][Epoch 17/100][Iter 176/178] lr=0.025000, loss=0.01870, top1=1.00000, top2=1.00000, top4=1.00000
[Train][Epoch 17/100][Iter 177/178] lr=0.025000, loss=0.01000, top1=1.00000, top2=1.00000, top4=1.00000
[Info] epoch_time=5135.1s
[Eval][Epoch 17] loss=0.18447, top1=0.92556, top2=0.99438, top4=1.00000, time=1309.5s
[Train][Epoch 18/100][Iter 0/178] lr=0.025000, loss=0.00402, top1=1.00000, top2=1.00000, top4=1.00000
[Train][Epoch 18/100][Iter 1/178] lr=0.025000, loss=0.09224, top1=0.93750, top2=1.00000, top4=1.00000
[Train][Epoch 18/100][Iter 2/178] lr=0.025000, loss=0.08484, top1=0.93750, top2=1.00000, top4=1.00000
[Train][Epoch 18/100][Iter 3/178] lr=0.025000, loss=0.13503, top1=0.93750, top2=1.00000, top4=1.00000
[Train][Epoch 18/100][Iter 4/178] lr=0.025000, loss=0.22554, top1=0.93750, top2=1.00000, top4=1.00000
[Train][Epoch 18/100][Iter 5/178] lr=0.025000, loss=0.05809, top1=0.93750, top2=1.00000, top4=1.00000
[Train][Epoch 18/100][Iter 6/178] lr=0.025000, loss=0.01674, top1=1.00000, top2=1.00000, top4=1.00000
[Train][Epoch 18/100][Iter 7/178] lr=0.025000, loss=0.05924, top1=1.00000, top2=1.00000, top4=1.00000
[Train][Epoch 18/100][Iter 8/178] lr=0.025000, loss=0.07856, top1=0.93750, top2=1.00000, top4=1.00000
[Train][Epoch 18/100][Iter 9/178] lr=0.025000, loss=0.10940, top1=0.93750, top2=1.00000, top4=1.00000
[Train][Epoch 18/100][Iter 10/178] lr=0.025000, loss=0.02754, top1=1.00000, top2=1.00000, top4=1.00000
[Train][Epoch 18/100][Iter 11/178] lr=0.025000, loss=0.07686, top1=0.93750, top2=1.00000, top4=1.00000
[Train][Epoch 18/100][Iter 12/178] lr=0.025000, loss=0.10196, top1=0.93750, top2=1.00000, top4=1.00000
[Train][Epoch 18/100][Iter 13/178] lr=0.025000, loss=0.01102, top1=1.00000, top2=1.00000, top4=1.00000
[Train][Epoch 18/100][Iter 14/178] lr=0.025000, loss=0.02695, top1=1.00000, top2=1.00000, top4=1.00000
[Train][Epoch 18/100][Iter 15/178] lr=0.025000, loss=0.20815, top1=0.87500, top2=1.00000, top4=1.00000
[Train][Epoch 18/100][Iter 16/178] lr=0.025000, loss=0.24378, top1=0.93750, top2=1.00000, top4=1.00000
[Train][Epoch 18/100][Iter 17/178] lr=0.025000, loss=0.02365, top1=1.00000, top2=1.00000, top4=1.00000
[Train][Epoch 18/100][Iter 18/178] lr=0.025000, loss=0.00899, top1=1.00000, top2=1.00000, top4=1.00000
[Train][Epoch 18/100][Iter 19/178] lr=0.025000, loss=0.07064, top1=0.93750, top2=1.00000, top4=1.00000
[Train][Epoch 18/100][Iter 20/178] lr=0.025000, loss=0.06217, top1=0.93750, top2=1.00000, top4=1.00000
[Train][Epoch 18/100][Iter 21/178] lr=0.025000, loss=0.06662, top1=0.93750, top2=1.00000, top4=1.00000
[Train][Epoch 18/100][Iter 22/178] lr=0.025000, loss=0.13606, top1=0.93750, top2=1.00000, top4=1.00000
[Train][Epoch 18/100][Iter 23/178] lr=0.025000, loss=0.06803, top1=1.00000, top2=1.00000, top4=1.00000
[Train][Epoch 18/100][Iter 24/178] lr=0.025000, loss=0.02092, top1=1.00000, top2=1.00000, top4=1.00000
[Train][Epoch 18/100][Iter 25/178] lr=0.025000, loss=0.01590, top1=1.00000, top2=1.00000, top4=1.00000
[Train][Epoch 18/100][Iter 26/178] lr=0.025000, loss=0.02895, top1=1.00000, top2=1.00000, top4=1.00000
[Train][Epoch 18/100][Iter 27/178] lr=0.025000, loss=0.02032, top1=1.00000, top2=1.00000, top4=1.00000
[Train][Epoch 18/100][Iter 28/178] lr=0.025000, loss=0.00335, top1=1.00000, top2=1.00000, top4=1.00000
[Train][Epoch 18/100][Iter 29/178] lr=0.025000, loss=0.29012, top1=0.87500, top2=1.00000, top4=1.00000
[Train][Epoch 18/100][Iter 30/178] lr=0.025000, loss=0.02910, top1=1.00000, top2=1.00000, top4=1.00000
[Train][Epoch 18/100][Iter 31/178] lr=0.025000, loss=0.00975, top1=1.00000, top2=1.00000, top4=1.00000
[Train][Epoch 18/100][Iter 32/178] lr=0.025000, loss=0.26222, top1=0.93750, top2=1.00000, top4=1.00000
[Train][Epoch 18/100][Iter 33/178] lr=0.025000, loss=0.01830, top1=1.00000, top2=1.00000, top4=1.00000
[Train][Epoch 18/100][Iter 34/178] lr=0.025000, loss=0.00618, top1=1.00000, top2=1.00000, top4=1.00000
[Train][Epoch 18/100][Iter 35/178] lr=0.025000, loss=0.02034, top1=1.00000, top2=1.00000, top4=1.00000
[Train][Epoch 18/100][Iter 36/178] lr=0.025000, loss=0.15482, top1=0.87500, top2=1.00000, top4=1.00000
[Train][Epoch 18/100][Iter 37/178] lr=0.025000, loss=0.00981, top1=1.00000, top2=1.00000, top4=1.00000
[Train][Epoch 18/100][Iter 38/178] lr=0.025000, loss=0.04191, top1=1.00000, top2=1.00000, top4=1.00000
[Train][Epoch 18/100][Iter 39/178] lr=0.025000, loss=0.21397, top1=0.93750, top2=1.00000, top4=1.00000
[Train][Epoch 18/100][Iter 40/178] lr=0.025000, loss=0.01148, top1=1.00000, top2=1.00000, top4=1.00000
[Train][Epoch 18/100][Iter 41/178] lr=0.025000, loss=0.01133, top1=1.00000, top2=1.00000, top4=1.00000
[Train][Epoch 18/100][Iter 42/178] lr=0.025000, loss=0.07482, top1=0.93750, top2=1.00000, top4=1.00000
[Train][Epoch 18/100][Iter 43/178] lr=0.025000, loss=0.02479, top1=1.00000, top2=1.00000, top4=1.00000
[Train][Epoch 18/100][Iter 44/178] lr=0.025000, loss=0.36897, top1=0.93750, top2=1.00000, top4=1.00000
[Train][Epoch 18/100][Iter 45/178] lr=0.025000, loss=0.00346, top1=1.00000, top2=1.00000, top4=1.00000
[Train][Epoch 18/100][Iter 46/178] lr=0.025000, loss=0.05918, top1=1.00000, top2=1.00000, top4=1.00000
[Train][Epoch 18/100][Iter 47/178] lr=0.025000, loss=0.01919, top1=1.00000, top2=1.00000, top4=1.00000
[Train][Epoch 18/100][Iter 48/178] lr=0.025000, loss=0.04125, top1=1.00000, top2=1.00000, top4=1.00000
[Train][Epoch 18/100][Iter 49/178] lr=0.025000, loss=0.00225, top1=1.00000, top2=1.00000, top4=1.00000
[Train][Epoch 18/100][Iter 50/178] lr=0.025000, loss=0.01952, top1=1.00000, top2=1.00000, top4=1.00000
[Train][Epoch 18/100][Iter 51/178] lr=0.025000, loss=0.09119, top1=0.93750, top2=1.00000, top4=1.00000
[Train][Epoch 18/100][Iter 52/178] lr=0.025000, loss=0.00847, top1=1.00000, top2=1.00000, top4=1.00000
[Train][Epoch 18/100][Iter 53/178] lr=0.025000, loss=0.13069, top1=0.93750, top2=1.00000, top4=1.00000
[Train][Epoch 18/100][Iter 54/178] lr=0.025000, loss=0.03611, top1=1.00000, top2=1.00000, top4=1.00000
[Train][Epoch 18/100][Iter 55/178] lr=0.025000, loss=0.03611, top1=1.00000, top2=1.00000, top4=1.00000
[Train][Epoch 18/100][Iter 56/178] lr=0.025000, loss=0.13591, top1=0.93750, top2=1.00000, top4=1.00000
[Train][Epoch 18/100][Iter 57/178] lr=0.025000, loss=0.13201, top1=0.93750, top2=1.00000, top4=1.00000
[Train][Epoch 18/100][Iter 58/178] lr=0.025000, loss=0.00827, top1=1.00000, top2=1.00000, top4=1.00000
[Train][Epoch 18/100][Iter 59/178] lr=0.025000, loss=0.15582, top1=0.93750, top2=1.00000, top4=1.00000
[Train][Epoch 18/100][Iter 60/178] lr=0.025000, loss=0.05450, top1=1.00000, top2=1.00000, top4=1.00000
[Train][Epoch 18/100][Iter 61/178] lr=0.025000, loss=0.01610, top1=1.00000, top2=1.00000, top4=1.00000
[Train][Epoch 18/100][Iter 62/178] lr=0.025000, loss=0.13338, top1=0.87500, top2=1.00000, top4=1.00000
[Train][Epoch 18/100][Iter 63/178] lr=0.025000, loss=0.05425, top1=1.00000, top2=1.00000, top4=1.00000
[Train][Epoch 18/100][Iter 64/178] lr=0.025000, loss=0.00311, top1=1.00000, top2=1.00000, top4=1.00000
[Train][Epoch 18/100][Iter 65/178] lr=0.025000, loss=0.00391, top1=1.00000, top2=1.00000, top4=1.00000
[Train][Epoch 18/100][Iter 66/178] lr=0.025000, loss=0.00780, top1=1.00000, top2=1.00000, top4=1.00000
[Train][Epoch 18/100][Iter 67/178] lr=0.025000, loss=0.17123, top1=0.93750, top2=1.00000, top4=1.00000
[Train][Epoch 18/100][Iter 68/178] lr=0.025000, loss=0.01912, top1=1.00000, top2=1.00000, top4=1.00000
[Train][Epoch 18/100][Iter 69/178] lr=0.025000, loss=0.01454, top1=1.00000, top2=1.00000, top4=1.00000
[Train][Epoch 18/100][Iter 70/178] lr=0.025000, loss=0.03153, top1=1.00000, top2=1.00000, top4=1.00000
[Train][Epoch 18/100][Iter 71/178] lr=0.025000, loss=0.01351, top1=1.00000, top2=1.00000, top4=1.00000
[Train][Epoch 18/100][Iter 72/178] lr=0.025000, loss=0.00422, top1=1.00000, top2=1.00000, top4=1.00000
[Train][Epoch 18/100][Iter 73/178] lr=0.025000, loss=0.00103, top1=1.00000, top2=1.00000, top4=1.00000
[Train][Epoch 18/100][Iter 74/178] lr=0.025000, loss=0.00644, top1=1.00000, top2=1.00000, top4=1.00000
[Train][Epoch 18/100][Iter 75/178] lr=0.025000, loss=0.00612, top1=1.00000, top2=1.00000, top4=1.00000
[Train][Epoch 18/100][Iter 76/178] lr=0.025000, loss=0.05467, top1=1.00000, top2=1.00000, top4=1.00000
[Train][Epoch 18/100][Iter 77/178] lr=0.025000, loss=0.33549, top1=0.93750, top2=1.00000, top4=1.00000
[Train][Epoch 18/100][Iter 78/178] lr=0.025000, loss=0.25603, top1=0.87500, top2=1.00000, top4=1.00000
[Train][Epoch 18/100][Iter 79/178] lr=0.025000, loss=0.10492, top1=0.93750, top2=1.00000, top4=1.00000
[Train][Epoch 18/100][Iter 80/178] lr=0.025000, loss=0.04383, top1=1.00000, top2=1.00000, top4=1.00000
[Train][Epoch 18/100][Iter 81/178] lr=0.025000, loss=0.02525, top1=1.00000, top2=1.00000, top4=1.00000
[Train][Epoch 18/100][Iter 82/178] lr=0.025000, loss=0.16057, top1=0.87500, top2=1.00000, top4=1.00000
[Train][Epoch 18/100][Iter 83/178] lr=0.025000, loss=0.06065, top1=0.93750, top2=1.00000, top4=1.00000
[Train][Epoch 18/100][Iter 84/178] lr=0.025000, loss=0.08609, top1=0.93750, top2=1.00000, top4=1.00000
[Train][Epoch 18/100][Iter 85/178] lr=0.025000, loss=0.11808, top1=0.93750, top2=1.00000, top4=1.00000
[Train][Epoch 18/100][Iter 86/178] lr=0.025000, loss=0.01148, top1=1.00000, top2=1.00000, top4=1.00000
[Train][Epoch 18/100][Iter 87/178] lr=0.025000, loss=0.03600, top1=1.00000, top2=1.00000, top4=1.00000
[Train][Epoch 18/100][Iter 88/178] lr=0.025000, loss=0.00898, top1=1.00000, top2=1.00000, top4=1.00000
[Train][Epoch 18/100][Iter 89/178] lr=0.025000, loss=0.00782, top1=1.00000, top2=1.00000, top4=1.00000
[Train][Epoch 18/100][Iter 90/178] lr=0.025000, loss=0.01283, top1=1.00000, top2=1.00000, top4=1.00000
[Train][Epoch 18/100][Iter 91/178] lr=0.025000, loss=0.03359, top1=1.00000, top2=1.00000, top4=1.00000
[Train][Epoch 18/100][Iter 92/178] lr=0.025000, loss=0.40102, top1=0.87500, top2=1.00000, top4=1.00000
[Train][Epoch 18/100][Iter 93/178] lr=0.025000, loss=0.02244, top1=1.00000, top2=1.00000, top4=1.00000
[Train][Epoch 18/100][Iter 94/178] lr=0.025000, loss=0.01897, top1=1.00000, top2=1.00000, top4=1.00000
[Train][Epoch 18/100][Iter 95/178] lr=0.025000, loss=0.00422, top1=1.00000, top2=1.00000, top4=1.00000
[Train][Epoch 18/100][Iter 96/178] lr=0.025000, loss=0.01076, top1=1.00000, top2=1.00000, top4=1.00000
[Train][Epoch 18/100][Iter 97/178] lr=0.025000, loss=0.06826, top1=1.00000, top2=1.00000, top4=1.00000
[Train][Epoch 18/100][Iter 98/178] lr=0.025000, loss=0.02364, top1=1.00000, top2=1.00000, top4=1.00000
[Train][Epoch 18/100][Iter 99/178] lr=0.025000, loss=0.18085, top1=0.93750, top2=1.00000, top4=1.00000
[Train][Epoch 18/100][Iter 100/178] lr=0.025000, loss=0.23957, top1=0.93750, top2=1.00000, top4=1.00000
[Train][Epoch 18/100][Iter 101/178] lr=0.025000, loss=0.14551, top1=0.93750, top2=1.00000, top4=1.00000
[Train][Epoch 18/100][Iter 102/178] lr=0.025000, loss=0.25242, top1=0.93750, top2=1.00000, top4=1.00000
[Train][Epoch 18/100][Iter 103/178] lr=0.025000, loss=0.00570, top1=1.00000, top2=1.00000, top4=1.00000
[Train][Epoch 18/100][Iter 104/178] lr=0.025000, loss=0.10933, top1=0.93750, top2=1.00000, top4=1.00000
[Train][Epoch 18/100][Iter 105/178] lr=0.025000, loss=0.07918, top1=0.93750, top2=1.00000, top4=1.00000
[Train][Epoch 18/100][Iter 106/178] lr=0.025000, loss=0.01000, top1=1.00000, top2=1.00000, top4=1.00000
[Train][Epoch 18/100][Iter 107/178] lr=0.025000, loss=0.08838, top1=0.93750, top2=1.00000, top4=1.00000
[Train][Epoch 18/100][Iter 108/178] lr=0.025000, loss=0.01730, top1=1.00000, top2=1.00000, top4=1.00000
[Train][Epoch 18/100][Iter 109/178] lr=0.025000, loss=0.50113, top1=0.87500, top2=0.93750, top4=1.00000
[Train][Epoch 18/100][Iter 110/178] lr=0.025000, loss=0.04209, top1=1.00000, top2=1.00000, top4=1.00000
[Train][Epoch 18/100][Iter 111/178] lr=0.025000, loss=0.04050, top1=1.00000, top2=1.00000, top4=1.00000
[Train][Epoch 18/100][Iter 112/178] lr=0.025000, loss=0.01908, top1=1.00000, top2=1.00000, top4=1.00000
[Train][Epoch 18/100][Iter 113/178] lr=0.025000, loss=0.04181, top1=1.00000, top2=1.00000, top4=1.00000
[Train][Epoch 18/100][Iter 114/178] lr=0.025000, loss=0.00473, top1=1.00000, top2=1.00000, top4=1.00000
[Train][Epoch 18/100][Iter 115/178] lr=0.025000, loss=0.00123, top1=1.00000, top2=1.00000, top4=1.00000
[Train][Epoch 18/100][Iter 116/178] lr=0.025000, loss=0.00520, top1=1.00000, top2=1.00000, top4=1.00000
[Train][Epoch 18/100][Iter 117/178] lr=0.025000, loss=0.27156, top1=0.87500, top2=1.00000, top4=1.00000
[Train][Epoch 18/100][Iter 118/178] lr=0.025000, loss=0.12978, top1=0.93750, top2=1.00000, top4=1.00000
[Train][Epoch 18/100][Iter 119/178] lr=0.025000, loss=0.22212, top1=0.93750, top2=1.00000, top4=1.00000
[Train][Epoch 18/100][Iter 120/178] lr=0.025000, loss=0.00572, top1=1.00000, top2=1.00000, top4=1.00000
[Train][Epoch 18/100][Iter 121/178] lr=0.025000, loss=0.00931, top1=1.00000, top2=1.00000, top4=1.00000
[Train][Epoch 18/100][Iter 122/178] lr=0.025000, loss=0.01148, top1=1.00000, top2=1.00000, top4=1.00000
[Train][Epoch 18/100][Iter 123/178] lr=0.025000, loss=0.00479, top1=1.00000, top2=1.00000, top4=1.00000
[Train][Epoch 18/100][Iter 124/178] lr=0.025000, loss=0.09868, top1=0.93750, top2=1.00000, top4=1.00000
[Train][Epoch 18/100][Iter 125/178] lr=0.025000, loss=0.21929, top1=0.93750, top2=1.00000, top4=1.00000
[Train][Epoch 18/100][Iter 126/178] lr=0.025000, loss=0.30796, top1=0.93750, top2=0.93750, top4=1.00000
[Train][Epoch 18/100][Iter 127/178] lr=0.025000, loss=0.00731, top1=1.00000, top2=1.00000, top4=1.00000
[Train][Epoch 18/100][Iter 128/178] lr=0.025000, loss=0.00439, top1=1.00000, top2=1.00000, top4=1.00000
[Train][Epoch 18/100][Iter 129/178] lr=0.025000, loss=0.00454, top1=1.00000, top2=1.00000, top4=1.00000
[Train][Epoch 18/100][Iter 130/178] lr=0.025000, loss=0.04005, top1=1.00000, top2=1.00000, top4=1.00000
[Train][Epoch 18/100][Iter 131/178] lr=0.025000, loss=0.01458, top1=1.00000, top2=1.00000, top4=1.00000
[Train][Epoch 18/100][Iter 132/178] lr=0.025000, loss=0.01031, top1=1.00000, top2=1.00000, top4=1.00000
[Train][Epoch 18/100][Iter 133/178] lr=0.025000, loss=0.03407, top1=1.00000, top2=1.00000, top4=1.00000
[Train][Epoch 18/100][Iter 134/178] lr=0.025000, loss=0.01173, top1=1.00000, top2=1.00000, top4=1.00000
[Train][Epoch 18/100][Iter 135/178] lr=0.025000, loss=0.11810, top1=0.93750, top2=1.00000, top4=1.00000
[Train][Epoch 18/100][Iter 136/178] lr=0.025000, loss=0.11152, top1=0.93750, top2=1.00000, top4=1.00000
[Train][Epoch 18/100][Iter 137/178] lr=0.025000, loss=0.02043, top1=1.00000, top2=1.00000, top4=1.00000
[Train][Epoch 18/100][Iter 138/178] lr=0.025000, loss=0.09744, top1=0.93750, top2=1.00000, top4=1.00000
[Train][Epoch 18/100][Iter 139/178] lr=0.025000, loss=0.10865, top1=0.93750, top2=1.00000, top4=1.00000
[Train][Epoch 18/100][Iter 140/178] lr=0.025000, loss=0.03568, top1=1.00000, top2=1.00000, top4=1.00000
[Train][Epoch 18/100][Iter 141/178] lr=0.025000, loss=0.00348, top1=1.00000, top2=1.00000, top4=1.00000
[Train][Epoch 18/100][Iter 142/178] lr=0.025000, loss=0.07708, top1=0.93750, top2=1.00000, top4=1.00000
[Train][Epoch 18/100][Iter 143/178] lr=0.025000, loss=0.01841, top1=1.00000, top2=1.00000, top4=1.00000
[Train][Epoch 18/100][Iter 144/178] lr=0.025000, loss=0.07680, top1=1.00000, top2=1.00000, top4=1.00000
[Train][Epoch 18/100][Iter 145/178] lr=0.025000, loss=0.26597, top1=0.87500, top2=1.00000, top4=1.00000
[Train][Epoch 18/100][Iter 146/178] lr=0.025000, loss=0.00672, top1=1.00000, top2=1.00000, top4=1.00000
[Train][Epoch 18/100][Iter 147/178] lr=0.025000, loss=0.01331, top1=1.00000, top2=1.00000, top4=1.00000
[Train][Epoch 18/100][Iter 148/178] lr=0.025000, loss=0.09017, top1=0.93750, top2=1.00000, top4=1.00000
[Train][Epoch 18/100][Iter 149/178] lr=0.025000, loss=0.00281, top1=1.00000, top2=1.00000, top4=1.00000
[Train][Epoch 18/100][Iter 150/178] lr=0.025000, loss=0.04672, top1=1.00000, top2=1.00000, top4=1.00000
[Train][Epoch 18/100][Iter 151/178] lr=0.025000, loss=0.05428, top1=0.93750, top2=1.00000, top4=1.00000
[Train][Epoch 18/100][Iter 152/178] lr=0.025000, loss=0.01083, top1=1.00000, top2=1.00000, top4=1.00000
[Train][Epoch 18/100][Iter 153/178] lr=0.025000, loss=0.07883, top1=1.00000, top2=1.00000, top4=1.00000
[Train][Epoch 18/100][Iter 154/178] lr=0.025000, loss=0.02900, top1=1.00000, top2=1.00000, top4=1.00000
[Train][Epoch 18/100][Iter 155/178] lr=0.025000, loss=0.05445, top1=0.93750, top2=1.00000, top4=1.00000
[Train][Epoch 18/100][Iter 156/178] lr=0.025000, loss=0.00864, top1=1.00000, top2=1.00000, top4=1.00000
[Train][Epoch 18/100][Iter 157/178] lr=0.025000, loss=0.07351, top1=0.93750, top2=1.00000, top4=1.00000
[Train][Epoch 18/100][Iter 158/178] lr=0.025000, loss=0.01708, top1=1.00000, top2=1.00000, top4=1.00000
[Train][Epoch 18/100][Iter 159/178] lr=0.025000, loss=0.44019, top1=0.81250, top2=0.93750, top4=1.00000
[Train][Epoch 18/100][Iter 160/178] lr=0.025000, loss=0.04639, top1=1.00000, top2=1.00000, top4=1.00000
[Train][Epoch 18/100][Iter 161/178] lr=0.025000, loss=0.00635, top1=1.00000, top2=1.00000, top4=1.00000
[Train][Epoch 18/100][Iter 162/178] lr=0.025000, loss=0.01687, top1=1.00000, top2=1.00000, top4=1.00000
[Train][Epoch 18/100][Iter 163/178] lr=0.025000, loss=0.01841, top1=1.00000, top2=1.00000, top4=1.00000
[Train][Epoch 18/100][Iter 164/178] lr=0.025000, loss=0.08406, top1=0.93750, top2=1.00000, top4=1.00000
[Train][Epoch 18/100][Iter 165/178] lr=0.025000, loss=0.07431, top1=1.00000, top2=1.00000, top4=1.00000
[Train][Epoch 18/100][Iter 166/178] lr=0.025000, loss=0.15895, top1=0.93750, top2=1.00000, top4=1.00000
[Train][Epoch 18/100][Iter 167/178] lr=0.025000, loss=0.08168, top1=0.93750, top2=1.00000, top4=1.00000
[Train][Epoch 18/100][Iter 168/178] lr=0.025000, loss=0.18275, top1=0.93750, top2=1.00000, top4=1.00000
[Train][Epoch 18/100][Iter 169/178] lr=0.025000, loss=0.17321, top1=0.93750, top2=0.93750, top4=1.00000
[Train][Epoch 18/100][Iter 170/178] lr=0.025000, loss=0.29637, top1=0.93750, top2=1.00000, top4=1.00000
[Train][Epoch 18/100][Iter 171/178] lr=0.025000, loss=0.20111, top1=0.87500, top2=1.00000, top4=1.00000
[Train][Epoch 18/100][Iter 172/178] lr=0.025000, loss=0.00114, top1=1.00000, top2=1.00000, top4=1.00000
[Train][Epoch 18/100][Iter 173/178] lr=0.025000, loss=0.03151, top1=1.00000, top2=1.00000, top4=1.00000
[Train][Epoch 18/100][Iter 174/178] lr=0.025000, loss=0.01380, top1=1.00000, top2=1.00000, top4=1.00000
[Train][Epoch 18/100][Iter 175/178] lr=0.025000, loss=0.00826, top1=1.00000, top2=1.00000, top4=1.00000
[Train][Epoch 18/100][Iter 176/178] lr=0.025000, loss=0.00261, top1=1.00000, top2=1.00000, top4=1.00000
[Train][Epoch 18/100][Iter 177/178] lr=0.025000, loss=0.02424, top1=1.00000, top2=1.00000, top4=1.00000
[Info] epoch_time=5117.8s
[Eval][Epoch 18] loss=0.13593, top1=0.95365, top2=1.00000, top4=1.00000, time=1286.6s
[Info] saved /mnt/synology/wen.zhou/2026.05/Coordinate_Attention/output/best.pt (top1=0.95365)
[Train][Epoch 19/100][Iter 0/178] lr=0.025000, loss=0.09327, top1=0.93750, top2=1.00000, top4=1.00000
[Train][Epoch 19/100][Iter 1/178] lr=0.025000, loss=0.00859, top1=1.00000, top2=1.00000, top4=1.00000
[Train][Epoch 19/100][Iter 2/178] lr=0.025000, loss=0.02689, top1=1.00000, top2=1.00000, top4=1.00000
[Train][Epoch 19/100][Iter 3/178] lr=0.025000, loss=0.01151, top1=1.00000, top2=1.00000, top4=1.00000
[Train][Epoch 19/100][Iter 4/178] lr=0.025000, loss=0.00845, top1=1.00000, top2=1.00000, top4=1.00000
[Train][Epoch 19/100][Iter 5/178] lr=0.025000, loss=0.01650, top1=1.00000, top2=1.00000, top4=1.00000
[Train][Epoch 19/100][Iter 6/178] lr=0.025000, loss=0.12176, top1=0.93750, top2=1.00000, top4=1.00000
[Train][Epoch 19/100][Iter 7/178] lr=0.025000, loss=0.04608, top1=1.00000, top2=1.00000, top4=1.00000
[Train][Epoch 19/100][Iter 8/178] lr=0.025000, loss=0.00796, top1=1.00000, top2=1.00000, top4=1.00000
[Train][Epoch 19/100][Iter 9/178] lr=0.025000, loss=0.01211, top1=1.00000, top2=1.00000, top4=1.00000
[Train][Epoch 19/100][Iter 10/178] lr=0.025000, loss=0.01457, top1=1.00000, top2=1.00000, top4=1.00000
[Train][Epoch 19/100][Iter 11/178] lr=0.025000, loss=0.08553, top1=0.93750, top2=1.00000, top4=1.00000
[Train][Epoch 19/100][Iter 12/178] lr=0.025000, loss=0.08204, top1=1.00000, top2=1.00000, top4=1.00000
[Train][Epoch 19/100][Iter 13/178] lr=0.025000, loss=0.11033, top1=0.93750, top2=1.00000, top4=1.00000
[Train][Epoch 19/100][Iter 14/178] lr=0.025000, loss=0.02996, top1=1.00000, top2=1.00000, top4=1.00000
[Train][Epoch 19/100][Iter 15/178] lr=0.025000, loss=0.01044, top1=1.00000, top2=1.00000, top4=1.00000
[Train][Epoch 19/100][Iter 16/178] lr=0.025000, loss=0.01074, top1=1.00000, top2=1.00000, top4=1.00000
[Train][Epoch 19/100][Iter 17/178] lr=0.025000, loss=0.01782, top1=1.00000, top2=1.00000, top4=1.00000
[Train][Epoch 19/100][Iter 18/178] lr=0.025000, loss=0.02647, top1=1.00000, top2=1.00000, top4=1.00000
[Train][Epoch 19/100][Iter 19/178] lr=0.025000, loss=0.00932, top1=1.00000, top2=1.00000, top4=1.00000
[Train][Epoch 19/100][Iter 20/178] lr=0.025000, loss=0.01578, top1=1.00000, top2=1.00000, top4=1.00000
[Train][Epoch 19/100][Iter 21/178] lr=0.025000, loss=0.09367, top1=0.93750, top2=1.00000, top4=1.00000
[Train][Epoch 19/100][Iter 22/178] lr=0.025000, loss=0.03300, top1=1.00000, top2=1.00000, top4=1.00000
[Train][Epoch 19/100][Iter 23/178] lr=0.025000, loss=0.00843, top1=1.00000, top2=1.00000, top4=1.00000
[Train][Epoch 19/100][Iter 24/178] lr=0.025000, loss=0.40791, top1=0.87500, top2=1.00000, top4=1.00000
[Train][Epoch 19/100][Iter 25/178] lr=0.025000, loss=0.00922, top1=1.00000, top2=1.00000, top4=1.00000
[Train][Epoch 19/100][Iter 26/178] lr=0.025000, loss=0.01900, top1=1.00000, top2=1.00000, top4=1.00000
[Train][Epoch 19/100][Iter 27/178] lr=0.025000, loss=0.01550, top1=1.00000, top2=1.00000, top4=1.00000
[Train][Epoch 19/100][Iter 28/178] lr=0.025000, loss=0.00052, top1=1.00000, top2=1.00000, top4=1.00000
[Train][Epoch 19/100][Iter 29/178] lr=0.025000, loss=0.03256, top1=1.00000, top2=1.00000, top4=1.00000
[Train][Epoch 19/100][Iter 30/178] lr=0.025000, loss=0.06037, top1=1.00000, top2=1.00000, top4=1.00000
[Train][Epoch 19/100][Iter 31/178] lr=0.025000, loss=0.09289, top1=0.93750, top2=1.00000, top4=1.00000
[Train][Epoch 19/100][Iter 32/178] lr=0.025000, loss=0.06096, top1=1.00000, top2=1.00000, top4=1.00000
[Train][Epoch 19/100][Iter 33/178] lr=0.025000, loss=0.07307, top1=0.93750, top2=1.00000, top4=1.00000
[Train][Epoch 19/100][Iter 34/178] lr=0.025000, loss=0.01086, top1=1.00000, top2=1.00000, top4=1.00000
[Train][Epoch 19/100][Iter 35/178] lr=0.025000, loss=0.70908, top1=0.87500, top2=1.00000, top4=1.00000
[Train][Epoch 19/100][Iter 36/178] lr=0.025000, loss=0.10303, top1=0.93750, top2=1.00000, top4=1.00000
[Train][Epoch 19/100][Iter 37/178] lr=0.025000, loss=0.12659, top1=0.93750, top2=1.00000, top4=1.00000
[Train][Epoch 19/100][Iter 38/178] lr=0.025000, loss=0.05168, top1=1.00000, top2=1.00000, top4=1.00000
[Train][Epoch 19/100][Iter 39/178] lr=0.025000, loss=0.06293, top1=1.00000, top2=1.00000, top4=1.00000
[Train][Epoch 19/100][Iter 40/178] lr=0.025000, loss=0.05347, top1=1.00000, top2=1.00000, top4=1.00000
[Train][Epoch 19/100][Iter 41/178] lr=0.025000, loss=0.03493, top1=1.00000, top2=1.00000, top4=1.00000
[Train][Epoch 19/100][Iter 42/178] lr=0.025000, loss=0.01178, top1=1.00000, top2=1.00000, top4=1.00000
[Train][Epoch 19/100][Iter 43/178] lr=0.025000, loss=0.04442, top1=1.00000, top2=1.00000, top4=1.00000
[Train][Epoch 19/100][Iter 44/178] lr=0.025000, loss=0.09868, top1=0.93750, top2=1.00000, top4=1.00000
[Train][Epoch 19/100][Iter 45/178] lr=0.025000, loss=0.04599, top1=1.00000, top2=1.00000, top4=1.00000
[Train][Epoch 19/100][Iter 46/178] lr=0.025000, loss=0.07244, top1=1.00000, top2=1.00000, top4=1.00000
[Train][Epoch 19/100][Iter 47/178] lr=0.025000, loss=0.01529, top1=1.00000, top2=1.00000, top4=1.00000
[Train][Epoch 19/100][Iter 48/178] lr=0.025000, loss=0.00453, top1=1.00000, top2=1.00000, top4=1.00000
[Train][Epoch 19/100][Iter 49/178] lr=0.025000, loss=0.25728, top1=0.93750, top2=1.00000, top4=1.00000
[Train][Epoch 19/100][Iter 50/178] lr=0.025000, loss=0.02601, top1=1.00000, top2=1.00000, top4=1.00000
[Train][Epoch 19/100][Iter 51/178] lr=0.025000, loss=0.03216, top1=1.00000, top2=1.00000, top4=1.00000
[Train][Epoch 19/100][Iter 52/178] lr=0.025000, loss=0.02322, top1=1.00000, top2=1.00000, top4=1.00000
[Train][Epoch 19/100][Iter 53/178] lr=0.025000, loss=0.00523, top1=1.00000, top2=1.00000, top4=1.00000
[Train][Epoch 19/100][Iter 54/178] lr=0.025000, loss=0.02302, top1=1.00000, top2=1.00000, top4=1.00000
[Train][Epoch 19/100][Iter 55/178] lr=0.025000, loss=0.00991, top1=1.00000, top2=1.00000, top4=1.00000
[Train][Epoch 19/100][Iter 56/178] lr=0.025000, loss=0.05208, top1=1.00000, top2=1.00000, top4=1.00000
[Train][Epoch 19/100][Iter 57/178] lr=0.025000, loss=0.05192, top1=0.93750, top2=1.00000, top4=1.00000
[Train][Epoch 19/100][Iter 58/178] lr=0.025000, loss=0.01175, top1=1.00000, top2=1.00000, top4=1.00000
[Train][Epoch 19/100][Iter 59/178] lr=0.025000, loss=0.02992, top1=1.00000, top2=1.00000, top4=1.00000
[Train][Epoch 19/100][Iter 60/178] lr=0.025000, loss=0.00415, top1=1.00000, top2=1.00000, top4=1.00000
[Train][Epoch 19/100][Iter 61/178] lr=0.025000, loss=0.00342, top1=1.00000, top2=1.00000, top4=1.00000
[Train][Epoch 19/100][Iter 62/178] lr=0.025000, loss=0.01684, top1=1.00000, top2=1.00000, top4=1.00000
[Train][Epoch 19/100][Iter 63/178] lr=0.025000, loss=0.06106, top1=1.00000, top2=1.00000, top4=1.00000
[Train][Epoch 19/100][Iter 64/178] lr=0.025000, loss=0.04322, top1=1.00000, top2=1.00000, top4=1.00000
[Train][Epoch 19/100][Iter 65/178] lr=0.025000, loss=0.01294, top1=1.00000, top2=1.00000, top4=1.00000
[Train][Epoch 19/100][Iter 66/178] lr=0.025000, loss=0.00194, top1=1.00000, top2=1.00000, top4=1.00000
[Train][Epoch 19/100][Iter 67/178] lr=0.025000, loss=0.18189, top1=0.93750, top2=1.00000, top4=1.00000
[Train][Epoch 19/100][Iter 68/178] lr=0.025000, loss=0.01002, top1=1.00000, top2=1.00000, top4=1.00000
[Train][Epoch 19/100][Iter 69/178] lr=0.025000, loss=0.04155, top1=1.00000, top2=1.00000, top4=1.00000
[Train][Epoch 19/100][Iter 70/178] lr=0.025000, loss=0.01424, top1=1.00000, top2=1.00000, top4=1.00000
[Train][Epoch 19/100][Iter 71/178] lr=0.025000, loss=0.20592, top1=0.93750, top2=1.00000, top4=1.00000
[Train][Epoch 19/100][Iter 72/178] lr=0.025000, loss=0.10040, top1=0.93750, top2=1.00000, top4=1.00000
[Train][Epoch 19/100][Iter 73/178] lr=0.025000, loss=0.00595, top1=1.00000, top2=1.00000, top4=1.00000
[Train][Epoch 19/100][Iter 74/178] lr=0.025000, loss=0.01414, top1=1.00000, top2=1.00000, top4=1.00000
[Train][Epoch 19/100][Iter 75/178] lr=0.025000, loss=0.00369, top1=1.00000, top2=1.00000, top4=1.00000
[Train][Epoch 19/100][Iter 76/178] lr=0.025000, loss=0.01277, top1=1.00000, top2=1.00000, top4=1.00000
[Train][Epoch 19/100][Iter 77/178] lr=0.025000, loss=0.04300, top1=1.00000, top2=1.00000, top4=1.00000
[Train][Epoch 19/100][Iter 78/178] lr=0.025000, loss=0.00745, top1=1.00000, top2=1.00000, top4=1.00000
[Train][Epoch 19/100][Iter 79/178] lr=0.025000, loss=0.09141, top1=0.93750, top2=1.00000, top4=1.00000
[Train][Epoch 19/100][Iter 80/178] lr=0.025000, loss=0.00442, top1=1.00000, top2=1.00000, top4=1.00000
[Train][Epoch 19/100][Iter 81/178] lr=0.025000, loss=0.07699, top1=0.93750, top2=1.00000, top4=1.00000
[Train][Epoch 19/100][Iter 82/178] lr=0.025000, loss=0.01350, top1=1.00000, top2=1.00000, top4=1.00000
[Train][Epoch 19/100][Iter 83/178] lr=0.025000, loss=0.00907, top1=1.00000, top2=1.00000, top4=1.00000
[Train][Epoch 19/100][Iter 84/178] lr=0.025000, loss=0.19860, top1=0.87500, top2=1.00000, top4=1.00000
[Train][Epoch 19/100][Iter 85/178] lr=0.025000, loss=0.01451, top1=1.00000, top2=1.00000, top4=1.00000
[Train][Epoch 19/100][Iter 86/178] lr=0.025000, loss=0.03831, top1=1.00000, top2=1.00000, top4=1.00000
[Train][Epoch 19/100][Iter 87/178] lr=0.025000, loss=0.01004, top1=1.00000, top2=1.00000, top4=1.00000
[Train][Epoch 19/100][Iter 88/178] lr=0.025000, loss=0.00526, top1=1.00000, top2=1.00000, top4=1.00000
[Train][Epoch 19/100][Iter 89/178] lr=0.025000, loss=0.03167, top1=1.00000, top2=1.00000, top4=1.00000
[Train][Epoch 19/100][Iter 90/178] lr=0.025000, loss=0.00800, top1=1.00000, top2=1.00000, top4=1.00000
[Train][Epoch 19/100][Iter 91/178] lr=0.025000, loss=0.00563, top1=1.00000, top2=1.00000, top4=1.00000
[Train][Epoch 19/100][Iter 92/178] lr=0.025000, loss=0.07859, top1=0.93750, top2=1.00000, top4=1.00000
[Train][Epoch 19/100][Iter 93/178] lr=0.025000, loss=0.02501, top1=1.00000, top2=1.00000, top4=1.00000
[Train][Epoch 19/100][Iter 94/178] lr=0.025000, loss=0.01873, top1=1.00000, top2=1.00000, top4=1.00000
[Train][Epoch 19/100][Iter 95/178] lr=0.025000, loss=0.05086, top1=1.00000, top2=1.00000, top4=1.00000
[Train][Epoch 19/100][Iter 96/178] lr=0.025000, loss=0.03843, top1=1.00000, top2=1.00000, top4=1.00000
[Train][Epoch 19/100][Iter 97/178] lr=0.025000, loss=0.00298, top1=1.00000, top2=1.00000, top4=1.00000
[Train][Epoch 19/100][Iter 98/178] lr=0.025000, loss=0.00282, top1=1.00000, top2=1.00000, top4=1.00000
[Train][Epoch 19/100][Iter 99/178] lr=0.025000, loss=0.00764, top1=1.00000, top2=1.00000, top4=1.00000
[Train][Epoch 19/100][Iter 100/178] lr=0.025000, loss=0.12277, top1=0.93750, top2=1.00000, top4=1.00000
[Train][Epoch 19/100][Iter 101/178] lr=0.025000, loss=0.05850, top1=0.93750, top2=1.00000, top4=1.00000
[Train][Epoch 19/100][Iter 102/178] lr=0.025000, loss=0.00433, top1=1.00000, top2=1.00000, top4=1.00000
[Train][Epoch 19/100][Iter 103/178] lr=0.025000, loss=0.13527, top1=0.93750, top2=1.00000, top4=1.00000
[Train][Epoch 19/100][Iter 104/178] lr=0.025000, loss=0.24272, top1=0.93750, top2=1.00000, top4=1.00000
[Train][Epoch 19/100][Iter 105/178] lr=0.025000, loss=0.07324, top1=0.93750, top2=1.00000, top4=1.00000
[Train][Epoch 19/100][Iter 106/178] lr=0.025000, loss=0.00221, top1=1.00000, top2=1.00000, top4=1.00000
[Train][Epoch 19/100][Iter 107/178] lr=0.025000, loss=0.00686, top1=1.00000, top2=1.00000, top4=1.00000
[Train][Epoch 19/100][Iter 108/178] lr=0.025000, loss=0.02222, top1=1.00000, top2=1.00000, top4=1.00000
[Train][Epoch 19/100][Iter 109/178] lr=0.025000, loss=0.11276, top1=0.93750, top2=1.00000, top4=1.00000
[Train][Epoch 19/100][Iter 110/178] lr=0.025000, loss=0.00631, top1=1.00000, top2=1.00000, top4=1.00000
[Train][Epoch 19/100][Iter 111/178] lr=0.025000, loss=0.14091, top1=0.93750, top2=1.00000, top4=1.00000
[Train][Epoch 19/100][Iter 112/178] lr=0.025000, loss=0.00916, top1=1.00000, top2=1.00000, top4=1.00000
[Train][Epoch 19/100][Iter 113/178] lr=0.025000, loss=0.03788, top1=1.00000, top2=1.00000, top4=1.00000
[Train][Epoch 19/100][Iter 114/178] lr=0.025000, loss=0.03883, top1=1.00000, top2=1.00000, top4=1.00000
[Train][Epoch 19/100][Iter 115/178] lr=0.025000, loss=0.25426, top1=0.81250, top2=1.00000, top4=1.00000
[Train][Epoch 19/100][Iter 116/178] lr=0.025000, loss=0.00217, top1=1.00000, top2=1.00000, top4=1.00000
[Train][Epoch 19/100][Iter 117/178] lr=0.025000, loss=0.05358, top1=1.00000, top2=1.00000, top4=1.00000
